contract_uid,contract_number,contractor_raw,ticker,service_branch,work_description,contracting_activity,first_event_date,last_event_date,n_events,n_modifications,initial_value_usd,total_actioned_usd,ceiling_usd,history_complete,built_at
02730af56ab9b288,HT003826DE002,"A Square Group LLC,*",,OTHER,"All services and materials necessary to support the on-demand deployment of products within the Program Executive Office, Defense Healthcare Management Systems portfolio and related supporting components.","The Defense Health Agency Contracting Office, Arlington, Virginia",2026-07-30,2026-07-30,1,0,300000000,300000000,,true,2026-09-02 18:11:08
a408886add545fc4,N6134021D0005,A. Harold and Associates LLC,,NAVY,Curriculum revision and maintenance services for Navy and non-Navy training programs at Navy and Marine Corps sites worldwide.,"Naval Air Warfare Center Training Systems Division, Orlando, Florida",2026-07-27,2026-07-27,1,1,,70000000,160000000,false,2026-09-02 18:11:08
bc86c66b9985881c,W9126F-26-D-A031,"AEC-Weston JV LLC,*",,ARMY,Environmental remediation services under a multi-award indefinite-delivery contract.,"U.S. Army Corps of Engineers, Omaha, Nebraska",2026-07-10,2026-07-10,1,0,249000000,249000000,,true,2026-09-02 18:11:08
c4adfb975056e79c,FA8501-25-C-0005,"Aleut Construction LLC,*",,AIR FORCE,Provide a narrow body paint booth.,"Air Force Materiel Command Operational Contracting, Robins AFB, Warner Robins, Georgia",2026-08-31,2026-08-31,1,1,,52525333,56116956,false,2026-09-02 18:11:08
a896b0d55c00bcc8,W51AA1-26-C-A006,Analog Devices Federal LLC,ADI,ARMY,New production and battery refresh of the KOV-21 cryptographic card module.,"Army Contracting Command, Aberdeen Proving Ground, Maryland",2026-06-25,2026-06-25,1,0,15149638,15149638,,true,2026-09-02 18:11:08
5589e186988af584,N39430-26D-2001,Aptim Federal Services LLC,,NAVY,"Construction, maintenance, repair, and engineering services for pipelines, fuel storage tanks, and associated petroleum oil lubricant facilities and equipment.","Naval Facilities Engineering and Expeditionary Warfare Center, Port Hueneme, California",2026-08-21,2026-08-21,1,0,997000000,997000000,,true,2026-09-02 18:11:08
b3802b7b9c9e266f,FA8903-26-D-0041,Artisan Consulting Engineers LLC,,AIR FORCE,"Roofing, repair, and replacement services including low-slope, steep-slope, and metal roofing system work.","772nd Enterprise Sourcing Squadron, Joint Base San Antonio–Lackland, Texas",2026-06-29,2026-06-29,1,0,450000000,450000000,,true,2026-09-02 18:11:08
8fccf2673e2e94a5,W91238-26-D-A004,"Ava Gov LLC,*",,ARMY,Mitigation and vegetation clearing efforts within the Sacramento District Civil Works Area of Responsibility.,"U.S. Army Corps of Engineers, Sacramento, California",2026-06-25,2026-06-25,1,0,99000000,99000000,,true,2026-09-02 18:11:08
17e87858a3e5fc5b,W911NF-26-D-A007,"BCA Federal LLC,*",,ARMY,"Establish and strengthen networks connecting the United States Department of War, United States Army Combat Capabilities Development Command Army Research Laboratory, and government partners with academia, industry, and other government agencies through science and technology education outreach initiatives.","U.S. Army Contracting Command, Aberdeen Proving Ground, Maryland",2026-06-26,2026-06-26,1,0,49000000,49000000,,true,2026-09-02 18:11:08
6a5bf1b676bbe279,SPE1C1-26-D-0071,"Bethel Industries Inc.,*",,DEFENSE LOGISTICS AGENCY,Snow camouflage parkas.,"Defense Logistics Agency Troop Support, Philadelphia, Pennsylvania",2026-07-31,2026-07-31,1,0,18532500,18532500,,true,2026-09-02 18:11:08
7c45dab73a7cdd59,FA8903-26-D-0015,Blue Frog Roofing Ltd.,,AIR FORCE,"Roofing, repair, and replacement services including low-slope, steep-slope, and metal roofing system work.","772nd Enterprise Sourcing Squadron, Joint Base San Antonio–Lackland, Texas",2026-06-29,2026-06-29,1,0,450000000,450000000,,true,2026-09-02 18:11:08
3227090b9d73693b,HTC71126CE129,Booze Allen Hamilton Inc.,BAH,OTHER,"Services to implement an integrated, Zero Trust-aligned cybersecurity ecosystem across U.S. Transportation Command to achieve Department of War Zero Trust Target Level compliance.","USTRANSCOM, Scott Air Force Base, Illinois",2026-07-01,2026-07-01,1,0,13670047,13670047,13670047,true,2026-09-02 18:11:08
e125c712506b5ef9,N6833526G1010,"Compass Systems Inc.,*",,NAVY,"Phase III SBIR effort for autonomous and intelligent aircraft maintenance technologies, transitioning proven technologies to operational deployment across Fleet Readiness Centers.","Naval Air Warfare Center Aircraft Division, Lakehurst, New Jersey",2026-07-28,2026-07-28,1,0,49896823,49896823,,true,2026-09-02 18:11:08
6f7abe81ba9a7008,FA853226DB012,DEVAL,,AIR FORCE,Next generation aerospace and ground equipment to modernize and source aerospace and ground equipment.,"Air Force Material Command Air Force Life Cycle Management Center, Support Equipment and Vehicles, Robins Air Force Base, Warner Robins, Georgia",2026-08-17,2026-08-17,1,0,920000000,920000000,,true,2026-09-02 18:11:08
7bf4b5d354fcdbcf,N6339422C0008,"Design West Technologies Inc.,*",,NAVY,"Manufacture, assembly, test, and delivery of a Vertical Launching System Motor Control Panel, a Status Panel, and associated kits.","Naval Surface Warfare Center Port Hueneme Division, Port Hueneme, California",2026-07-24,2026-07-24,1,1,,33844993,,false,2026-09-02 18:11:08
e4220a7bf94cd501,FA8250-26-D-B005,Elbit America Inc.,ESLT,AIR FORCE,Repair services for the 415th Supply Chain Management Squadron.,"The Air Force Sustainment Center, Hill Air Force Base, Utah",2026-07-30,2026-07-30,1,0,300000000,300000000,,true,2026-09-02 18:11:08
e852f7096026fbd5,FA8527-26-F-B024,Environmental Systems Research Institute Inc.,,AIR FORCE,ArcGIS software licenses and embedded innovation engineers support.,"Air Force Lifecycle Management Center, Warner Robins, Georgia",2026-07-16,2026-07-16,1,0,62058967,62058967,,true,2026-09-02 18:11:08
a62d22e5352cf004,N6600126R0104,ExpediteInfoTech Inc.,,NAVY,"Operational exercise design and construction, operations and requirements analysis, concept formulation and development, feasibility demonstrations, and operational and technical support including systems engineering, requirements verification and validation, software and hardware design, systems integration, test and evaluation, and DevSecOps methodologies.","Naval Information Warfare Center Pacific, San Diego, California",2026-08-13,2026-08-13,1,0,278000000,278000000,400000000,true,2026-09-02 18:11:08
2d655de34a258ea1,W912PL-26-D-A006,"FedVet Construction,*",,ARMY,Construction activities in the Southern California footprint.,"U.S. Army Corps of Engineers, Los Angeles, California",2026-06-25,2026-06-25,1,0,99000000,99000000,,true,2026-09-02 18:11:08
1731d4e240ef55eb,W91CRB-26-D-A017,"Hardwire LLC,*",,ARMY,Small arms protective inserts.,"Army Contracting Command, Aberdeen Proving Ground, Maryland",2026-07-23,2026-07-23,1,0,35000000,35000000,,true,2026-09-02 18:11:08
c92ba5abcc0b8b9d,N0016426DJN21,"Hornady Manufacturing Co.,*",,NAVY,"7.62mm special long-range, MK 316 MOD 0 ammunition.","Naval Surface Warfare Center, Crane Division, Crane, Indiana",2026-06-30,2026-06-30,1,0,35410312,35410312,,true,2026-09-02 18:11:08
cca68662ca013112,W50S8H-26-D-A018,"Iron Sword Enterprises LLC,*",,ARMY,"Maintenance, repair, and construction services at various locations.","U.S. Property and Fiscal Office, New York",2026-06-29,2026-06-29,1,0,45000000,45000000,,true,2026-09-02 18:11:08
97d80f6062dd1125,W9128F-26-D-A042,"Jack Wayte CMS JV,*",,ARMY,"Design-build and design-bid-build construction services in support of the Petroleum, Oil, and Lubricants Mandatory Center of Expertise.","U.S. Army Corps of Engineers, Omaha, Nebraska",2026-08-06,2026-08-06,1,0,699000000,699000000,,true,2026-09-02 18:11:08
6f8b9ca4ed719e43,W31P4Q-26-F-0112,KBR Wyle Services LLC,,ARMY,"Systems engineering and technical assistance services including digital transformation, program management, engineering, software, cybersecurity, and logistics support for multiple air and ground-launched weapon systems.","Army Contracting Command, Redstone Arsenal, Alabama",2026-06-22,2026-06-22,1,0,35976057,35976057,207915330,true,2026-09-02 18:11:08
de0b6fbdda28cc6d,N00024-24-C-6200,L3Harris Corp.,LHX,NAVY,Navy equipment and components and engineering support through option exercise on previously awarded contract.,"Naval Sea Systems Command, Washington, D.C.",2026-07-13,2026-07-13,1,1,,70822613,,false,2026-09-02 18:11:08
d5b342443f47b1dc,N00024-23-C-5206,L3Harris Technologies Communication Systems – West,LHX,NAVY,"Develop, test, manufacture, deliver, manage, and support the AN/SRQ-4 Radio Terminal Set Common Data Link Hawklink on Navy surface combatants exercising the option.","Naval Sea Systems Command, Washington, D.C.",2026-06-23,2026-06-23,1,1,,12220633,,false,2026-09-02 18:11:08
a4877189943a90b8,FA255326DB005,L3Harris Technologies Inc.,LHX,AIR FORCE,"Support to space and ground-based engineering activities to enhance test, evaluation, and training operations for the National Space Test and Training Complex Innovative Technology and Engineering - Space Test and Range Capability Development.","The Space Systems Command, Operational Test and Training Infrastructure, Colorado Springs, Colorado",2026-07-30,2026-07-30,1,0,981000000,981000000,,true,2026-09-02 18:11:08
8189851893635df2,W31P4Q-25-D-0010,Lockheed Martin Corp.,LMT,ARMY,"Increase production capacity of Precision Strike Missiles Increment One and procure Early Operational Capability assets, follow-on production, development, and obsolescence management.","Army Contracting Command, Redstone Arsenal, Alabama",2026-06-23,2026-06-23,1,1,,8402489648,13339535048,false,2026-09-02 18:11:08
b7451e9867243487,W912CH-26-D-0048,Luxfer Magtech Inc.,LXFR,ARMY,Procurement of the M256A2 Chemical Agent Detector Kit.,"Army Contracting Command, Detroit Arsenal, Michigan",2026-08-06,2026-08-06,1,0,10078777,10078777,,true,2026-09-02 18:11:08
a657dd2140cd041f,W912P7-26-C-A019,Manson Construction Co.,,ARMY,Oakland Inner and Outer Harbor fiscal 2026 maintenance dredging project.,"U.S. Army Corps of Engineers, San Francisco, California",2026-07-13,2026-07-13,1,0,12909775,12909775,,true,2026-09-02 18:11:08
442689725ff82fa1,HTC71124DW011/P0009,Matson Navigation Co. Inc.,MATX,OTHER,"International ocean and intermodal, time definite, port-to-port, and door-to-door transportation services for containerized and breakbulk cargo under the Universal Services Contract-10 program.","The U.S. Transportation Command, Directorate of Acquisition, Scott Air Force Base, Illinois",2026-07-15,2026-07-15,1,0,800000000,800000000,2325000000,true,2026-09-02 18:11:08
79e8e40774ecb6fb,W912HY-26-C-A024,"Muddy Water Dredging LP,*",,ARMY,Gulf Intracoastal Waterway dredging with beneficial use of sediment pipeline placement.,"U.S. Army Corps of Engineers, Galveston, Texas",2026-07-21,2026-07-21,1,0,10216720,10216720,,true,2026-09-02 18:11:08
ff27004ddca35a62,W9128F-26-D-A027,"North Wind Site Services LLC,*",,ARMY,Environmental remediation services under a multi-award indefinite-delivery contract.,"U.S. Army Corps of Engineers, Omaha, Nebraska",2026-07-10,2026-07-10,1,0,249000000,249000000,,true,2026-09-02 18:11:08
8a199f56ba886286,W912PL-26-D-A008,"Patricia I. Romero Inc.,*",,ARMY,Construction activities in the Southern California footprint.,"U.S. Army Corps of Engineers, Los Angeles, California",2026-06-25,2026-06-25,1,0,99000000,99000000,,true,2026-09-02 18:11:08
49b78bc9263fff32,HT003826DE011,Peraton Inc.,,OTHER,"All services and materials necessary to support the on-demand deployment of products within the Program Executive Office, Defense Healthcare Management Systems portfolio and related supporting components.","The Defense Health Agency Contracting Office, Arlington, Virginia",2026-07-30,2026-07-30,1,0,300000000,300000000,,true,2026-09-02 18:11:08
5b3644f83f5eb6a8,W91QF4-26-D-A006,Pride Industries,,ARMY,Custodial services.,"Army Field Directorate Office, Fort Eustis, Virginia",2026-07-08,2026-07-08,1,0,12988778,12988778,,true,2026-09-02 18:11:08
222371411e20b6f0,FA8250-26-D-B016,Pro-Comm Inc.,,AIR FORCE,Repair services for the 415th Supply Chain Management Squadron.,"The Air Force Sustainment Center, Hill Air Force Base, Utah",2026-07-30,2026-07-30,1,0,300000000,300000000,,true,2026-09-02 18:11:08
228f2ab6e4e3820b,FA8811-26-D-B002,Relativity Federal Inc.,,AIR FORCE,Provide launch services delivering National Security Space payloads into their intended orbits under a multiple-award IDIQ contract.,"Space Systems Command, Space Access, Los Angeles Air Force Base, California",2026-07-07,2026-07-07,1,0,10000000,10000000,5600000000,true,2026-09-02 18:11:08
2c1b65bfb2a417c5,N39430-26-D-2019,"Robert and Co. Inc.,*",,NAVY,"Provide petroleum, oil and lubricants engineering and design services for systems and supporting facilities at various Navy and Marine Corps installations worldwide.","Naval Facilities Engineering and Expeditionary Warfare Center, Port Hueneme, California",2026-08-31,2026-08-31,1,0,145000000,145000000,,true,2026-09-02 18:11:08
d33a432b4a215ea6,SPE605-26-D-8523,Royal Aquarian Consultancy Inc.,,DEFENSE LOGISTICS AGENCY,Various types of fuel.,"Defense Logistics Agency Energy, Fort Belvoir, Virginia",2026-08-21,2026-08-21,1,0,18294536,18294536,,true,2026-09-02 18:11:08
be8f65ee45adebfd,N44255-26-D-1508,SLSCO Ltd.,,NAVY,"New construction, renovation, alteration, demolition, and repair work for marine piers and facilities at various locations within the Naval Facilities Engineering Systems Command Northwest area of operations.","Naval Facilities Engineering Systems Command Northwest, Silverdale, Washington",2026-07-30,2026-07-30,1,0,700000000,700000000,,true,2026-09-02 18:11:08
55c963616cae94de,N0017422D0006,Serco Inc.,,NAVY,Support for field additional Close-In Weapon Systems and Counter Unmanned Aerial Systems.,"Navy Surface Warfare Center Indian Head Division, Indian Head, Maryland",2026-07-16,2026-07-16,1,1,,25000000,,false,2026-09-02 18:11:08
f6296630a5c7d8d5,FA8730-26-C-B004,Small Business Consulting Corp.,,AIR FORCE,"Commercial engagement for Airman Readiness Enterprise Solution platform integration, providing comprehensive data engineering analytics and program management.","The Air Force Life Cycle Management Center, Hanscom Air Force Base, Massachusetts",2026-07-08,2026-07-08,1,0,19338069,19338069,,true,2026-09-02 18:11:08
fa2fcfce94373615,W9124C-25-D-A003,South Carolina Commission for the Blind,,ARMY,"Provide full food services including all supervision, labor, personnel, equipment, materials and supplies for operational services of eleven Army dining facilities.","Army 419th Contracting Support Brigade, Fort Jackson, South Carolina",2026-08-31,2026-08-31,1,1,,180000000,280000000,false,2026-09-02 18:11:08
7835f30cd3281449,FA4887-26-D-0009,Spees-Reid Middleton JV LLC,,AIR FORCE,"Multidisciplinary architect-engineer services including mechanical, electrical, fire protection, civil, structural, and architectural engineering Title I and Title II services to support various locations in Arizona.","56th Contracting Squadron, Luke Air Force Base, Arizona",2026-08-03,2026-08-03,1,0,25000000,25000000,,true,2026-09-02 18:11:08
c750bf736ad72019,N40084-26-D-1508,Sumiju Yokosuka Kogyo Co. Ltd.,,NAVY,"Project design, construction, renovation, modernization, repair, and maintenance projects at U.S. government installations.","Naval Facilities Engineering Systems Command, Far East, Yokosuka, Japan",2026-07-30,2026-07-30,1,0,1000000000,1000000000,,true,2026-09-02 18:11:08
f6e6943413604ab2,HT001125C0076,Synensys LLC,,OTHER,Defense Health Agency Deputy Assistant Director - Medical Affairs Patient Safety Program services including patient safety personnel and training at military medical treatment facilities.,"Defense Health Agency, Professional Services Contracting Division, Falls Church, Virginia",2026-07-22,2026-07-22,1,1,,9391875,,false,2026-09-02 18:11:08
1c71e9cb0a78b959,FA8903-26-D-0024,Tabcon Inc.,,AIR FORCE,"Roofing, repair, and replacement services including low-slope, steep-slope, and metal roofing system work.","772nd Enterprise Sourcing Squadron, Joint Base San Antonio–Lackland, Texas",2026-06-29,2026-06-29,1,0,450000000,450000000,,true,2026-09-02 18:11:08
121e790129f351d2,FA8629-26-D-B006,Tandem Defense,,AIR FORCE,"Ancillary support equipment, operator training, and field service representative support for group one aerial denial unmanned aircraft systems under an indefinite-delivery/indefinite-quantity contract.","The Air Force Life Cycle Management Center, Wright-Patterson Air Force Base, Ohio",2026-07-20,2026-07-20,1,0,90000000,90000000,,true,2026-09-02 18:11:08
b0038da195ff907d,W912PB-26-D-A027,Tidewater Inc.,,ARMY,"Facility sustainment, restoration, and modernization construction services across Army installations in Germany.","Army 409th Contracting Support Brigade, Kaiserslautern, Germany",2026-08-14,2026-08-14,1,0,249000000,249000000,,true,2026-09-02 18:11:08
c3b5df5ed1ff8784,FA3016-26-D-0024,Triad Healthcare Solutions LLC,,AIR FORCE,Aerospace healthcare professionals to support Air Force Accessions Center medical evaluation review board.,"The 502nd Contracting Squadron, Joint Base San Antonio-Randolph, Texas",2026-07-21,2026-07-21,1,0,9000000,9000000,,true,2026-09-02 18:11:08
ea82e024a8940d50,FA9453-26-C-X018,Trusted Space LLC,,AIR FORCE,"Research, development, software maturation, testing, and on-orbit demonstration of autonomy software prototypes for the Resilient and Autonomous Satellite Experimental Research program.","Air Force Research Laboratory, Kirtland Air Force Base, New Mexico",2026-08-19,2026-08-19,1,0,14831233,14831233,,true,2026-09-02 18:11:08
0f0de0653ad74f32,FA8730-26-9-B004,Vivsoft Technologies LLC,,AIR FORCE,"Modernization of the Department's aircrew scheduling, training management, and standardization and evaluation capabilities.","Air Force Life Cycle Management Center, Hanscom Air Force Base, Massachusetts",2026-07-28,2026-07-28,1,0,100000000,100000000,,true,2026-09-02 18:11:08
716f701e855633d0,N3220526C1247,Waterman Transport Inc.,,NAVY,"64-day time charter of two U.S. flag, self-sustaining roll-on/roll-off vessels capable of carrying a minimum of 110,000 square feet of military cargo.","Military Sealift Command, Norfolk, Virginia",2026-07-20,2026-07-20,1,0,16016000,16016000,,true,2026-09-02 18:11:08
9889e40849c0ac45,FA8903-26-D-0029,Willkompany Inc.,,AIR FORCE,"Roofing, repair, and replacement services for low-slope, steep-slope, and metal roofing systems at Air Force installations.","772nd Enterprise Sourcing Squadron, Joint Base San Antonio–Lackland, Texas",2026-07-31,2026-07-31,1,0,450000000,450000000,,true,2026-09-02 18:11:08
842e79b717e6453f,W91236-26-D-A003,"Zapata Group Inc.,*",,ARMY,Broad range of architect and engineering services to support construction projects located primarily in the Norfolk District area of responsibility and the North Atlantic Division.,"U.S. Army Corps of Engineers, Norfolk, Virginia",2026-06-23,2026-06-23,1,0,45000000,45000000,45000000,true,2026-09-02 18:11:08
f2b8378ef7343ce5,W31P4Q-25-F-0159,DigiFlight Inc.,,ARMY,Programmatic support services.,"Army Contracting Command, Redstone Arsenal, Alabama",2026-07-28,2026-07-28,1,1,,20754958,,false,2026-09-02 18:11:08
7f657bdc6dd8a27d,W912HY-26-D-A024,Great Lakes Dredge & Dock Co. LLC,GLDD,ARMY,Pipeline dredging projects within the U.S. Army Corps of Engineers Galveston District boundary.,"U.S. Army Corps of Engineers, Galveston, Texas",2026-08-03,2026-08-03,1,0,95000000,95000000,,true,2026-09-02 18:11:08
d10215c47be8cbf8,W9126G-26-D-A045,"Millburn Harbor Inc.,*",,ARMY,"Professional real estate negotiation services for properties located within Texas, Arizona, California, Louisiana, and New Mexico.","U.S. Army Corps of Engineers, Fort Worth, Texas",2026-07-02,2026-07-02,1,0,99000000,99000000,99000000,true,2026-09-02 18:11:08
c6877daf3ef0e1c6,W912CH-26-D-0060,Sechan Electronics Inc.,,ARMY,Repair services for the Paladin Digital Fire Control System for M109A6 Self Propelled Howitzers.,"Army Contracting Command, Detroit Arsenal, Michigan",2026-08-10,2026-08-10,1,0,22119790,22119790,,true,2026-09-02 18:11:08
0510ab8ef2b20007,FA8250-26-D-B010,Serco Inc.,,AIR FORCE,Repair services for the 415th Supply Chain Management Squadron.,"The Air Force Sustainment Center, Hill Air Force Base, Utah",2026-07-30,2026-07-30,1,0,300000000,300000000,,true,2026-09-02 18:11:08
10b9ad02f96580c3,W31P4Q-23-F-B002,Torch Technologies,,ARMY,Missile systems technical support.,"Army Contracting Command, Redstone Arsenal, Alabama",2026-08-26,2026-08-26,1,1,,11998386,,false,2026-09-02 18:11:08
27040ed5f4e729d5,W912HY-26-D-A030,Weeks Marine Inc.,,ARMY,Pipeline dredging projects within the U.S. Army Corps of Engineers Galveston District boundary.,"U.S. Army Corps of Engineers, Galveston, Texas",2026-08-03,2026-08-03,1,0,95000000,95000000,,true,2026-09-02 18:11:08
2694cf94c86be049,W912DY-26-D-A038,AECOM Technical Services Inc.,ACM,ARMY,"Maintenance and support of the Remedial Action Cost Engineering and Requirements, and Parametric Automated Cost Engineering System software systems used for parametric cost estimating in environmental sustainment, management, remediation and facility projects.","U.S. Army Corps of Engineers' Engineering and Support Center, Huntsville, Alabama",2026-08-26,2026-08-26,1,0,30674435,30674435,,true,2026-09-02 18:11:08
00a0d4e620080608,N00024-21-C-6425,General Dynamics Mission Systems,GD,NAVY,Procurement of 188 additional Hammerhead units and eight complementary peculiar support equipment sets.,"Naval Sea Systems Command, Washington, D.C.",2026-07-31,2026-07-31,1,1,,229658178,,false,2026-09-02 18:11:08
266c0d12d5b0221e,W9127S-22-D-0026,Great Lakes Dredge & Dock Co. LLC,GLDD,ARMY,"Long-term capability, station dredging on the McClellan-Kerr Arkansas River Navigation System.","U.S. Army Corps of Engineers, Little Rock, Arkansas",2026-08-19,2026-08-19,1,1,,12275250,59134410,false,2026-09-02 18:11:08
bddc5eb8029309b3,N6600126R0109,Leidos Inc.,LDOS,NAVY,"Operational exercise design and construction, operations and requirements analysis, concept formulation and development, feasibility demonstrations, and operational and technical support including systems engineering, requirements verification and validation, software and hardware design, systems integration, test and evaluation, and DevSecOps methodologies.","Naval Information Warfare Center Pacific, San Diego, California",2026-08-13,2026-08-13,1,0,278000000,278000000,400000000,true,2026-09-02 18:11:08
729b652f138659a8,N00024-19-D-6200,Lockheed Martin Corp.,LMT,NAVY,Production of submarine electronic warfare systems on new construction and in-service submarines.,"Naval Sea Systems Command, Washington, D.C.",2026-07-09,2026-07-09,1,0,48964213,48964213,,true,2026-09-02 18:11:08
c64b23fc93ebb518,N00104-26-C-K215,Lockheed Martin Corp.,LMT,NAVY,Refurbish 44 5W83 VLA thrust vectors and 44 VH07 VLA rocket motors used on Navy cruisers and destroyers.,"Naval Supply Systems Command Weapon Systems Support, Mechanicsburg, Pennsylvania",2026-08-31,2026-08-31,1,0,26152726,26152726,,true,2026-09-02 18:11:08
d7e67646eaf53cba,FA8628-19-D-1000,The Boeing Co.,BA,AIR FORCE,"B-52 Bomb Rack Modernization System kits manufacturing, production, kitting, and delivery in support of the B-52 Radar Modernization Program.","Air Force Life Cycle Management Center, Wright-Patterson Air Force Base, Ohio",2026-08-25,2026-08-25,1,0,162966689,162966689,,true,2026-09-02 18:11:08
804d90e66a8f7bc2,N62742-26-D-1213,ADRS LLC,,NAVY,Multi-discipline architect-engineer services for architectural projects at various locations under Naval Facilities Engineering Command Pacific.,"NAVFAC Pacific, Joint Base Pearl Harbor-Hickam, Hawaii",2026-08-18,2026-08-18,1,0,249000000,249000000,,true,2026-09-02 18:11:08
2dfb06219b1ac90b,W58RGZ-26-F-0399,AEVEX Aerospace LLC,,ARMY,"AEVEX Casper 1 and 3 systems, support equipment, and field service representatives.","Army Contracting Command, Redstone Arsenal, Alabama",2026-08-25,2026-08-25,1,0,77771982,77771982,,true,2026-09-02 18:11:08
d1bb8e95f777e87b,W91278-26-D-A039,"Alpha Facilities Solutions LLC,*",,ARMY,Architect-engineer services available through competitive order placement.,"U.S. Army Corps of Engineers, Mobile, Alabama",2026-07-22,2026-07-22,1,0,249000000,249000000,,true,2026-09-02 18:11:08
6ea4724dbc7b1e08,W911RQ-26-C-A015,"Altech Inc.,*",,ARMY,Modernization of buildings to support advanced manufacturing capabilities.,"Army Contracting Command, Detroit Arsenal, Michigan",2026-07-28,2026-07-28,1,0,13000000,13000000,,true,2026-09-02 18:11:08
04ad335e19ff4bc4,W9128F-26-D-A034,"Athena Engineering & Environmental LLC,*",,ARMY,Geotechnical architect and engineering services.,"U.S. Army Corps of Engineers, Omaha, Nebraska",2026-07-24,2026-07-24,1,0,12500000,12500000,,true,2026-09-02 18:11:08
d6ca590885c90d72,N00383-22-G-ZL01,Bell Textron Inc.,TXT,NAVY,Procurement of 32 gearboxes in support of H-1 helicopters sold to the Czech Republic under Foreign Military Sales program via undefinitized delivery order.,"Naval Supply Systems Command Weapon Systems Support, Philadelphia, Pennsylvania",2026-06-23,2026-06-23,1,0,43215352,43215352,,true,2026-09-02 18:11:08
a365321be97f01ed,FA853226DB006,Booz Allen,BAH,AIR FORCE,Next generation aerospace and ground equipment to modernize and source aerospace and ground equipment.,"Air Force Material Command Air Force Life Cycle Management Center, Support Equipment and Vehicles, Robins Air Force Base, Warner Robins, Georgia",2026-08-17,2026-08-17,1,0,920000000,920000000,,true,2026-09-02 18:11:08
685eb6840b0fdcea,SPE2DE-26-D-0008,Boston Scientific Neuromodulation Corp.,BSX,DEFENSE LOGISTICS AGENCY,Neuromodulation procedural packages and supplies.,"Defense Logistics Agency Troop Support, Philadelphia, Pennsylvania",2026-08-10,2026-08-10,1,0,14379072,14379072,,true,2026-09-02 18:11:08
0cc8d29d1baec059,W15P7T-26-C-A003,CAE USA Inc.,CAE,ARMY,Bombardier Global 6500 pilot training.,"Army Contracting Command, Aberdeen Proving Ground, Maryland",2026-07-23,2026-07-23,1,0,257886133,257886133,,true,2026-09-02 18:11:08
2b3165b6852c9957,FA8903-26-D-0013,Chatmon Construction LLC,,AIR FORCE,"Roofing, repair, and replacement services including low-slope, steep-slope, and metal roofing system work.","772nd Enterprise Sourcing Squadron, Joint Base San Antonio–Lackland, Texas",2026-06-29,2026-06-29,1,0,450000000,450000000,,true,2026-09-02 18:11:08
68c6b42161700f66,W911NF-26-D-A008,"Chitra Productions LLC,*",,ARMY,"Establish and strengthen networks connecting the United States Department of War, United States Army Combat Capabilities Development Command Army Research Laboratory, and government partners with academia, industry, and other government agencies through science and technology education outreach initiatives.","U.S. Army Contracting Command, Aberdeen Proving Ground, Maryland",2026-06-26,2026-06-26,1,0,49000000,49000000,,true,2026-09-02 18:11:08
7f3e583ee4c330f3,SPE2D0-26-D-0001,Cook Medical,,DEFENSE LOGISTICS AGENCY,Supply of various medical and surgical products.,"Defense Logistics Agency Troop Support, Philadelphia, Pennsylvania",2026-08-11,2026-08-11,1,0,18506121,18506121,,true,2026-09-02 18:11:08
01b55b6efe5ffee7,W912HP-26-C-A008,Cooper Tacia General Contracting Co.,,ARMY,Construction of a child development center.,"U.S. Army Corps of Engineers, Charleston, South Carolina",2026-08-03,2026-08-03,1,0,24500000,24500000,,true,2026-09-02 18:11:08
d405d5b8a1e1b2c0,N62742-25-C-1319,Core Tech-HDCC-Kajima (CHK) LLC,,NAVY,"Construction of P-649, a joint communications upgrade, including exercise of Option Three for Fiber SONET Ring at Marine Corps Base Camp Blaz and Naval Base Guam.","Naval Facilities Engineering Systems Command Marianas, Naval Support Activity Andersen, Guam",2026-08-19,2026-08-19,1,1,,61582001,351344615,false,2026-09-02 18:11:08
27b57c9949af4ae2,N6339423C0006,DRS Laurel Technologies Partnership,,NAVY,"Manufacturing, assembling, testing, and delivery of Vertical Launching System associated kits for U.S. government and Foreign Military Sales (Netherlands).","Naval Surface Warfare Center Port Hueneme Division, Port Hueneme, California",2026-07-28,2026-07-28,1,1,,68322385,,false,2026-09-02 18:11:08
ce2ad296cc4c9c44,N00024-26-D-4306,Donjon Marine Co. LLC,,NAVY,"Salvage-related towing, harbor clearance, ocean engineering projects, and point-to-point towing services.","Naval Sea Systems Command, Washington, D.C.",2026-07-09,2026-07-09,1,0,180000000,180000000,,true,2026-09-02 18:11:08
3ec2ea55f255cc48,FA890326C0017,Eastern Shawnee – Bay West JV LLC,,AIR FORCE,Environmental remediation activities to achieve performance objectives at 13 Installation Restoration Program sites at Fairchild Air Force Base.,"772d Enterprise Sourcing Squadron, Joint Base San Antonio Lackland, Texas",2026-08-25,2026-08-25,1,0,14499783,14499783,,true,2026-09-02 18:11:08
15cbec3f25f52b64,N6449826D1026,"Epsilon Systems Solutions Inc.,*",,NAVY,"Hull, mechanical and electrical machinery and systems services in support of surface fleet, submarine, shore-based installations, and various maritime vessels and land-based sites.","Naval Surface Warfare Center Philadelphia Division, Philadelphia, Pennsylvania",2026-08-19,2026-08-19,1,0,112833317,112833317,112833317,true,2026-09-02 18:11:08
c6ae2c2470531065,W912P8-26-C-A026,"Fordice Construction Co.,*",,ARMY,Casting articulated concrete mattress.,"U.S. Army Corps of Engineers, New Orleans, Louisiana",2026-07-01,2026-07-01,1,0,13480000,13480000,24956350,true,2026-09-02 18:11:08
366b43e00750aaf5,W5168W-26-D-A016,"GM Hill Engineering Inc.,*",,ARMY,"Construction work including administrative, recreational, billeting, workshops, maintenance and training facilities, and general construction trades.","Army Field Directorate Office, Fort Sam Houston, Texas",2026-07-15,2026-07-15,1,0,193000000,193000000,,true,2026-09-02 18:11:08
b8d60fae7d9d80d4,N00024-24-C-2124,General Dynamics Electric Boat Corp.,GD,NAVY,"Engineering, technical, design agent, and planning yard support for operational strategic and attack submarines.","Naval Sea Systems Command, Washington, D.C.",2026-07-09,2026-07-23,2,2,,382050000,,false,2026-09-02 18:11:08
4b455361b26391c4,FA8903-26-D-0008,Good-Men Roofing & Construction Inc.,,AIR FORCE,"Roofing, repair, and replacement services including low-slope, steep-slope, and metal roofing system work.","772nd Enterprise Sourcing Squadron, Joint Base San Antonio–Lackland, Texas",2026-06-29,2026-06-29,1,0,450000000,450000000,,true,2026-09-02 18:11:08
7ff11f19b1ef0879,W912WJ-26-D-A004,"H.V. Collins Co. Inc.,*",,ARMY,Design-build construction services for various projects.,"U.S. Army Corps of Engineers, Concord, Massachusetts",2026-08-10,2026-08-10,1,0,90000000,90000000,,true,2026-09-02 18:11:08
102376993bae866d,N00024-21-C-4205,"Huntington Ingalls Inc., Ingalls Shipbuilding Division",HII,NAVY,Procurement of common rail upgrade kit for San Antonio-class dock landing ship USS Arlington (LPD 24).,"Naval Sea Systems Command, Washington, D.C.",2026-06-29,2026-08-28,2,2,,25505557,,false,2026-09-02 18:11:08
1f40a020e4e7e39a,W9124P-26-C-A009,Huntsville Rehabilitation Foundation – Phoenix,,ARMY,"Access control, badging, and mail services.","Army Contracting Command, Redstone Arsenal, Alabama",2026-07-02,2026-07-02,1,0,11738265,11738265,,true,2026-09-02 18:11:08
bc64c733c9e677af,FA8811-26-D-B001,Impulse Space Inc.,,AIR FORCE,Provide launch services delivering National Security Space payloads into their intended orbits under a multiple-award IDIQ contract.,"Space Systems Command, Space Access, Los Angeles Air Force Base, California",2026-07-07,2026-07-17,2,1,10000000,11410000000,17000000000,true,2026-09-02 18:11:08
59e30525d0f093f1,W911S0-26-D-A007,Janus Research Group LLC,,ARMY,Innovation facilitation and research support services under an indefinite-delivery contract.,"Army Field Directorate Office, Fort Eustis, Virginia",2026-07-10,2026-07-10,1,0,200000000,200000000,240000000,true,2026-09-02 18:11:08
f7c94f9fa715f2ba,N6274226D1802,Kleinfelder Inc.,,NAVY,Cultural resource technical services including archaeology monitoring and data recovery.,"NAVFAC Pacific, Pearl Harbor, Hawaii",2026-08-20,2026-08-20,1,0,70000000,70000000,,true,2026-09-02 18:11:08
e4ceb2bf06484290,FA8903-26-D-0007,Miwok Construction LLC,,AIR FORCE,"Roofing, repair, and replacement services including low-slope, steep-slope, and metal roofing system work.","772nd Enterprise Sourcing Squadron, Joint Base San Antonio–Lackland, Texas",2026-06-29,2026-06-29,1,0,450000000,450000000,,true,2026-09-02 18:11:08
da0aa02e5bc52ff2,N0003026C2038,Northrup Grumman Systems Corp.,NOC,NAVY,"Completion of capital maintenance projects and related studies for non-severable improvements, repairs, or modifications to Navy-owned land, buildings, and support utilities.","Strategic Systems Programs, Washington, D.C.",2026-08-19,2026-08-19,1,1,,12695572,,false,2026-09-02 18:11:08
a1fad45464b6f855,SPE4A7-26-D-0278,"ORO Manufacturing Co.,*",,DEFENSE LOGISTICS AGENCY,Aircraft seats under indefinite-quantity contract.,"Defense Logistics Agency Weapons Support, Richmond, Virginia",2026-07-13,2026-07-13,1,0,16532342,16532342,,true,2026-09-02 18:11:08
9f723aff23ead45a,N00189-26-D-L019,"Ocean Power Technologies Inc.,*",OPTT,NAVY,High-resolution ocean floor mapping services using long-endurance unmanned surface vehicles for the Naval Oceanographic Office (NAVOCEANO).,"Naval Supply Systems Command Fleet Logistics Center Norfolk, Norfolk, Virginia",2026-07-30,2026-07-30,1,0,40000000,40000000,,true,2026-09-02 18:11:08
6247a295eea4a264,FA853226DB022,Oshkosh,OSK,AIR FORCE,Next generation aerospace and ground equipment to modernize and source aerospace and ground equipment.,"Air Force Material Command Air Force Life Cycle Management Center, Support Equipment and Vehicles, Robins Air Force Base, Warner Robins, Georgia",2026-08-17,2026-08-17,1,0,920000000,920000000,,true,2026-09-02 18:11:08
fe4630840353cc3b,N39430-26-D-2006,"Pacific Design Builders LLC,*",,NAVY,"Construction, maintenance, repair, and engineering services for pipelines, fuel storage tanks, and associated petroleum oil lubricant facilities and equipment.","Naval Facilities Engineering and Expeditionary Warfare Center, Port Hueneme, California",2026-08-21,2026-08-21,1,0,997000000,997000000,,true,2026-09-02 18:11:08
9b641c17bb84de3d,W912CH-26-D-0056,RENK America LLC,,ARMY,"Production of new, remanufactured, and upgraded hydro-mechanically propelled transmissions and ancillary hardware.","Army Contracting Command, Detroit Arsenal, Michigan",2026-06-25,2026-06-25,1,0,691258891,691258891,,true,2026-09-02 18:11:08
ef5d66de161b901d,N0001926C0112,"RTX Corp., Pratt and Whitney Military Engines",RTX,NAVY,"Global unit and depot-level sustainment, replenishment spare parts, engineering support, software sustainment, configuration management, and depot maintenance and repair for F135 propulsion systems supporting F-35 Lightning II aircraft.","Naval Air Systems Command, Patuxent River, Maryland",2026-07-23,2026-07-23,1,1,,42096941,,false,2026-09-02 18:11:08
ad79bcf141ecfb85,N00024-26-C-6324,"ReconCraft LLC,*",,NAVY,Autonomous low-profile vessels.,"Naval Sea Systems Command, Washington, D.C.",2026-07-08,2026-07-08,1,0,24960408,24960408,,true,2026-09-02 18:11:08
1c85c9b5226a227a,N6600126R0114,Resource Management Concepts Inc.,,NAVY,"Operational exercise design and construction, operations and requirements analysis, concept formulation and development, feasibility demonstrations, and operational and technical support including systems engineering, requirements verification and validation, software and hardware design, systems integration, test and evaluation, and DevSecOps methodologies.","Naval Information Warfare Center Pacific, San Diego, California",2026-08-13,2026-08-13,1,0,278000000,278000000,400000000,true,2026-09-02 18:11:08
923ce5cd638dd236,W9128A-26-D-A017,"SSE BB&E JV LLC,*",,ARMY,Architect-engineer and construction management services for the design of miscellaneous projects in Pacific Ocean Honolulu area of responsibility.,"U.S. Army Corps of Engineers, Honolulu, Hawaii",2026-06-26,2026-06-26,1,0,9900000,9900000,,true,2026-09-02 18:11:08
ee4b2c31b473a312,W5168W-26-D-A031,"Souza Construction Inc.,*",,ARMY,"Construction work including administrative, recreational, billeting, workshops, maintenance and training facilities, and general construction trades.","Army Field Directorate Office, Fort Sam Houston, Texas",2026-07-15,2026-07-15,1,0,193000000,193000000,,true,2026-09-02 18:11:08
ff206d5299de37f8,W91278-26-D-A040,Stantec GS Inc.,STN,ARMY,Architect-engineer services available through competitive order placement.,"U.S. Army Corps of Engineers, Mobile, Alabama",2026-07-22,2026-07-22,1,0,249000000,249000000,,true,2026-09-02 18:11:08
a5926b4aa67d0707,W9126G-26-D-A046,"Tejada Investments LLC,*",,ARMY,"Professional real estate negotiation services for properties located within Texas, Arizona, California, Louisiana, and New Mexico.","U.S. Army Corps of Engineers, Fort Worth, Texas",2026-07-02,2026-07-02,1,0,99000000,99000000,99000000,true,2026-09-02 18:11:08
44112fe49fc2402e,W9126G-26-D-A055,"Tevas Real Estate Group Inc.,*",,ARMY,Real estate title services in the Rio Grande Valley sector of Texas.,"U.S. Army Corps of Engineers, Fort Worth, Texas",2026-08-17,2026-08-17,1,0,19000000,19000000,,true,2026-09-02 18:11:08
acf5335eecea7873,HTC71124DW029,Textainer Equipment Management U.S. Ltd.,,OTHER,"Master Lease Contract – II program for leasing and transportation services of intermodal container equipment, including IT management for leasing operations and comprehensive container support functions.","U.S. Transportation Command, Directorate of Acquisition, Scott Air Force Base, Illinois",2026-08-25,2026-08-25,1,0,,,137392873,true,2026-09-02 18:11:08
2b31ad18a7909ee0,HTC71124DW030,Triton Container International Ltd.,,OTHER,"Master Lease Contract – II program for leasing and transportation services of intermodal container equipment, including IT management for leasing operations and comprehensive container support functions.","U.S. Transportation Command, Directorate of Acquisition, Scott Air Force Base, Illinois",2026-08-25,2026-08-25,1,0,,,137392873,true,2026-09-02 18:11:08
8a328ef3bffb24aa,HR001126DE010,"True Zero Technologies LLC,*",,OTHER,Managed Enterprise Network Support Services (MANNUS) providing technical and support offices with ad-hoc IT services and product lifecycle support.,"Defense Advanced Research Projects Agency, Arlington, Virginia",2026-06-25,2026-06-25,1,0,350000000,350000000,,true,2026-09-02 18:11:08
62ee085104f8484c,N6852022C0010,"Tyonek Services Overhaul Facility -Stennis LLC,*",,NAVY,"Continued maintenance support services for aircraft, aircraft engines, and associated components and materials for Fleet Readiness Center Mid-Atlantic detachment.","Commander Fleet Readiness Center, Patuxent River, Maryland",2026-07-31,2026-07-31,1,1,,11064067,,false,2026-09-02 18:11:08
de3beb2623489558,W911NF-26-D-A013,University of Alaska Fairbanks,,ARMY,Essential scientific and engineering capabilities focused on geophysical detection of nuclear proliferation as part of a University Affiliated Research Center.,"Army Contracting Command, Aberdeen Proving Ground, Maryland",2026-08-07,2026-08-07,1,0,499000000,499000000,,true,2026-09-02 18:11:08
7229cd36d37d14f9,W912HY-26-D-A021,Weeks Marine Inc.,,ARMY,Hopper dredging projects within the U.S. Army Corps of Engineers Galveston District boundary.,"U.S. Army Corps of Engineers, Galveston, Texas",2026-07-31,2026-07-31,1,0,95000000,95000000,,true,2026-09-02 18:11:08
0c9e8e41a45c2d6c,SPE8EC-26-D-0023,Werres Corp.,,DEFENSE LOGISTICS AGENCY,Material handling equipment.,"Defense Logistics Agency Troop Support, Philadelphia, Pennsylvania",2026-08-11,2026-08-11,1,0,255000000,255000000,,true,2026-09-02 18:11:08
2d750f9bbf4f185a,N39430-26-D-2009,Weston Solutions Inc.,,NAVY,"Construction, maintenance, repair, and engineering services for pipelines, fuel storage tanks, and associated petroleum oil lubricant facilities and equipment.","Naval Facilities Engineering and Expeditionary Warfare Center, Port Hueneme, California",2026-08-21,2026-08-21,1,0,997000000,997000000,,true,2026-09-02 18:11:08
fe5249825ef1f847,M67854-26-F-0135,World Wide Technology LLC,,NAVY,"Operational Command Post – Heavy hardware and licenses providing modular, expeditionary information technology infrastructure to Fleet Marine Forces.","Marine Corps Systems Command, Quantico, Virginia",2026-08-06,2026-08-06,1,0,14897521,14897521,,true,2026-09-02 18:11:08
d7468558135cdca5,N40084-26-D-1509,TODA-NUDP JV,1860.T,NAVY,"Project design, construction, renovation, modernization, repair, and maintenance projects at U.S. government installations.","Naval Facilities Engineering Systems Command, Far East, Yokosuka, Japan",2026-07-30,2026-07-30,1,0,1000000000,1000000000,,true,2026-09-02 18:11:08
5b6fcc6470a23c4e,W912DQ-26-D-A022,"Affinis Freese and Nichols JV,*",,ARMY,"Architect-engineer services including civil planning, design, and support during construction for civil works projects and other assigned missions within the U.S. Army Corps of Engineers, Northwestern Division's area of operations.","U.S. Army Corps of Engineers, Kansas City, Missouri",2026-08-07,2026-08-07,1,0,95000000,95000000,,true,2026-09-02 18:11:08
e7a342a9e8fb4c3c,SPE1C1-26-D-0063,"Belleville Shoe Manufacturing Co.,*",,DEFENSE LOGISTICS AGENCY,General purpose and flight deck boots.,"Defense Logistics Agency Troop Support, Philadelphia, Pennsylvania",2026-07-16,2026-07-16,1,0,37447003,37447003,,true,2026-09-02 18:11:08
b08d0da07f141169,FA8634-22-C-2705,Boeing Co.,BA,AIR FORCE,Integration of EPAWSS functionality into existing aircrew training system for F-15 Japan Super Interceptor Eagle Passive/Active Warning Survivability System trainer contract.,"Air Force Life Cycle Management Center, Wright-Patterson Air Force Base, Ohio",2026-08-20,2026-08-20,1,1,,17609471,,false,2026-09-02 18:11:08
5f2a7d943a6cff21,N6134025C0002,CAE USA Inc.,CAE,NAVY,"Contractor operation and maintenance services, contract engineering support, courseware revision and maintenance, contractor instructor services, cyber sustainment, and configuration management to support the Royal Australian Navy MH-60R training facilities at the Seahawk Simulation and Warfare Centre.","Naval Air Warfare Center Training Systems Division, Orlando, Florida",2026-08-03,2026-08-03,1,1,,11135132,,false,2026-09-02 18:11:08
9ca50dba189b9b4e,W912DS-26-C-A012,Donjon Marine Co. LLC,,ARMY,Maintenance dredging of portions of the New York and New Jersey Channels.,"U.S. Army Corps of Engineers, New York, New York",2026-07-30,2026-07-30,1,0,24703050,24703050,,true,2026-09-02 18:11:08
2e118dc6e94d1eea,N0001926G1008,General Atomics,,NAVY,Procurement of critical Electromagnetic Aircraft Launch System and advanced arresting gear sustainment insurance spares and rotable pool spares.,"Naval Air Systems Command, Patuxent River, Maryland",2026-08-20,2026-08-20,1,0,42871948,42871948,,true,2026-09-02 18:11:08
f5a9735558af3b04,W912CH-26-D-0077,General Dynamics Land Systems Inc.,GD,ARMY,"Stryker original equipment manufacturer sustainment services support, limited to field-level maintenance, field service representative support, and fielding activities.","Army Contracting Command, Detroit Arsenal, Michigan",2026-08-24,2026-08-24,1,0,54281616,54281616,,true,2026-09-02 18:11:08
0cdb5dce7ad4c91e,FA255326DB006,Lockheed Martin Space,LMT,AIR FORCE,"Support to space and ground-based engineering activities to enhance test, evaluation, and training operations for the National Space Test and Training Complex Innovative Technology and Engineering - Space Test and Range Capability Development.","The Space Systems Command, Operational Test and Training Infrastructure, Colorado Springs, Colorado",2026-07-30,2026-07-30,1,0,981000000,981000000,,true,2026-09-02 18:11:08
1403f06f3ad2c388,W912BV-26-C-A021,McMillen Inc.,,ARMY,Webbers Falls Tainter Gate Replacement and Repair project.,"U.S. Army Corps of Engineers, Tulsa, Oklahoma",2026-08-14,2026-08-14,1,0,19642700,19642700,28417900,true,2026-09-02 18:11:08
c47c53867bb031fd,FA8815-26-C-B001,Peraton Inc.,,AIR FORCE,"Sustainment, maintenance, legacy capability migration, and continued development and incorporation of enhancements to operations and cybersecurity for the Space Weather Analysis and Forecast System.","Space Systems Command Directorate of Contracting, Colorado Springs, Colorado",2026-07-31,2026-07-31,1,0,109093756,109093756,,true,2026-09-02 18:11:08
9461384111eea99a,N0001923C0049,Saab Inc.,SAAB-B,NAVY,Procurement of five SPN-50 low rate initial production units.,"Naval Air Systems Command Patuxent River, Maryland",2026-08-24,2026-08-24,1,1,,74636753,,false,2026-09-02 18:11:08
832b1f2acc2cad6c,N39430-26-D-2011,AECOM Technical Services Inc.,ACM,NAVY,"Provide petroleum, oil and lubricants engineering and design services for systems and supporting facilities at various Navy and Marine Corps installations worldwide.","Naval Facilities Engineering and Expeditionary Warfare Center, Port Hueneme, California",2026-08-31,2026-08-31,1,0,145000000,145000000,,true,2026-09-02 18:11:08
7de2adce9f29b186,N6600126R0111,Parsons Government Services Inc.,PSN,NAVY,"Operational exercise design and construction, operations and requirements analysis, concept formulation and development, feasibility demonstrations, and operational and technical support including systems engineering, requirements verification and validation, software and hardware design, systems integration, test and evaluation, and DevSecOps methodologies.","Naval Information Warfare Center Pacific, San Diego, California",2026-08-13,2026-08-13,1,0,278000000,278000000,400000000,true,2026-09-02 18:11:08
ff25ec930660c7b1,FA8621-26-C-B006,Lockheed Martin Rotary and Mission Systems,LMT,AIR FORCE,Air Commando training support for sustained sustainment and support of Air Force Special Operations Command fixed-wing and tilt-rotor training devices.,"Wright-Patterson Air Force Base, Ohio",2026-08-17,2026-08-17,1,0,24247257,24247257,,true,2026-09-02 18:11:08
d417b2f0e27b4425,80JSC024DA002,Aegis Aerospace Inc.,,AIR FORCE,"Task order providing services to support suborbital missions and Department of War payloads on government, commercial, and international launch vehicles and hosting platforms.","The Space Systems Command, Kirtland, Air Force Base, Albuquerque, New Mexico",2026-08-27,2026-08-27,1,0,24964741,24964741,,true,2026-09-02 18:11:08
de5f738299da2cb7,FA8109-26-D-B006,AllClear Repair Service Inc.,,AIR FORCE,Exchange or repair of commercial and non-commercial aircraft parts for the KC-46 aircraft weapon system.,"Air Force Sustainment Center, Materiel Support Contracting Division, Strategic Contracting Section, Tinker Air Force Base, Oklahoma",2026-06-29,2026-06-29,1,0,470978031,470978031,,true,2026-09-02 18:11:08
db8b9515eb67b66f,FA255326DB001,Amentum Technology Inc.,,AIR FORCE,"Support to space and ground-based engineering activities to enhance test, evaluation, and training operations for the National Space Test and Training Complex Innovative Technology and Engineering - Space Test and Range Capability Development.","The Space Systems Command, Operational Test and Training Infrastructure, Colorado Springs, Colorado",2026-07-30,2026-07-30,1,0,981000000,981000000,,true,2026-09-02 18:11:08
3da6bee02450e40b,FA8903-26--D0039,Amerifield LLC,,AIR FORCE,"Roofing, repair, and replacement services including low-slope, steep-slope, and metal roofing system work.","772nd Enterprise Sourcing Squadron, Joint Base San Antonio–Lackland, Texas",2026-06-29,2026-06-29,1,0,450000000,450000000,,true,2026-09-02 18:11:08
f201121b7de195dc,W912QR-26-D-A045,"Amerifield LLC,*",,ARMY,Design-bid-build construction services.,"U.S. Army Corps of Engineers, Louisville, Kentucky",2026-08-31,2026-08-31,1,0,160000000,160000000,,true,2026-09-02 18:11:08
fea41a6982b6dfe2,W5168W-26-D-A019,"Apex FSE JV LLC,*",,ARMY,"Construction work including administrative, recreational, billeting, workshops, maintenance and training facilities, and general construction trades.","Army Field Directorate Office, Fort Sam Houston, Texas",2026-07-15,2026-07-15,1,0,193000000,193000000,,true,2026-09-02 18:11:08
5cb9f42449bbd1f4,W31P4Q-23-F-E001,"Applied Technologies Group Inc.,*",,ARMY,Logistics support for the Utility Helicopters Project Office.,"Army Contracting Command, Redstone Arsenal, Alabama",2026-08-19,2026-08-19,1,1,,12948210,65283922,false,2026-09-02 18:11:08
fa03a0f77ec98931,N0001922G0002,Bell Boeing Joint Project Office,,NAVY,Additional five Nacelle improvements kits and 10 shipsets of pylon support assemblies for retrofit of MV-22 and CMV-22 aircraft.,"Naval Air Systems Command, Patuxent River, Maryland",2026-07-31,2026-07-31,1,1,,35795938,,false,2026-09-02 18:11:08
9e048ee8b11094cf,W5168W-26-D-A027,"Borealis Enterprises LLC,*",,ARMY,"Construction work including administrative, recreational, billeting, workshops, maintenance and training facilities, and general construction trades.","Army Field Directorate Office, Fort Sam Houston, Texas",2026-07-15,2026-07-15,1,0,193000000,193000000,,true,2026-09-02 18:11:08
f3a02922685f5d9b,W9128F-26-D-A039,"Bristol Engineering Services Company LLC,*",,ARMY,"Design-build and design-bid-build construction services in support of the Petroleum, Oil, and Lubricants Mandatory Center of Expertise.","U.S. Army Corps of Engineers, Omaha, Nebraska",2026-08-06,2026-08-06,1,0,699000000,699000000,,true,2026-09-02 18:11:08
d63bba7431e57a59,HT003826DE004,CACI Inc.-Federal,CACI,OTHER,"All services and materials necessary to support the on-demand deployment of products within the Program Executive Office, Defense Healthcare Management Systems portfolio and related supporting components.","The Defense Health Agency Contracting Office, Arlington, Virginia",2026-07-30,2026-07-30,1,0,300000000,300000000,,true,2026-09-02 18:11:08
e50b14584f5fc030,N39430-26-D-2003,CMS Corp.,,NAVY,"Construction, maintenance, repair, and engineering services for pipelines, fuel storage tanks, and associated petroleum oil lubricant facilities and equipment.","Naval Facilities Engineering and Expeditionary Warfare Center, Port Hueneme, California",2026-08-21,2026-08-21,1,0,997000000,997000000,,true,2026-09-02 18:11:08
f27837994955374d,FA252326D0001,COWI Greenland Aktieselskab,,AIR FORCE,"Architectural and engineering services including Title I, Title II and other services in support of real property at Pituffik Space Base, Greenland.","Detachment 1, 21st Contracting Squadron, Copenhagen, Denmark",2026-08-07,2026-08-07,1,0,9000000,9000000,,true,2026-09-02 18:11:08
6bf27d338585292a,W9126G-26-D-A060,CRB-PLS LLC,,ARMY,Provide real estate title services.,"U.S. Army Corps of Engineers, Fort Worth, Texas",2026-08-31,2026-08-31,1,0,19000000,19000000,,true,2026-09-02 18:11:08
f1cf86a90948b56e,W912HY-26-D-A022,Callan Marine Ltd.,,ARMY,Pipeline dredging projects within the U.S. Army Corps of Engineers Galveston District boundary.,"U.S. Army Corps of Engineers, Galveston, Texas",2026-08-03,2026-08-03,1,0,95000000,95000000,,true,2026-09-02 18:11:08
fe13477d5e53cc26,N4044626D0002,"Cayuse Native Hawaiian Veterans LLC,*",,NAVY,General ship repair of Military Sealift Command vessels via rolling admission to a previously awarded multiple-award contract.,"Military Sealift Command, Norfolk, Virginia",2026-08-12,2026-08-12,1,0,249000000,249000000,,true,2026-09-02 18:11:08
f7b1355fc99cb07d,W911S0-26-D-A008,Chitra Productions LLC,,ARMY,"Instructor/instructor-writer services, training support, and training development services.","Army Field Directorate Office, Fort Eustis, Virginia",2026-08-04,2026-08-04,1,0,450000000,450000000,,true,2026-09-02 18:11:08
8dc14e975c7053d9,SPE8EC-26-D-0024,"Consolidated Trailers Inc.,*",,DEFENSE LOGISTICS AGENCY,Trucks and trailers procurement added as an awardee to an existing multiple award contract.,"Defense Logistics Agency Troop Support, Philadelphia, Pennsylvania",2026-07-27,2026-07-27,1,0,248000000,248000000,,true,2026-09-02 18:11:08
bd2e7b6589fe3b19,N40192-25-C-5400,DZSP 21 LLC,,NAVY,Base operations support services for Joint Region Marianas installations.,"Naval Facilities Engineering Systems Command, Marianas, Guam",2026-07-29,2026-07-29,1,1,,138004329,908108425,false,2026-09-02 18:11:08
ffc14d71ffd807c2,FA8903-26-D-0037,Doliveira Systems LLC,,AIR FORCE,"Roofing, repair, and replacement services including low-slope, steep-slope, and metal roofing system work.","772nd Enterprise Sourcing Squadron, Joint Base San Antonio–Lackland, Texas",2026-06-29,2026-06-29,1,0,450000000,450000000,,true,2026-09-02 18:11:08
2725ed83981dba1b,FA70222-6-D-0005,ENSCO Inc.,ESV,AIR FORCE,Enhanced global seismic detection capabilities for regional phased ratio enhancement.,"The Acquisition Management and Integration Center, Detachment 2, Patrick AFB, Florida",2026-07-10,2026-07-10,1,0,9900000,9900000,,true,2026-09-02 18:11:08
46cce3abf969b611,SPE4A7-26-D-0415,"Essex Industries,*",,DEFENSE LOGISTICS AGENCY,Emergency rescue units.,"Defense Logistics Agency Weapons Support, Richmond, Virginia",2026-08-17,2026-08-17,1,0,40967670,40967670,,true,2026-09-02 18:11:08
db523a600eef9c23,FA862113C6247,FlightSafety Defense Corp.,FSI,AIR FORCE,Contract deliverable KC-46 Aircrew Training Devices.,"Wright-Patterson AFB, Ohio",2026-08-12,2026-08-12,1,1,,19707848,592682072,false,2026-09-02 18:11:08
9934bcbcd32adf1a,N0002422C4203,"Global, A 1st Flagship Co.,*",,NAVY,Accomplishment of the Inactive Ships Maintenance Philadelphia requirement.,"Naval Sea Systems Command, Washington, D.C.",2026-06-25,2026-06-25,1,1,,15970025,,false,2026-09-02 18:11:08
b3a8cacf8e0924ed,W91278-26-D-A038,HDR Engineering Inc.,,ARMY,Architect-engineer services available through competitive order placement.,"U.S. Army Corps of Engineers, Mobile, Alabama",2026-07-22,2026-07-22,1,0,249000000,249000000,,true,2026-09-02 18:11:08
2b052cfe27e149f1,FA8109-26-D-B004,"Hamilton Sundstrand Corp., doing business as Collins Aerospace",RTX,AIR FORCE,Exchange or repair of commercial and non-commercial aircraft parts for the KC-46 aircraft weapon system.,"Air Force Sustainment Center, Materiel Support Contracting Division, Strategic Contracting Section, Tinker Air Force Base, Oklahoma",2026-06-29,2026-06-29,1,0,470978031,470978031,,true,2026-09-02 18:11:08
9c61766a9112e68f,N0042126D0009,"Hoffman Engineering LLC,*",,NAVY,"Procurement of replacement parts and provision of repair, calibration, and upgrade services for ANV-126A-001 computerized field portable night vision test sets to the current ANV-126A-3000 standard to address obsolescence and sustainment issues.","Naval Air Warfare Center Aircraft Division, Patuxent River, Maryland",2026-08-13,2026-08-13,1,0,10000000,10000000,,true,2026-09-02 18:11:08
b276faac832d9f2b,SPRDL1-26-D-0044,Hutchinson Industries Inc.,,DEFENSE LOGISTICS AGENCY,Wheel and tire assemblies under a five-year requirements contract.,"Defense Logistics Agency Weapons Support, Warren, Michigan",2026-08-03,2026-08-03,1,0,191574900,191574900,,true,2026-09-02 18:11:08
8b81a8cff4a1822c,FA8109-26-D-B018,IAG Engine Center LLC,,AIR FORCE,Exchange or repair of commercial and non-commercial aircraft parts for the KC-46 aircraft weapon system.,"Air Force Sustainment Center, Materiel Support Contracting Division, Strategic Contracting Section, Tinker Air Force Base, Oklahoma",2026-06-29,2026-06-29,1,0,470978031,470978031,,true,2026-09-02 18:11:08
368d6ef37d9aaaa2,47QRCA25DU164,Information Systems and Networks Corp.,,NAVY,Housing property management support services for Marine Corps service members residing in unaccompanied housing under the GSA OASIS+ indefinite-delivery/indefinite-quantity contract.,"The Marine Corps Installations Command Contracting Office, Arlington, Virginia",2026-07-06,2026-07-06,1,0,20983333,20983333,144141182,true,2026-09-02 18:11:08
3d22e881389f1fff,FA8204-26-F-B008,Johns Hopkins University Applied Physics Laboratory,,AIR FORCE,Research and development engineering services for support on the Sentinel program.,"The Air Force Nuclear Weapons Center, Hill Air Force Base, Utah",2026-07-20,2026-07-20,1,0,199268833,199268833,,true,2026-09-02 18:11:08
d77b6a22824ee95b,FA8250-26-D-B015,Kihomac Inc.,,AIR FORCE,Repair services for the 415th Supply Chain Management Squadron.,"The Air Force Sustainment Center, Hill Air Force Base, Utah",2026-07-30,2026-07-30,1,0,300000000,300000000,,true,2026-09-02 18:11:08
56f002ef7015fc09,N40084-26-D-1503,Kraftia-Yabu JV,,NAVY,"Project design, construction, renovation, modernization, repair, and maintenance projects at U.S. government installations.","Naval Facilities Engineering Systems Command, Far East, Yokosuka, Japan",2026-07-30,2026-07-30,1,0,1000000000,1000000000,,true,2026-09-02 18:11:08
096004fc04614bae,FA8109-26-D-B019,"L2 Aviation Solutions LLC, doing business as L2 Aviation",,AIR FORCE,Exchange or repair of commercial and non-commercial aircraft parts for the KC-46 aircraft weapon system.,"Air Force Sustainment Center, Materiel Support Contracting Division, Strategic Contracting Section, Tinker Air Force Base, Oklahoma",2026-06-29,2026-06-29,1,0,470978031,470978031,,true,2026-09-02 18:11:08
87c56a0748c43df3,N6449826D1027,"La Playa Inc. of Virginia,*",,NAVY,"Hull, mechanical and electrical machinery and systems services in support of surface fleet, submarine, shore-based installations, and various maritime vessels and land-based sites.","Naval Surface Warfare Center Philadelphia Division, Philadelphia, Pennsylvania",2026-08-19,2026-08-19,1,0,112833317,112833317,112833317,true,2026-09-02 18:11:08
68ef75f1ff27bf2a,W9128A-26-D-A015,"MacDonald-Bedford LLC,*",,ARMY,Architect-engineer and construction management services for the design of miscellaneous projects in Pacific Ocean Honolulu area of responsibility.,"U.S. Army Corps of Engineers, Honolulu, Hawaii",2026-06-26,2026-06-26,1,0,9900000,9900000,,true,2026-09-02 18:11:08
80f72c69ef5a7c46,HTC71124DW010/P0012,Maersk Line Ltd.,MAERSK.B,OTHER,"International ocean and intermodal, time definite, port-to-port, and door-to-door transportation services for containerized and breakbulk cargo under the Universal Services Contract-10 program.","The U.S. Transportation Command, Directorate of Acquisition, Scott Air Force Base, Illinois",2026-07-15,2026-07-15,1,0,800000000,800000000,2325000000,true,2026-09-02 18:11:08
77fffcc073781216,W911SA-26-D-A022,Miller Electric Co. Inc.,,ARMY,"Construction services for maintenance, design, construction, or repair of real property facilities.","Army 419th Contracting Support Brigade, Fort McCoy, Wisconsin",2026-07-28,2026-07-28,1,0,15000000,15000000,,true,2026-09-02 18:11:08
6e9a22a5736d624e,N00024-20-C-5519,"Northrop Grumman Systems Corp., Mission Systems Sector",NOC,NAVY,Production of Surface Electronic Warfare Improvement Program Block Three Hemisphere and Quadrant systems.,"Naval Sea Systems Command, Washington, D.C.",2026-06-29,2026-06-29,1,1,,312338052,,false,2026-09-02 18:11:08
1209b9b82124fd9b,N44255-21-D-5005,Nova Group Inc.,,NAVY,"New construction, repair, alteration, renovation, demolition, dredging, and related construction services for marine waterfront facilities and supporting infrastructure within NAVFAC Northwest area of responsibility.","NAVFAC Northwest, Silverdale, Washington",2026-08-07,2026-08-07,1,1,,54000000,380000000,false,2026-09-02 18:11:08
eced07aef8770cea,N00189-26-D-L010,Orbis Sibro Inc.,,NAVY,Aircraft carrier readiness support including professional engineering assistance and hazardous waste and material handling to ensure protection of personnel and the environment.,"Naval Supply Systems Command Fleet Logistics Center Norfolk, Norfolk, Virginia",2026-07-30,2026-07-30,1,0,147951314,147951314,,true,2026-09-02 18:11:08
4f05ea4a6c250613,HQ0845-23-9-0066,Overland AI Inc.,,NAVY,"Procurement of Military-Unmanned Ground Vehicles (MUGVs) and associated OverWatch/OverDrive software, spares, and services in support of Program Manager Ground Based Air Defense, Marine Air Defense Integrated System.","Marine Corps System Command, Quantico, Virginia",2026-06-26,2026-06-26,1,0,19744499,19744499,,true,2026-09-02 18:11:08
c84663471a374465,FA853226DB023,P2 Mission Solutions,,AIR FORCE,Next generation aerospace and ground equipment to modernize and source aerospace and ground equipment.,"Air Force Material Command Air Force Life Cycle Management Center, Support Equipment and Vehicles, Robins Air Force Base, Warner Robins, Georgia",2026-08-17,2026-08-17,1,0,920000000,920000000,,true,2026-09-02 18:11:08
6198cdb332c53280,N39430-26-D-2007,"PCI Bhate JV LLC,*",,NAVY,"Construction, maintenance, repair, and engineering services for pipelines, fuel storage tanks, and associated petroleum oil lubricant facilities and equipment.","Naval Facilities Engineering and Expeditionary Warfare Center, Port Hueneme, California",2026-08-21,2026-08-21,1,0,997000000,997000000,,true,2026-09-02 18:11:08
80c1082bccebd57c,SPE300-26-D-0002,PepsiCo Beverage Sales LLC,PEP,DEFENSE LOGISTICS AGENCY,Soda bag-in-box beverages.,"Defense Logistics Agency Troop Support, Philadelphia, Pennsylvania",2026-07-23,2026-07-23,1,0,9000000,9000000,,true,2026-09-02 18:11:08
70da6cfa42f0787d,FA3016-26-D-0021,Professional Contract Services Inc.,,AIR FORCE,"Base operational support management providing all personnel, equipment and tools necessary to support services for the Special Warfare Training Group.","502nd Contracting Squadron, Joint Base San Antonio-Lackland, Texas",2026-08-03,2026-08-03,1,0,9221097,9221097,,true,2026-09-02 18:11:08
b5f6b526154c4390,FA8802-26-C-0003,Protagonist Technology LLC,,AIR FORCE,Small Business Innovation Research Phase III support.,"Enterprise Sourcing Division, Los Angeles Air Force Base, California",2026-07-29,2026-07-29,1,1,,13761917,20503757,false,2026-09-02 18:11:08
3f8764b1a5cc8e53,N6600126R0112,Quiet Professionals LLC,,NAVY,"Operational exercise design and construction, operations and requirements analysis, concept formulation and development, feasibility demonstrations, and operational and technical support including systems engineering, requirements verification and validation, software and hardware design, systems integration, test and evaluation, and DevSecOps methodologies.","Naval Information Warfare Center Pacific, San Diego, California",2026-08-13,2026-08-13,1,0,278000000,278000000,400000000,true,2026-09-02 18:11:08
773e50838c2a9e79,W5168W-26-D-A020,"Reams Enterprises Inc.,*",,ARMY,"Construction work including administrative, recreational, billeting, workshops, maintenance and training facilities, and general construction trades.","Army Field Directorate Office, Fort Sam Houston, Texas",2026-07-15,2026-07-15,1,0,193000000,193000000,,true,2026-09-02 18:11:08
6644a01796787b06,N00024-26-D-4308,SMIT Singapore Pte Ltd.,,NAVY,"Salvage-related towing, harbor clearance, ocean engineering projects, and point-to-point towing services in the Western Pacific region.","Naval Sea Systems Command, Washington, D.C.",2026-07-02,2026-07-02,1,0,180000000,180000000,,true,2026-09-02 18:11:08
78b1a80ee1bb26fb,N6600126R0115,Saalex Corp.,,NAVY,"Operational exercise design and construction, operations and requirements analysis, concept formulation and development, feasibility demonstrations, and operational and technical support including systems engineering, requirements verification and validation, software and hardware design, systems integration, test and evaluation, and DevSecOps methodologies.","Naval Information Warfare Center Pacific, San Diego, California",2026-08-13,2026-08-13,1,0,278000000,278000000,400000000,true,2026-09-02 18:11:08
d2d4be735326971f,HTC71124DW018/P0006,SeaTac Marine Services LLC,,OTHER,"International ocean and intermodal, time definite, port-to-port, and door-to-door transportation services for containerized and breakbulk cargo under the Universal Services Contract-10 program.","The U.S. Transportation Command, Directorate of Acquisition, Scott Air Force Base, Illinois",2026-07-15,2026-07-15,1,0,800000000,800000000,2325000000,true,2026-09-02 18:11:08
89c5ac8940004339,N0001923D0011,"Sikorsky Aircraft Corp., Lockheed Martin Co.",LMT,NAVY,"Continued integrated logistics support, sustaining engineering, spares support, material management, component overhaul, and training for VH-92A Patriot in-service helicopter.","Naval Air Systems Command, Patuxent River, Maryland",2026-06-29,2026-06-29,1,1,,51714440,,false,2026-09-02 18:11:08
f66c517dbfd4a832,N6600126R0119,Solute,,NAVY,"Operational exercise design and construction, operations and requirements analysis, concept formulation and development, feasibility demonstrations, and operational and technical support including systems engineering, requirements verification and validation, software and hardware design, systems integration, test and evaluation, and DevSecOps methodologies.","Naval Information Warfare Center Pacific, San Diego, California",2026-08-13,2026-08-13,1,0,278000000,278000000,400000000,true,2026-09-02 18:11:08
5e75202ea05ff06e,FA8250-26-D-B011,Southwest Research Institute,,AIR FORCE,Repair services for the 415th Supply Chain Management Squadron.,"The Air Force Sustainment Center, Hill Air Force Base, Utah",2026-07-30,2026-07-30,1,0,300000000,300000000,,true,2026-09-02 18:11:08
4ca7dd5020737d9c,FA853226DB025,Suntest Systems,,AIR FORCE,Next generation aerospace and ground equipment to modernize and source aerospace and ground equipment.,"Air Force Material Command Air Force Life Cycle Management Center, Support Equipment and Vehicles, Robins Air Force Base, Warner Robins, Georgia",2026-08-17,2026-08-17,1,0,920000000,920000000,,true,2026-09-02 18:11:08
6fb2c06eb9dc5608,N66604-26-C-0200,SyQwest LLC,,NAVY,"Production, testing, and delivery of source and sensor kits to be used on the MK48 heavyweight torpedo.","The Naval Undersea Warfare Center Division Newport, Newport, Rhode Island",2026-08-27,2026-08-27,1,0,14113234,14113234,92443831,true,2026-09-02 18:11:08
4b832695568029a2,N0042126C0030,"Systems Application & Technologies Inc.,*",,NAVY,"Technical, engineering, supply, administrative, and facility support services for aircraft instrumentation design, development, and maintenance.","Naval Air Warfare Center Aircraft Division, Patuxent River, Maryland",2026-08-10,2026-08-10,1,0,20748572,20748572,,true,2026-09-02 18:11:08
e1dbf12071469692,N00024-26-C-2421,TOTE Services LLC,,NAVY,Vessel construction management services to award and manage shipbuilder subcontracts for the new construction of up to eight Medium Landing Ships.,"Naval Sea Systems Command, Washington, D.C.",2026-07-13,2026-07-13,1,0,2206000000,2206000000,2605075850,true,2026-09-02 18:11:08
ef7c67eb8d37919a,W91278-26-D-A036,Tetra Tech Inc.,TTEK,ARMY,Architect-engineer services available through competitive order placement.,"U.S. Army Corps of Engineers, Mobile, Alabama",2026-07-22,2026-07-22,1,0,249000000,249000000,,true,2026-09-02 18:11:08
e02eedd9b7899e1c,N40080-26-D-1013,"The Whiting-Turner Contracting Co.,*",,NAVY,"Large-scale military infrastructure projects including new construction, demolition, repair, alteration, and renovation of buildings, systems and infrastructure with civil, structural, mechanical, electrical, fire protection, and communication systems.","NAVFAC Washington, Washington Navy Yard, Washington, D.C.",2026-06-25,2026-06-25,1,0,8000000000,8000000000,,true,2026-09-02 18:11:08
a1feb7c20d5cd0d0,W912CH-26-D-A077,VES LLC,,ARMY,End-to-end software engineering lifecycle support for government vehicle operating system software production.,"Army Contracting Command, Detroit Arsenal, Michigan",2026-07-14,2026-07-14,1,0,49996014,49996014,,true,2026-09-02 18:11:08
48e44ade86ca1387,M67854-26-D-0080,Vertex Modernization and Sustainment LLC,,NAVY,"Procurement of 10 Tempest vehicles and associated software management, spares, ancillary components, training, and services for Unmanned Aerial System threat mitigation.","Portfolio Acquisition Executive Marine Corps, Program Manager Ground Based Air Defense, Quantico, Virginia",2026-08-11,2026-08-11,1,0,19062156,19062156,,true,2026-09-02 18:11:08
28637d5ae7ad0456,N00024-21-C-5393,BAE Systems Land & Armaments L.P.,BA,NAVY,MK 41 Vertical Launching System Mechanical Design Agent support.,"Naval Sea Systems Command, Washington Navy Yard, D.C.",2026-08-28,2026-08-28,1,1,,167496594,343300000,false,2026-09-02 18:11:08
2368f5b7dd645cd4,W912DQ-26-D-A018,HDR Engineering Inc.,,ARMY,"Architect-engineer services including civil planning, design, and support during construction for civil works projects and other assigned missions within the U.S. Army Corps of Engineers, Northwestern Division's area of operations.","U.S. Army Corps of Engineers, Kansas City, Missouri",2026-08-07,2026-08-07,1,0,95000000,95000000,,true,2026-09-02 18:11:08
e16cecfa5d58e74e,N00024-22-C-5218,L3 Technologies Inc.,LHX,NAVY,Spares.,"Naval Sea Systems Command, Washington, D.C.",2026-07-17,2026-07-17,1,1,,11885868,,false,2026-09-02 18:11:08
b8d9d72bc64dad16,N00189-26-D-W011,Leidos Inc.,LDOS,NAVY,"Engineering and technical support services for the Hopper Global Communication Center (GCC) at the Office of Naval Intelligence, providing broad range of support to intelligence systems and applications.","Naval Supply Systems Command Fleet Logistics Center Norfolk, Contracting Department, Philadelphia, Pennsylvania",2026-07-15,2026-07-15,1,0,64812131,64812131,,true,2026-09-02 18:11:08
dd9558dea2225c74,FA853226DB019,Lockheed Martin,LMT,AIR FORCE,Next generation aerospace and ground equipment to modernize and source aerospace and ground equipment.,"Air Force Material Command Air Force Life Cycle Management Center, Support Equipment and Vehicles, Robins Air Force Base, Warner Robins, Georgia",2026-08-17,2026-08-17,1,0,920000000,920000000,,true,2026-09-02 18:11:08
ade11ab462c89295,SPE1C1-26-D-0064,"McRae Industries Inc.,*",,DEFENSE LOGISTICS AGENCY,General purpose and flight deck boots.,"Defense Logistics Agency Troop Support, Philadelphia, Pennsylvania",2026-07-16,2026-07-16,1,0,32998023,32998023,,true,2026-09-02 18:11:08
5732e1195ebfefdf,N00024-26-C-5340,Raytheon Missiles and Defense,RTX,NAVY,"Production of AEGIS Weapon System Fire Control System MK 99 equipment, AEGIS modernization equipment, and associated engineering support for the Navy and foreign military sales to Australia and Japan.","Naval Sea Systems Command, Washington, D.C.",2026-08-03,2026-08-03,1,0,271493519,271493519,302476216,true,2026-09-02 18:11:08
827f372c7029b994,SPE8E3-26-D-0012,"SupplyCore Inc.,*",,DEFENSE LOGISTICS AGENCY,"Facilities maintenance, repair and operations supplies.","Defense Logistics Agency Troop Support, Philadelphia, Pennsylvania",2026-07-31,2026-07-31,1,0,90000000,90000000,,true,2026-09-02 18:11:08
75cea6ba9d7ab00c,N39430-26-D-2020,Tetra Tech Inc.,TTEK,NAVY,"Provide petroleum, oil and lubricants engineering and design services for systems and supporting facilities at various Navy and Marine Corps installations worldwide.","Naval Facilities Engineering and Expeditionary Warfare Center, Port Hueneme, California",2026-08-31,2026-08-31,1,0,145000000,145000000,,true,2026-09-02 18:11:08
21f77b37c207eabf,W912HP-26-C-A013,The Dutra Group,,ARMY,Charleston Lower Harbor maintenance dredging project work.,"U.S. Army Corps of Engineers, Charleston, South Carolina",2026-07-28,2026-07-28,1,0,28175500,28175500,,true,2026-09-02 18:11:08
ca52b740b6bfaa5c,HTC71124DW016/P0007,Schuyler Line Navigation Co. LLC,,OTHER,"International ocean and intermodal, time definite, port-to-port, and door-to-door transportation services for containerized and breakbulk cargo under the Universal Services Contract-10 program.","The U.S. Transportation Command, Directorate of Acquisition, Scott Air Force Base, Illinois",2026-07-15,2026-07-15,1,0,800000000,800000000,2325000000,true,2026-09-02 18:11:08
b3c1228c781fda35,FA2377-26-C-B034,Northrop Grumman Systems Corp.,NOC,AIR FORCE,Research and development for algorithm development for multiple sensors.,"Air Force Research Laboratory, Wright-Patterson Air Force Base, Ohio",2026-07-17,2026-07-17,1,0,14776103,14776103,,true,2026-09-02 18:11:08
930d66d6b2fb8bb4,W58RGZ-24-C-0036,The Boeing Co.,BA,ARMY,AH-64E Apache aircraft maintenance support.,"Army Contracting Command, Redstone Arsenal, Alabama",2026-07-31,2026-07-31,1,1,,22282170,110086534,false,2026-09-02 18:11:08
c077dde78e2cf0a6,N00024-26-C-6104,Lockheed Martin Corp.,LMT,NAVY,Production of lightweight low-cost conformal arrays.,"Naval Sea Systems Command, Washington, D.C.",2026-08-07,2026-08-07,1,0,24766887,24766887,,true,2026-09-02 18:11:08
39b333ac663d29cb,W15QKN-26-D-0015,"AMTEC Corp.,*",,ARMY,"Non-recurring engineering development, manufacturing, design and testing support interoperable with 20mm, 25mm, 30mm x 113mm, 30mm x 173mm, and 50mm weapon systems.","Army Contracting Command, Newark, New Jersey",2026-06-24,2026-06-24,1,0,83600000,83600000,,true,2026-09-02 18:11:08
a8ae207f051e0e55,SPE605-26-D-8526,Ahntech Inc.,,DEFENSE LOGISTICS AGENCY,Various types of fuel.,"Defense Logistics Agency Energy, Fort Belvoir, Virginia",2026-08-21,2026-08-21,1,0,21523103,21523103,,true,2026-09-02 18:11:08
4e9aaf5d81d05a08,W52P1J-20-F-0137,Akima Facilities Operations LLC,,ARMY,"Maintenance, transportation and supply services under a modification.","Army Contracting Command, Rock Island Arsenal, Illinois",2026-07-10,2026-07-10,1,1,,36685831,,false,2026-09-02 18:11:08
0484af73a9ef2f7f,W912P8-26-C-A031,"B&K Construction Co. LLC,*",,ARMY,"Clearing and grubbing, degrading preload areas, placing sand fill, compacted clay embankment, driving steel sheet pile cutoff, driving steel pipe piles, constructing reinforced concrete T-type floodwalls, fabricating and installing a structural steel swing gate, and related work.","U.S. Army Corps of Engineers, New Orleans, Louisiana",2026-07-09,2026-07-09,1,0,11839945,11839945,,true,2026-09-02 18:11:08
854fff14e00e9663,N00024-24-C-5324,BAE Systems Land & Armaments L.P,BA,NAVY,"MK 41 Vertical Launching System canister and ancillary equipment production for U.S., Australia, Japan, and Netherlands under Foreign Military Sales program.","Naval Sea Systems Command, Washington, D.C.",2026-08-18,2026-08-18,1,1,,169216659,,false,2026-09-02 18:11:08
d3ebb7a4bc0f501e,SPRBL1-26-D-0014,Bren-Tronics Defense LLC,,DEFENSE LOGISTICS AGENCY,AU CSEL rechargeable battery units.,"Defense Logistics Agency Weapons Support, Aberdeen Proving Grounds, Maryland",2026-08-25,2026-08-25,1,0,9794375,9794375,,true,2026-09-02 18:11:08
f3f06ee170d7b1fd,W911SR-26-D-A005,Chemring Sensors and Electronic Systems Inc.,CHR,ARMY,"Joint Biological Tactical Detection System full rate production, including manufacturing, testing, program and logistic support, and delivery of technical data.","U.S. Army Contracting Command, Aberdeen Proving Ground, Maryland",2026-06-26,2026-06-26,1,0,48811629,48811629,,true,2026-09-02 18:11:08
2fb69444a1b8490d,W9128A-26-D-A012,"DBK LLC,*",,ARMY,Architect-engineer and construction management services for the design of miscellaneous projects in Pacific Ocean Honolulu area of responsibility.,"U.S. Army Corps of Engineers, Honolulu, Hawaii",2026-06-26,2026-06-26,1,0,9900000,9900000,,true,2026-09-02 18:11:08
d3b69ec575175f11,W31P4Q-26-C-0018,DRS Network & Imaging Systems LLC,,ARMY,Engineering services in support of the Improved Bradley Acquisition Subsystem.,"Army Contracting Command, Redstone Arsenal, Alabama",2026-07-08,2026-07-08,1,0,55714779,55714779,,true,2026-09-02 18:11:08
42a0a1e00228a82e,N39430-26-D-2004,"Dawson Technical Inc.,*",,NAVY,"Construction, maintenance, repair, and engineering services for pipelines, fuel storage tanks, and associated petroleum oil lubricant facilities and equipment.","Naval Facilities Engineering and Expeditionary Warfare Center, Port Hueneme, California",2026-08-21,2026-08-21,1,0,997000000,997000000,,true,2026-09-02 18:11:08
20c4506eb64e3744,FA853226DB011,Defense Engineering Services LLC,,AIR FORCE,Next generation aerospace and ground equipment to modernize and source aerospace and ground equipment.,"Air Force Material Command Air Force Life Cycle Management Center, Support Equipment and Vehicles, Robins Air Force Base, Warner Robins, Georgia",2026-08-17,2026-08-17,1,0,920000000,920000000,,true,2026-09-02 18:11:08
6aae78748939cd83,W9126G-26-C-A032,Emerson Construction Co.,,ARMY,Construction and installation of a chilled water central energy plant.,"U.S. Army Corps of Engineers, Fort Worth, Texas",2026-08-28,2026-08-28,1,0,27794900,27794900,34000000,true,2026-09-02 18:11:08
79e009ebee5b94ca,W9128A-26-D-A019,"Engineering Partners Inc.,*",,ARMY,"Architect-engineer services (electrical) for the design of miscellaneous projects in the U.S. Army Corps of Engineers, Pacific Ocean Division's area of responsibility.","U.S. Army Corps of Engineers, Honolulu, Hawaii",2026-08-07,2026-08-07,1,0,9900000,9900000,,true,2026-09-02 18:11:08
785544a430bd9207,N39430-26-D-2005,Environmental Chemical Corp.,,NAVY,"Construction, maintenance, repair, and engineering services for pipelines, fuel storage tanks, and associated petroleum oil lubricant facilities and equipment.","Naval Facilities Engineering and Expeditionary Warfare Center, Port Hueneme, California",2026-08-21,2026-08-21,1,0,997000000,997000000,,true,2026-09-02 18:11:08
8cf296d5be89f9b3,N6893621G0003,"Epsilon C5I Inc.,*",,NAVY,"Continued expansion, evolution, implementation, and furnishing of VISION technology, a full-motion video, multi-intelligence analysis capability for multi-source intelligence analysis in support of Small Business Innovation Research Phase III topic N101-100.","Naval Air Warfare Center Weapons Division, China Lake, California",2026-08-21,2026-08-21,1,0,9327502,9327502,,true,2026-09-02 18:11:08
4f10a1a0873b808e,FA255326CB007,Fire Creek Services Co.,,AIR FORCE,"Operational test and training infrastructure capability as a service collaborative environment with development of enterprise architectures, interfaces, and connectivity for Space Systems Command.","Space Systems Command, Colorado Springs, Colorado",2026-06-22,2026-06-22,1,0,15288959,15288959,,true,2026-09-02 18:11:08
6ea1b56a1cf7e3ec,N6893619C0039,General Dynamics Ordnance and Tactical Systems Defense Research Institute Inc.,GD,NAVY,Production and delivery of warhead cases and fuzewells for U/RGM-109E Tactical Tomahawk missiles for the Navy.,"Naval Air Warfare Center Weapons Division, China Lake, California",2026-08-20,2026-08-20,1,1,,41571985,,false,2026-09-02 18:11:08
e609dea2eb24a7d7,N64498-26-D-1020,"Green Build USA LLC, doing business as Federal Contracting Protocol,*",,NAVY,"Roofing sustainment, maintenance, and repair procurement.","Naval Surface Warfare Center, Philadelphia Division, Philadelphia, Pennsylvania",2026-07-28,2026-07-28,1,0,10877052,10877052,,true,2026-09-02 18:11:08
ee7b04f2ad55519e,FA853226DB016,HDT,,AIR FORCE,Next generation aerospace and ground equipment to modernize and source aerospace and ground equipment.,"Air Force Material Command Air Force Life Cycle Management Center, Support Equipment and Vehicles, Robins Air Force Base, Warner Robins, Georgia",2026-08-17,2026-08-17,1,0,920000000,920000000,,true,2026-09-02 18:11:08
dd1b11e94d6f127f,HTC71124DW008/P0010,Hapag-Lloyd USA LLC,,OTHER,"International ocean and intermodal, time definite, port-to-port, and door-to-door transportation services for containerized and breakbulk cargo under the Universal Services Contract-10 program.","The U.S. Transportation Command, Directorate of Acquisition, Scott Air Force Base, Illinois",2026-07-15,2026-07-15,1,0,800000000,800000000,2325000000,true,2026-09-02 18:11:08
525c315f4c68444b,W56KGY-26-D-A003,Heaviside Industries Inc.,,ARMY,"Procurement, fielding, upgrades, and sustainment of the Heaviside MOTH spectrum analyzer.","Army Contracting Command, Aberdeen Proving Ground, Maryland",2026-08-27,2026-08-27,1,0,99000000,99000000,,true,2026-09-02 18:11:08
712cb4ec0c891535,SPE4AX-26-D-9007,"Hudson Technologies Co.,*",,DEFENSE LOGISTICS AGENCY,Supply of industrial gas and cylinders.,"Defense Logistics Agency Weapons Support, Richmond, Virginia",2026-08-05,2026-08-05,1,0,210399912,210399912,,true,2026-09-02 18:11:08
262ef85a03154982,W5168W-26-D-A032,"KD EPPS-CYE JV LLC,*",,ARMY,"Construction work including administrative, recreational, billeting, workshops, maintenance and training facilities, and general construction trades.","Army Field Directorate Office, Fort Sam Houston, Texas",2026-07-15,2026-07-15,1,0,193000000,193000000,,true,2026-09-02 18:11:08
de506a1c586bfa07,FA8823-26-F-B017,Lockheed Martin Services LLC,LMT,AIR FORCE,Provide GPS control segment modifications for command and control capability of the next generation GPS III follow-on space vehicles.,"Space Systems Command, Peterson Space Force Base, Colorado Springs, Colorado",2026-07-07,2026-07-07,1,0,10068764,10068764,,true,2026-09-02 18:11:08
cda0d4d25bd31715,47QTCA22A000C,MCP Computer Products Inc.,,OTHER,Dell laptops and associated equipment.,"USSOCOM, MacDill AFB, Florida",2026-08-28,2026-08-28,1,0,17643430,17643430,,true,2026-09-02 18:11:08
40cb3278cbd606aa,W912P7-26-C-A023,"MGE Engineering Inc.,*",,ARMY,Levee and floodwall design of reaches two and three of the Pajaro River.,"U.S. Army Corps of Engineers, San Francisco, California",2026-08-25,2026-08-25,1,0,10188308,10188308,11707286,true,2026-09-02 18:11:08
42e99cc9719846be,W9128A-26-D-A021,"MK Engineers Ltd.,*",,ARMY,"Architect-engineer services (electrical) for the design of miscellaneous projects in the U.S. Army Corps of Engineers, Pacific Ocean Division's area of responsibility.","U.S. Army Corps of Engineers, Honolulu, Hawaii",2026-08-07,2026-08-07,1,0,9900000,9900000,,true,2026-09-02 18:11:08
4c421d07b45d7621,N00024-25-C-4303,"Nikira Labs, Inc.,*",,NAVY,"Continued development, production, and installation of spectroscopic total air monitor on U.S. Navy submarines.","Naval Sea Systems Command, Washington, D.C.",2026-08-18,2026-08-18,1,1,,12924874,,false,2026-09-02 18:11:08
f5c430ab144c5f51,W912WJ-26-D-A002,P & S Construction Inc.,,ARMY,Design-build construction services for various projects.,"U.S. Army Corps of Engineers, Concord, Massachusetts",2026-08-10,2026-08-10,1,0,90000000,90000000,,true,2026-09-02 18:11:08
0f3403807a92efcd,FA8214-24-C-0004,Persistent Systems LLC,,AIR FORCE,Integration of Regional Operating Picture requirement into Wave Relay Tactical Assault Kit contract.,"Air Force Nuclear Weapons Center, Hill Air Force Base, Utah",2026-08-10,2026-08-10,1,1,,104661109,146420185,false,2026-09-02 18:11:08
91ab6c56fa0f735d,N6449826D1028,"Q.E.D. Systems Inc.,*",,NAVY,"Hull, mechanical and electrical machinery and systems services in support of surface fleet, submarine, shore-based installations, and various maritime vessels and land-based sites.","Naval Surface Warfare Center Philadelphia Division, Philadelphia, Pennsylvania",2026-08-19,2026-08-19,1,0,112833317,112833317,112833317,true,2026-09-02 18:11:08
b7403691ddb2045e,N42158-22-D-S006,"QED Systems Inc.,*",,NAVY,"Overhaul services to service craft (barges), small boats, and camel systems (fendering) under custodianship of Norfolk Naval Shipyard.","Norfolk Naval Shipyard, Portsmouth, Virginia",2026-06-26,2026-06-26,1,1,,14242839,43600000,false,2026-09-02 18:11:08
6d377238180fe85c,N00383-26-D-0014,Rockwell Collins Inc.,RTX,NAVY,"Logistics, repair and spare support for the AN/ARC-210(V) radio system including GEN5 and GEN6 iterations.","Naval Supply Systems Command Weapon Systems Support, Philadelphia, Pennsylvania",2026-08-04,2026-08-04,1,0,82040906,82040906,,true,2026-09-02 18:11:08
0e96adf0d6b6999f,W9128A-26-D-A016,"SLI-AECOM JV2,*",ACM,ARMY,Architect-engineer and construction management services for the design of miscellaneous projects in Pacific Ocean Honolulu area of responsibility.,"U.S. Army Corps of Engineers, Honolulu, Hawaii",2026-06-26,2026-06-26,1,0,9900000,9900000,,true,2026-09-02 18:11:08
2b4d1efd8255fc45,N00189-26-D-L0120,"Saildrone Inc.,*",,NAVY,High-resolution ocean floor mapping services using long-endurance unmanned surface vehicles for the Naval Oceanographic Office (NAVOCEANO).,"Naval Supply Systems Command Fleet Logistics Center Norfolk, Norfolk, Virginia",2026-07-30,2026-07-30,1,0,40000000,40000000,,true,2026-09-02 18:11:08
bd3e99030b9ffba0,FA8811-25-D-B006,"Stoke Space Technologies, Inc.",,AIR FORCE,National Security Space Launch Phase Three Lane One modifications that cumulatively increase the ceiling.,"Space Systems Command, Space Access, Los Angeles Air Force Base, California",2026-07-17,2026-07-17,1,1,,11400000000,17000000000,false,2026-09-02 18:11:08
9ae883d860abaa9e,N3220526D1012,"Stratascor LLC, doing business as StratasCorp Technologies",,NAVY,"Technical support services for command, control, communications, and computers (C4) capabilities aboard Military Sealift Command's fleet of ships and operation and sustainment of the MSC Network Operations Centers.","MSC, Norfolk, Virginia",2026-07-01,2026-07-01,1,0,99000000,99000000,,true,2026-09-02 18:11:08
09fc2cadea976c90,W900KK-26-D-A022,TRU Simulation + Training,,ARMY,"Family of Maintenance Trainers indefinite delivery, indefinite quantity contract including analysis, design, development, production, installation, integration, test, upgrades, technology refresh, modifications, skills sustainment, cybersecurity, and instruction.","Army Contracting Command, Orlando, Florida",2026-06-23,2026-06-23,1,0,396000000,396000000,,true,2026-09-02 18:11:08
4250a7d598e897b3,SPE605-26-D-8520,Tayrona Oil,,DEFENSE LOGISTICS AGENCY,Various types of fuel.,"Defense Logistics Agency Energy, Fort Belvoir, Virginia",2026-08-21,2026-08-21,1,0,23108812,23108812,,true,2026-09-02 18:11:08
4f8a5a09d08b2d80,FA853226DB013,Torch Technologies,,AIR FORCE,Next generation aerospace and ground equipment to modernize and source aerospace and ground equipment.,"Air Force Material Command Air Force Life Cycle Management Center, Support Equipment and Vehicles, Robins Air Force Base, Warner Robins, Georgia",2026-08-17,2026-08-17,1,0,920000000,920000000,,true,2026-09-02 18:11:08
6ac83a3f752f0051,HTC71124DW023/P0010,US Ocean LLC,,OTHER,"International ocean and intermodal, time definite, port-to-port, and door-to-door transportation services for containerized and breakbulk cargo under the Universal Services Contract-10 program.","The U.S. Transportation Command, Directorate of Acquisition, Scott Air Force Base, Illinois",2026-07-15,2026-07-15,1,0,800000000,800000000,2325000000,true,2026-09-02 18:11:08
68dcdc727a2787ac,W50S8H-26-D-A029,"Upstate Construction Services Inc.,*",,ARMY,"Maintenance, repair, and construction services at various locations.","U.S. Property and Fiscal Office, New York",2026-06-29,2026-06-29,1,0,45000000,45000000,,true,2026-09-02 18:11:08
ec6297a1212eda79,SPE2DH-26-D-0016,Verathon Inc.,,DEFENSE LOGISTICS AGENCY,Airway and urology visualization equipment for the Defense Logistics Agency Electronic Catalog.,"Defense Logistics Agency Troop Support, Philadelphia, Pennsylvania",2026-07-16,2026-07-16,1,0,19800000,19800000,,true,2026-09-02 18:11:08
5212a48abf461f9d,W912DQ-26-D-A025,"Water Resources Solutions-Intuition & Logic JV LLC,*",,ARMY,"Architect-engineer services including civil planning, design, and support during construction for civil works projects and other assigned missions within the U.S. Army Corps of Engineers, Northwestern Division's area of operations.","U.S. Army Corps of Engineers, Kansas City, Missouri",2026-08-07,2026-08-07,1,0,95000000,95000000,,true,2026-09-02 18:11:08
68e9337a3bf2c903,W5168W-26-D-A021,"Webb Construction Group Inc.,*",,ARMY,"Construction work including administrative, recreational, billeting, workshops, maintenance and training facilities, and general construction trades.","Army Field Directorate Office, Fort Sam Houston, Texas",2026-07-15,2026-07-15,1,0,193000000,193000000,,true,2026-09-02 18:11:08
dac542aa3d75d6ff,FA7000-26-C-0016,Yorktown Systems Group Inc.,,AIR FORCE,Warfighter Training Support Services for the U.S. Air Force Academy.,"10th Contracting Squadron, U.S. Air Force Academy, Colorado",2026-08-03,2026-08-03,1,0,51565132,51565132,,true,2026-09-02 18:11:08
86f4e485409bc16c,HTC71124DW025/P0006,Young Brothers LLC,,OTHER,"International ocean and intermodal, time definite, port-to-port, and door-to-door transportation services for containerized and breakbulk cargo under the Universal Services Contract-10 program.","The U.S. Transportation Command, Directorate of Acquisition, Scott Air Force Base, Illinois",2026-07-15,2026-07-15,1,0,800000000,800000000,2325000000,true,2026-09-02 18:11:08
209adce1fc6b512a,W91278-22-C-0008,Hensel Phelps Construction Co.,,ARMY,"Equitable adjustment to settle material, equipment and labor costs for construction proceedings.","U.S. Army Corps of Engineers, Mobile, Alabama",2026-07-22,2026-07-22,1,1,,10000000,,false,2026-09-02 18:11:08
2a3709fbe41860ea,SPRDL1-26-C-0118,Honeywell International Inc.,HON,DEFENSE LOGISTICS AGENCY,Inertial navigation units.,"Defense Logistics Agency Weapons Support, Warren, Michigan",2026-08-21,2026-08-21,1,0,9123852,9123852,,true,2026-09-02 18:11:08
99bde8e6e47fedfa,N6600126R0095,Booz Allen Hamilton Inc.,BAH,NAVY,"Operational exercise design and construction, operations and requirements analysis, concept formulation and development, feasibility demonstrations, and operational and technical support including systems engineering, requirements verification and validation, software and hardware design, systems integration, test and evaluation, and DevSecOps methodologies.","Naval Information Warfare Center Pacific, San Diego, California",2026-08-13,2026-08-13,1,0,278000000,278000000,400000000,true,2026-09-02 18:11:08
1c7d0ea7f409455e,FA8307-26-D-B001,L3 Technologies Inc.,LHX,AIR FORCE,Repair of Multifunctional Information Distribution System Low Volume Terminal and Joint Tactical Radio System equipment.,"Air Force Life Cycle Management Center, Cryptologic and Cyber Systems Division, San Antonio, Texas",2026-08-04,2026-08-04,1,0,22600376,22600376,,true,2026-09-02 18:11:08
ac52cd7509a5ac74,SPE4AX-21-D-P002,Northrop Grumman Systems Corp.,NOC,DEFENSE LOGISTICS AGENCY,LEX L/H wing extensions.,"Defense Logistics Agency Weapons Support, Richmond, Virginia",2026-06-30,2026-06-30,2,2,,18806883,,false,2026-09-02 18:11:08
da160beb4c8bdb66,N44255-21-D-5007,The Dutra Group,,NAVY,"New construction, repair, alteration, renovation, demolition, dredging, and related construction services for marine waterfront facilities and supporting infrastructure within NAVFAC Northwest area of responsibility.","NAVFAC Northwest, Silverdale, Washington",2026-08-07,2026-08-07,1,1,,54000000,380000000,false,2026-09-02 18:11:08
e9ff296ea8f7a746,N00383-26-F-YY1N,The Boeing Co.,BA,NAVY,Repair of 27 distributed targeting processor networks in support of the F-18 aircraft.,"Naval Supply Systems Command Weapon Systems Support, Philadelphia, Pennsylvania",2026-07-22,2026-07-22,1,0,18798154,18798154,,true,2026-09-02 18:11:08
218752e5de5b5dfa,W31P4Q-26-C-0013,Lockheed Martin Corp.,LMT,ARMY,Converting a one-year undefinitized contract action into a seven-year multiyear procurement for PATRIOT Advanced Capability-3 (PAC-3) Missile Segment Enhancement missiles production.,"Army Contracting Command, Redstone Arsenal, Alabama",2026-07-30,2026-07-30,1,1,,53859843289,58620843289,false,2026-09-02 18:11:08
dd757d3eff801594,W31P4Q-26-C-0011,Northrop Grumman Systems Corp.,NOC,ARMY,"Engineering support, integrated product support, field service representative support, and training and training material support software products.","Army Contracting Command, Redstone Arsenal, Alabama",2026-07-22,2026-07-22,1,1,,27888512,,false,2026-09-02 18:11:08
b9842bb5ec45e842,FA8214-21-D-0002,Northrop Grumman Systems Corp.,NOC,AIR FORCE,"Provide program management, maintenance, sustaining engineering and support services for the Remote Visual Assessment (RVA) program.","The Air Force Nuclear Weapons Center, Hill AFB, Utah",2026-08-31,2026-08-31,1,0,86069000,86069000,,true,2026-09-02 18:11:08
bb1d868a5e334b47,N62470-26-C-0007,1080 Constructors,,NAVY,Power reliability and water resiliency upgrades at Portsmouth Naval Shipyard.,"Naval Facilities Engineering Systems Command, Atlantic, Norfolk Virginia",2026-08-27,2026-08-27,1,0,654316365,654316365,,true,2026-09-02 18:11:08
88a1d2f8ccf08d83,W911S2-26-C-A004,"APEX Engineering PLLC,*",,ARMY,Architect and engineering services to modernize the acid area tank farm at the Radford Army Ammunition Plant.,"Army 419th Contracting Support Brigade, Fort Drum, New York",2026-08-26,2026-08-26,1,0,16220928,16220928,,true,2026-09-02 18:11:08
3c01e0543519d3a9,S002126DE001,ASRC Research and Technology Solutions LLC,,OTHER,Defense Counterintelligence and Security Agency Case Processing Operations Center support services.,"DCSA Procurement Solutions, Quantico, Virginia",2026-08-20,2026-08-20,1,0,20000000,20000000,,true,2026-09-02 18:11:08
16e4c62fe7e32f05,N0001426C1315,"Agrippa Industries Inc.,*",,NAVY,"Development of a low-cost logistics solution using adapted commercial maritime vessels to enable logistics at scale for military operations, including design modifications, launch, recovery, load, and offload capabilities.","Office of Naval Research, Arlington, Virginia",2026-08-19,2026-08-19,1,0,18997203,18997203,18997203,true,2026-09-02 18:11:08
8d51cba0cba00b62,HTC71124DW001/P0008,Alaska Marine Lines Inc.,,OTHER,"International ocean and intermodal, time definite, port-to-port, and door-to-door transportation services for containerized and breakbulk cargo under the Universal Services Contract-10 program.","The U.S. Transportation Command, Directorate of Acquisition, Scott Air Force Base, Illinois",2026-07-15,2026-07-15,1,0,800000000,800000000,2325000000,true,2026-09-02 18:11:08
406088acff084a38,HQ003426DE019,Applied Environmental Inc,,OTHER,"Environmental, planning, and resiliency technical support including multimedia environmental compliance, resiliency, incident response and recovery, natural resources, and cultural resources.","Washington Headquarters Services, Arlington, Virginia",2026-07-29,2026-07-29,1,0,50000000,50000000,,true,2026-09-02 18:11:08
9720f220c2d30f94,N6449826D1022,"Atlantic Fabrication & Boiler Services Inc.,*",,NAVY,"Hull, mechanical and electrical machinery and systems services in support of surface fleet, submarine, shore-based installations, and various maritime vessels and land-based sites.","Naval Surface Warfare Center Philadelphia Division, Philadelphia, Pennsylvania",2026-08-19,2026-08-19,1,0,112833317,112833317,112833317,true,2026-09-02 18:11:08
0ed43cd93d59c662,W56HZV-22-D-0082,BAE Systems Land & Armaments L.P.,BA,ARMY,General-purpose variant of the Cold Weather All-Terrain Vehicle.,"Army Contracting Command, Detroit Arsenal, Michigan",2026-06-29,2026-06-29,1,1,,34521965,,false,2026-09-02 18:11:08
8c4cfca17243f154,SPE3S1-26-D-Z100,Baxters North America Inc.,,DEFENSE LOGISTICS AGENCY,Cold and hot modular operational ration enhancement under indefinite-delivery/indefinite-quantity contract for five-year period.,"Defense Logistics Agency Troop Support, Philadelphia, Pennsylvania",2026-06-23,2026-06-23,1,0,66645000,66645000,,true,2026-09-02 18:11:08
77b7f36daea86f7f,W911S0-26-D-A009,BeaverFit North America LLC,,ARMY,"Design and construction of Holistic Health and Fitness structures, human performance structures, wide span structures, and human performance equipment and systems.","Army Field Directorate Office, Fort Eustis, Virginia",2026-08-04,2026-08-04,1,0,350000000,350000000,,true,2026-09-02 18:11:08
7e17006596116c01,W912DR-26-C-A014,"Bering Straits Global Innovations LLC,*",,ARMY,"Road widening from a two-lane undivided road to a four-lane divided roadway, installation of vehicular drop arm structures, an emergency gate, minor modifications to security fences, and installation of office trailers.","U.S. Army Corps of Engineers, Baltimore, Maryland",2026-06-25,2026-06-25,1,0,20889408,20889408,22247220,true,2026-09-02 18:11:08
8884f561588aee01,FA8811-24-D-B002,Blue Origin LLC,,AIR FORCE,National Security Space Launch Phase Three Lane One modifications that cumulatively increase the ceiling.,"Space Systems Command, Space Access, Los Angeles Air Force Base, California",2026-07-17,2026-07-17,1,1,,11400000000,17000000000,false,2026-09-02 18:11:08
8e817c31de607aa2,N00189-26-D-L016,"Blue Water Autonomy Inc.,*",,NAVY,High-resolution ocean floor mapping services using long-endurance unmanned surface vehicles for the Naval Oceanographic Office (NAVOCEANO).,"Naval Supply Systems Command Fleet Logistics Center Norfolk, Norfolk, Virginia",2026-07-30,2026-07-30,1,0,40000000,40000000,,true,2026-09-02 18:11:08
7f37b147773bc044,N40080-26-D-1016,Bluestone Environmental Group Inc.,,NAVY,Multi-media environmental compliance services for projects throughout NAVFAC Washington area of responsibility.,"Naval Facilities Engineering Systems Command Washington, Washington, D.C.",2026-07-10,2026-07-10,1,0,45000000,45000000,,true,2026-09-02 18:11:08
69d204865b18ab6d,N6449826D1024,"Continental Tide Defense Systems Inc.,*",,NAVY,"Hull, mechanical and electrical machinery and systems services in support of surface fleet, submarine, shore-based installations, and various maritime vessels and land-based sites.","Naval Surface Warfare Center Philadelphia Division, Philadelphia, Pennsylvania",2026-08-19,2026-08-19,1,0,112833317,112833317,112833317,true,2026-09-02 18:11:08
cfc91b2f5e7a861c,FA5205-26-D-0007,Continuity Global Solutions LLC,,AIR FORCE,Information protection services for building construction under an indefinite-delivery contract.,"The 35th Contracting Squadron, Misawa Air Base, Japan",2026-07-10,2026-07-10,1,0,9999999,9999999,,true,2026-09-02 18:11:08
5a1dbb691dec9351,FA8250-26-D-B001,Decryptor Inc.,,AIR FORCE,Repair services for the 415th Supply Chain Management Squadron.,"The Air Force Sustainment Center, Hill Air Force Base, Utah",2026-07-30,2026-07-30,1,0,300000000,300000000,,true,2026-09-02 18:11:08
c3a8f034c6133d0b,FA8903-26-D-0035,Defense Roofing Solutions 2 LLC,,AIR FORCE,"Roofing, repair, and replacement services including low-slope, steep-slope, and metal roofing system work.","772nd Enterprise Sourcing Squadron, Joint Base San Antonio–Lackland, Texas",2026-06-29,2026-06-29,1,0,450000000,450000000,,true,2026-09-02 18:11:08
3ee613715b0330f8,N40080-26-D-1011,"EVCON-CWC JV,*",,NAVY,"Large-scale military infrastructure projects including new construction, demolition, repair, alteration, and renovation of buildings, systems and infrastructure with civil, structural, mechanical, electrical, fire protection, and communication systems.","NAVFAC Washington, Washington Navy Yard, Washington, D.C.",2026-06-25,2026-06-25,1,0,8000000000,8000000000,,true,2026-09-02 18:11:08
794493ecf1618679,W911QX-26-C-A016,Elroy Air Inc.,,ARMY,Development of an autonomous group-IV hybrid vertical take-off and landing unmanned aircraft system for modular multi-mission payload delivery.,"Army Contracting Command, Aberdeen Proving Ground, Maryland",2026-08-17,2026-08-17,1,0,46058871,46058871,,true,2026-09-02 18:11:08
9c1ddb96aea9b78b,N39430-26-D-2016,"Enterprise Engineering Inc.,*",,NAVY,"Provide petroleum, oil and lubricants engineering and design services for systems and supporting facilities at various Navy and Marine Corps installations worldwide.","Naval Facilities Engineering and Expeditionary Warfare Center, Port Hueneme, California",2026-08-31,2026-08-31,1,0,145000000,145000000,,true,2026-09-02 18:11:08
eb80bac3a4dbba1c,N6274226D1801,Far Western Anthropological Research Group Inc.,,NAVY,Cultural resource technical services including archaeology monitoring and data recovery.,"NAVFAC Pacific, Pearl Harbor, Hawaii",2026-08-20,2026-08-20,1,0,70000000,70000000,,true,2026-09-02 18:11:08
7a26b402ced87cd1,N3220526D0001,Fincantieri Marine Systems North America,FCT,NAVY,Ship service diesel generator services for Military Sealift Command's Expeditionary Fast Transport Class vessels.,"Military Sealift Command, Norfolk, Virginia",2026-08-20,2026-08-20,1,0,49500000,49500000,,true,2026-09-02 18:11:08
40de2d05c946860d,W91236-26-D-A002,"GMHILL BAKER JV LLC,*",,ARMY,Broad range of architect and engineering services to support construction projects located primarily in the Norfolk District area of responsibility and the North Atlantic Division.,"U.S. Army Corps of Engineers, Norfolk, Virginia",2026-06-23,2026-06-23,1,0,45000000,45000000,45000000,true,2026-09-02 18:11:08
41d68f5d83e34052,W15QKN-26-D-0014,General Dynamics Ordnance and Tactical Systems,GD,ARMY,"Non-recurring engineering development, manufacturing, design and testing support interoperable with 20mm, 25mm, 30mm x 113mm, 30mm x 173mm, and 50mm weapon systems.","Army Contracting Command, Newark, New Jersey",2026-06-24,2026-06-24,1,0,83600000,83600000,,true,2026-09-02 18:11:08
f06363862f82e029,N0001926D1004,General Electric (GE) Aerospace,GE,NAVY,"Commercial depot-level services regarding standard rework of Navy and Marine Corps T700-GE-401 series engines, cold section modules and power turbine modules.","The Naval Air Systems Command, Patuxent River, Maryland",2026-07-30,2026-07-30,1,0,117852737,117852737,,true,2026-09-02 18:11:08
6e680e4f7fda27c6,FA8109-26-D-B015,"Goodrich Corp., doing business as Goodrich Corp, A New York Corp.",RTX,AIR FORCE,Exchange or repair of commercial and non-commercial aircraft parts for the KC-46 aircraft weapon system.,"Air Force Sustainment Center, Materiel Support Contracting Division, Strategic Contracting Section, Tinker Air Force Base, Oklahoma",2026-06-29,2026-06-29,1,0,470978031,470978031,,true,2026-09-02 18:11:08
c0b6268ca9843dc3,W58RGZ-26-F-0404,"Griffon Aerospace Inc.,*",,ARMY,"Griffon Outlaw systems, support equipment and field service representatives for system use and employment.","Army Contracting Command, Redstone Arsenal, Alabama",2026-08-25,2026-08-25,1,0,132978776,132978776,,true,2026-09-02 18:11:08
e6510fe9a430aadd,HR001126FE079,Guidehouse Inc.,TECH,OTHER,"Operations support services including development, implementation, and maintenance of critical support functions such as facilities management, human resources and recruiting, visual media, compliance, financial management, and travel support.","The Defense Advanced Research Projects Agency, Arlington, Virginia",2026-08-27,2026-08-27,1,0,25335837,25335837,,true,2026-09-02 18:11:08
22270efd97ec4df7,W52P1J-12-G-0061,KBR Services LLC,KBR,ARMY,Complete care of supplies in storage and other maintenance of government equipment.,"Army Contracting Command, Rock Island, Illinois",2026-08-31,2026-08-31,1,1,,17000000,165655369,false,2026-09-02 18:11:08
21bc5ccc2fecaa3a,W9128F-26-D-A028,"Kemron/Arrowhead JV LLC,*",,ARMY,Environmental remediation services under a multi-award indefinite-delivery contract.,"U.S. Army Corps of Engineers, Omaha, Nebraska",2026-07-10,2026-07-10,1,0,249000000,249000000,,true,2026-09-02 18:11:08
773eb82fdaab0aeb,W91248-26-D-A021,"Kenall Inc.,*",,ARMY,Architect engineering design services for the planning and design of facilities and infrastructure for construction projects.,"Army 419th Contracting Support Brigade, Fort Campbell, Kentucky",2026-07-20,2026-07-20,1,0,249500000,249500000,,true,2026-09-02 18:11:08
41f326c1d51bcf31,W912HN-26-D-A013,Kimley-Hanson-Bergmann JV,,ARMY,"Disaster response, emergency repair, and infrastructure stabilization or reconstruction missions across civil works, military, and international and interagency services programs.","U.S. Army Corps of Engineers, Savannah, Georgia",2026-06-30,2026-06-30,1,0,49000000,49000000,,true,2026-09-02 18:11:08
284cc6f551667ccd,N6134021D0008,Miltrain JV LLC,,NAVY,Curriculum revision and maintenance services for Navy and non-Navy training programs at Navy and Marine Corps sites worldwide.,"Naval Air Warfare Center Training Systems Division, Orlando, Florida",2026-07-27,2026-07-27,1,1,,70000000,160000000,false,2026-09-02 18:11:08
6d3d9e19bf842190,FA8109-26-D-B011,Mission Systems Orchard Park Inc.,,AIR FORCE,Exchange or repair of commercial and non-commercial aircraft parts for the KC-46 aircraft weapon system.,"Air Force Sustainment Center, Materiel Support Contracting Division, Strategic Contracting Section, Tinker Air Force Base, Oklahoma",2026-06-29,2026-06-29,1,0,470978031,470978031,,true,2026-09-02 18:11:08
b8439356efac9ea7,FA254826CB006,"Modern Technology Solutions Inc. (MTSI),*",,AIR FORCE,System engineering and technical assistance support services for the entire acquisition lifecycle framework for the Space Rapid Capabilities Office.,"Space Rapid Capabilities Office, Kirtland Air Force Base, New Mexico",2026-07-24,2026-07-24,1,0,371332385,371332385,,true,2026-09-02 18:11:08
fd9eff94e5fd12ee,N39430-26-F1003,NORESCO LLC,,NAVY,"Energy improvements at Naval Base Ventura County, California via task order to a Department of Energy indefinite-delivery/indefinite-quantity contract.","Naval Facilities Engineering and Expeditionary Warfare Center, Port Hueneme, California",2026-07-31,2026-07-31,1,0,44318672,44318672,,true,2026-09-02 18:11:08
9194f74290253062,W9128F-26-D-A029,"Noreas-PIKA-ICS JV,*",,ARMY,Environmental remediation services under a multi-award indefinite-delivery contract.,"U.S. Army Corps of Engineers, Omaha, Nebraska",2026-07-10,2026-07-10,1,0,249000000,249000000,,true,2026-09-02 18:11:08
d97c8a820c270705,W91248-26-D-A022,"OEI-AECOM JV2 LLC,*",ACM,ARMY,Architect engineering design services for the planning and design of facilities and infrastructure for construction projects.,"Army 419th Contracting Support Brigade, Fort Campbell, Kentucky",2026-07-20,2026-07-20,1,0,249500000,249500000,,true,2026-09-02 18:11:08
eed22abfbca58768,FA8250-26-D-B009,Potomac Electric Corp.,,AIR FORCE,Repair services for the 415th Supply Chain Management Squadron.,"The Air Force Sustainment Center, Hill Air Force Base, Utah",2026-07-30,2026-07-30,1,0,300000000,300000000,,true,2026-09-02 18:11:08
a4e5d63168e81467,SPRMM1-26-P-MC86,RPM Supply Corp.,,DEFENSE LOGISTICS AGENCY,Centrifugal pumps.,"Defense Logistics Agency Weapons Support, Mechanicsburg, Pennsylvania",2026-07-31,2026-07-31,1,0,11733850,11733850,,true,2026-09-02 18:11:08
a8976b44317afe08,W911SR-26-D-SATL,"SAT-Lite Technologies LLC,*",,ARMY,Commercial off-the-shelf SAT-LTE hardware including motorized satellite antennas and associated electronics.,"Army Contracting Command, Aberdeen Proving Ground, Maryland",2026-07-10,2026-07-10,1,0,9900000,9900000,,true,2026-09-02 18:11:08
cc21a6f1aba281d2,SPRDL1-26-D-0037,Sechan Electronics Inc.,,DEFENSE LOGISTICS AGENCY,PDCU-R2 with containers.,"Defense Logistics Agency Weapons Support, Warren, Michigan",2026-07-23,2026-07-23,1,0,15690599,15690599,,true,2026-09-02 18:11:08
2d4e086d52293e5a,W912QR-26-D-A048,"Semper Tek Inc.,*",,ARMY,Design-bid-build construction services.,"U.S. Army Corps of Engineers, Louisville, Kentucky",2026-08-31,2026-08-31,1,0,160000000,160000000,,true,2026-09-02 18:11:08
3168ca1e25ff45a1,FA255326DB012,Sierra Space Corp.,,AIR FORCE,"Support to space and ground-based engineering activities to enhance test, evaluation, and training operations for the National Space Test and Training Complex Innovative Technology and Engineering - Space Test and Range Capability Development.","The Space Systems Command, Operational Test and Training Infrastructure, Colorado Springs, Colorado",2026-07-30,2026-07-30,1,0,981000000,981000000,,true,2026-09-02 18:11:08
4b820859a74113a6,FA5000-26-C-0008,"Skookum Educational Programs, doing business as Tessera",,AIR FORCE,"Base operations maintenance services including infrastructure operations, preventative maintenance, and facility inspections.","673rd Contracting Squadron, Joint Base Elmendorf-Richardson, Alaska",2026-08-10,2026-08-10,1,0,70006743,70006743,,true,2026-09-02 18:11:08
5aeebc2fff5a728a,FA8811-24-D-B003,Space Exploration Technologies Corp.,,AIR FORCE,National Security Space Launch Phase Three Lane One modifications that cumulatively increase the ceiling.,"Space Systems Command, Space Access, Los Angeles Air Force Base, California",2026-07-17,2026-07-17,1,1,,11400000000,17000000000,false,2026-09-02 18:11:08
e520fd0afea58fef,FA8134-26-D-B003,Strategic Mission Systems LLC,,AIR FORCE,E-4B sustainment and modernization with communication support services for E-4B mission systems.,"The Air Force Life Cycle Management Center, Tinker AFB, Oklahoma",2026-06-24,2026-06-24,1,0,24866449,24866449,,true,2026-09-02 18:11:08
4e717ba7920913fa,SPE2D1-22-D-0001,Stryker Sales,,DEFENSE LOGISTICS AGENCY,"Patient monitoring and capital equipment provision to Army, Navy, Air Force, Marine Corps and federal civilian agencies.","Defense Logistics Agency Troop Support, Philadelphia, Pennsylvania",2026-08-18,2026-08-18,1,1,,100000000,,false,2026-09-02 18:11:08
244a6f4236d7aeab,SPE7MX-26-D-0046,"SupplyCore LLC,*",,DEFENSE LOGISTICS AGENCY,Supply parts and logistics support for various water purification systems.,"Defense Logistics Agency Weapons Support, Columbus, Ohio",2026-07-27,2026-07-27,1,0,88750000,88750000,,true,2026-09-02 18:11:08
85bff5fe2c32eea0,FA8523-26-D-0001,"Symetrics Industries LLC, doing business as Extant Aerospace",,AIR FORCE,ALE-47 countermeasure dispenser system line replaceable unit and shop replaceable unit production.,"Air Force Life Cycle Management Center, Robins Air Force Base, Georgia",2026-08-28,2026-08-28,1,0,147310777,147310777,,true,2026-09-02 18:11:08
ae064c6f95f9dc1a,W911NF-26-D-A015,"TLN Worldwide Enterprise,*",,ARMY,"Establish and strengthen networks connecting the United States Department of War, United States Army Combat Capabilities Development Command Army Research Laboratory, and government partners with academia, industry, and other government agencies through science and technology education outreach initiatives.","U.S. Army Contracting Command, Aberdeen Proving Ground, Maryland",2026-06-26,2026-06-26,1,0,49000000,49000000,,true,2026-09-02 18:11:08
5d8fa2a02e0e294d,FA7037-26-D-0003,Telos Corp.,TLS,AIR FORCE,Cybersecurity framework modernization and implementation of artificial intelligence tools and capabilities.,"Air Combat Command, Acquisition Management and Integration Center, Joint Base San Antonio-Lackland, Texas",2026-08-28,2026-08-28,1,0,37777500,37777500,,true,2026-09-02 18:11:08
88795563fc6d9f90,W51701-26-C-A205,Tern AI Inc.,,ARMY,Independently Derived Positioning System and vehicle health and maintenance system under Phase III Small Business Innovation Research award.,"U.S. Army FUZE Contracting Center, Arlington, Virginia",2026-08-19,2026-08-19,1,0,11263793,11263793,,true,2026-09-02 18:11:08
147624abb1796b4e,W912EP-26-C-A022,The Haskell Co.,,ARMY,Hangar renovations.,"U.S. Army Corps of Engineers, Jacksonville, Florida",2026-07-30,2026-07-30,1,0,45223000,45223000,65183659,true,2026-09-02 18:11:08
c94685b9293076c6,HTC71124DW021/P0008,Tote Maritime Puerto Rico LLC,,OTHER,"International ocean and intermodal, time definite, port-to-port, and door-to-door transportation services for containerized and breakbulk cargo under the Universal Services Contract-10 program.","The U.S. Transportation Command, Directorate of Acquisition, Scott Air Force Base, Illinois",2026-07-15,2026-07-15,1,0,800000000,800000000,2325000000,true,2026-09-02 18:11:08
aa21d5dd29063d2c,W5168W-26-D-A029,"Trend Construction Inc.,*",,ARMY,"Construction work including administrative, recreational, billeting, workshops, maintenance and training facilities, and general construction trades.","Army Field Directorate Office, Fort Sam Houston, Texas",2026-07-15,2026-07-15,1,0,193000000,193000000,,true,2026-09-02 18:11:08
4418de0fdc35ea11,N00383-22-G-S801,Triumph Gear Systems Inc.,,NAVY,Repair of 63 mechanical actuators supporting Navy V-22 Osprey aircraft under a delivery order.,"Naval Supply Systems Command Weapon Systems Support, Philadelphia, Pennsylvania",2026-08-24,2026-08-24,1,0,20932317,20932317,,true,2026-09-02 18:11:08
0dcb87bc1d74d517,SPE605-26-D-9402,United Capital Investments Group Inc.,,DEFENSE LOGISTICS AGENCY,Various types of fuel.,"Defense Logistics Agency Energy, Fort Belvoir, Virginia",2026-07-08,2026-07-08,1,0,9574675,9574675,,true,2026-09-02 18:11:08
6f36452da0e0299c,M67004-26-D-0001,"Vertex Aerospace LLC, a V2X Co.",,NAVY,Logistic integration support services for the Marine Force Storage Command Logistics Integration Support Secondary Repairable program.,"Marine Corps Logistics Command, Albany, Georgia",2026-07-14,2026-07-14,1,0,390975307,390975307,390975307,true,2026-09-02 18:11:08
472cd945396edc94,FA8903-26-D-0019,Vision Construction International LLC,,AIR FORCE,"Roofing, repair, and replacement services for low-slope, steep-slope, and metal roofing systems at Air Force installations.","772nd Enterprise Sourcing Squadron, Joint Base San Antonio–Lackland, Texas",2026-07-31,2026-07-31,1,0,450000000,450000000,,true,2026-09-02 18:11:08
08a1eb3789f51051,N40085-26-C-0016,Walsh Federal LLC,,NAVY,Construction services for F-35 Aircraft Sustainment Center Phase I and CH-53K Composite Repair Facility.,"Naval Facilities Engineering Systems Command, Mid-Atlantic, Norfolk, Virginia",2026-07-15,2026-07-15,1,0,487972063,487972063,,true,2026-09-02 18:11:08
1c9365c1ff8e4924,FA853226DB017,Intuitive,,AIR FORCE,Next generation aerospace and ground equipment to modernize and source aerospace and ground equipment.,"Air Force Material Command Air Force Life Cycle Management Center, Support Equipment and Vehicles, Robins Air Force Base, Warner Robins, Georgia",2026-08-17,2026-08-17,1,0,920000000,920000000,,true,2026-09-02 18:11:08
d021b9fc707cab7e,HT003826DE009,Kearney & Co. P.C.,,OTHER,"All services and materials necessary to support the on-demand deployment of products within the Program Executive Office, Defense Healthcare Management Systems portfolio and related supporting components.","The Defense Health Agency Contracting Office, Arlington, Virginia",2026-07-30,2026-07-30,1,0,300000000,300000000,,true,2026-09-02 18:11:08
ae8531dd920731b0,W912P8-26-C-A027,Manson Construction Co.,,ARMY,Furnish one fully crewed and equipped self-propelled trailing suction hopper dredge.,"U.S. Army Corps of Engineers, New Orleans, Louisiana",2026-07-13,2026-07-13,1,0,13322000,13322000,26050500,true,2026-09-02 18:11:08
35eef7c88d0415fa,N6449826D1029,"Q.E.D. Systems Inc.,*",,NAVY,"Storage, overhaul, assessment, and repair of steam propulsion plant components, boiler appurtenances, steam valves, and associated equipment and systems used on various classes of Naval Ships.","Naval Surface Warfare Center Philadelphia Division, Philadelphia, Pennsylvania",2026-08-20,2026-08-20,1,0,30264872,30264872,,true,2026-09-02 18:11:08
19f692c5a95fde31,FA2401-25-C-0005,Science Applications International Corp.,SAIC,AIR FORCE,"Expanded integration requirements for Tranche Three satellite programs, including new capabilities, additional space vehicles, and broader contractor support.","The Space Development Agency, Washington, D.C.",2026-07-14,2026-07-14,1,1,,28073851,83514338,false,2026-09-02 18:11:08
601f9d7f62cbde92,W9124G-24-C-0007,CAE USA Inc.,CAE,ARMY,"Advanced helicopter flight training support, exercising Option Year Two.","Army Contracting Command, Fort Eustis, Virginia",2026-08-14,2026-08-14,1,1,,29423547,164526226,false,2026-09-02 18:11:08
1159b4e481e4f1ca,FA255326DB011,Rocket Lab USA Inc.,RKLB,AIR FORCE,"Support to space and ground-based engineering activities to enhance test, evaluation, and training operations for the National Space Test and Training Complex Innovative Technology and Engineering - Space Test and Range Capability Development.","The Space Systems Command, Operational Test and Training Infrastructure, Colorado Springs, Colorado",2026-07-30,2026-07-30,1,0,981000000,981000000,,true,2026-09-02 18:11:08
4365e0ad41859337,W15P7T-26-D-A004,Raytheon Co.,RTX,ARMY,"Depot-level repair, engineering and obsolescence sustainment of the AN/USC-28(V) strategic communications terminal.","Army Contracting Command, Aberdeen Proving Ground, Maryland",2026-07-30,2026-08-04,2,1,25000000,50000000,,true,2026-09-02 18:11:08
215c71b7106be615,FA255326DB013,The Boeing Co.,BA,AIR FORCE,"Support to space and ground-based engineering activities to enhance test, evaluation, and training operations for the National Space Test and Training Complex Innovative Technology and Engineering - Space Test and Range Capability Development.","The Space Systems Command, Operational Test and Training Infrastructure, Colorado Springs, Colorado",2026-07-30,2026-07-30,1,0,981000000,981000000,,true,2026-09-02 18:11:08
3ef84e1ef8b96c43,FA880725CB006,The Boeing Co.,BA,AIR FORCE,Evolved Strategic Satellite Communications Space Development and Production.,"Space Systems Command Satellite Communications and Positioning, Navigation and Timing, Los Angeles Air Force Base, California",2026-08-06,2026-08-06,1,1,,22630769,2869121687,false,2026-09-02 18:11:08
47b7c6e87efe4d5b,FA8109-26-D-B001,AAR Government Services Inc.,AIR,AIR FORCE,Exchange or repair of commercial and non-commercial aircraft parts for the KC-46 aircraft weapon system.,"Air Force Sustainment Center, Materiel Support Contracting Division, Strategic Contracting Section, Tinker Air Force Base, Oklahoma",2026-06-29,2026-06-29,1,0,470978031,470978031,,true,2026-09-02 18:11:08
614e8d01a01804e3,FA8903-26-D-0022,AR6 Construction & Engineering LLC,,AIR FORCE,"Roofing, repair, and replacement services for low-slope, steep-slope, and metal roofing systems at Air Force installations.","772nd Enterprise Sourcing Squadron, Joint Base San Antonio–Lackland, Texas",2026-07-31,2026-07-31,1,0,450000000,450000000,,true,2026-09-02 18:11:08
30f2be02b53b6048,SPE4A7-26-D-0269,AVOX Systems Inc.,,DEFENSE LOGISTICS AGENCY,Oxygen masks.,"Defense Logistics Agency Weapons Support, Richmond, Virginia",2026-08-10,2026-08-10,1,0,9201610,9201610,,true,2026-09-02 18:11:08
2d354246616718c5,W9128F-26-D-A033,"Affinis Freese and Nichols JV,*",,ARMY,Geotechnical architect and engineering services.,"U.S. Army Corps of Engineers, Omaha, Nebraska",2026-07-24,2026-07-24,1,0,12500000,12500000,,true,2026-09-02 18:11:08
d50fd0bbbfbcb282,W912BU-26-C-A037,"Agate Construction Co. Inc.,*",,ARMY,Repair or extension of existing storm water outfalls along the Atlantic Ocean coastline of Absecon Island.,"U.S. Army Corps of Engineers Philadelphia, Pennsylvania",2026-08-24,2026-08-24,1,0,19695000,19695000,,true,2026-09-02 18:11:08
7d59a94c8dd38a8e,W912CH-26-F-0040,Allison Transmission Inc.,ALSN,ARMY,"Production of new and upgraded transmissions, transmission kits, and system technical support services for the Abrams Main Battle Tank.","Army Contracting Command, Detroit Arsenal, Michigan",2026-08-05,2026-08-05,1,0,67480497,67480497,345169402,true,2026-09-02 18:11:08
fc78428032fa5993,N6449826D1021,"Amee Bay LLC,*",,NAVY,"Hull, mechanical and electrical machinery and systems services in support of surface fleet, submarine, shore-based installations, and various maritime vessels and land-based sites.","Naval Surface Warfare Center Philadelphia Division, Philadelphia, Pennsylvania",2026-08-19,2026-08-19,1,0,112833317,112833317,112833317,true,2026-09-02 18:11:08
a0854dda1bc8fc63,SPE2DF-26-D-0017,"Atlantic Diving Supply,*",,DEFENSE LOGISTICS AGENCY,Consumable dental supplies for the Defense Logistics Agency Electronic Catalog.,"Defense Logistics Agency Troop Support, Philadelphia, Pennsylvania",2026-07-09,2026-07-09,1,0,48000000,48000000,,true,2026-09-02 18:11:08
acdac8aa51c8a107,W50S8H-26-D-A013,"Black Horse Group LLC,*",,ARMY,"Maintenance, repair, and construction services at various locations.","U.S. Property and Fiscal Office, New York",2026-06-29,2026-06-29,1,0,45000000,45000000,,true,2026-09-02 18:11:08
60d8c0d7aa4f34f2,W912P8-26-D-A006,Boland Marine & Industrial LLC,,ARMY,"Inspection, maintenance, and repairs to hull, steel structures, dredging equipment, propulsion system, and auxiliary systems aboard the Dredge Wheeler.","U.S. Army Corps of Engineers, New Orleans, Louisiana",2026-06-26,2026-06-26,1,0,30957000,30957000,,true,2026-09-02 18:11:08
46952e9166ee3bae,W912EP-26-D-A007,"CSI/TSF JV LLC,*",,ARMY,"Geotechnical architectural and engineering services including core drilling, geotechnical subsurface sampling, testing, site investigations, and site preparation.","U.S. Army Corps of Engineers, Jacksonville, Florida",2026-08-20,2026-08-20,1,0,15000000,15000000,,true,2026-09-02 18:11:08
f11ac12335dbb589,FA853226DB008,Coherent Technical,,AIR FORCE,Next generation aerospace and ground equipment to modernize and source aerospace and ground equipment.,"Air Force Material Command Air Force Life Cycle Management Center, Support Equipment and Vehicles, Robins Air Force Base, Warner Robins, Georgia",2026-08-17,2026-08-17,1,0,920000000,920000000,,true,2026-09-02 18:11:08
cde69544f2ea2987,N6600126R0097,Cole Engineering Services Inc.,,NAVY,"Operational exercise design and construction, operations and requirements analysis, concept formulation and development, feasibility demonstrations, and operational and technical support including systems engineering, requirements verification and validation, software and hardware design, systems integration, test and evaluation, and DevSecOps methodologies.","Naval Information Warfare Center Pacific, San Diego, California",2026-08-13,2026-08-13,1,0,278000000,278000000,400000000,true,2026-09-02 18:11:08
4f35cec2cfbd66e8,M9549425D5002,Concurrent Technologies Corp.,,NAVY,Professional support services in support of Marine Corps Installations Command Headquarters.,"The Marine Corps Installations Command, Washington, D.C.",2026-08-21,2026-08-21,1,1,,96718238,198145615,false,2026-09-02 18:11:08
d8e71e0d3ab78d45,FA7014-26-C-0026,DATAMINR,,AIR FORCE,"Provides situational awareness, force protection, and indications and warnings on global events through publicly available information alerting.","Air Force District of Washington Contracting Directorate, Joint Base Andrews, Maryland",2026-08-26,2026-08-26,1,0,317806746,317806746,,true,2026-09-02 18:11:08
6a0cb0fc1e7db1d4,W31P4Q-19-F-E002,DigiFlight Inc.,,ARMY,Integrated logistics services in support of the Apache Attack Helicopter Project Office.,"Army Contracting Command, Redstone Arsenal, Alabama",2026-07-08,2026-07-08,1,1,,13617521,,false,2026-09-02 18:11:08
bd7be6ba14fd2e08,FA8109-26-D-B028,"Drake Air, Inc.",,AIR FORCE,Exchange or repair of commercial and non-commercial aircraft parts for the KC-46 aircraft weapon system.,"Air Force Sustainment Center, Materiel Support Contracting Division, Strategic Contracting Section, Tinker Air Force Base, Oklahoma",2026-06-29,2026-06-29,1,0,470978031,470978031,,true,2026-09-02 18:11:08
90a82dee2739a072,FA8250-26-D-B004,DuoTech Services LLC,,AIR FORCE,Repair services for the 415th Supply Chain Management Squadron.,"The Air Force Sustainment Center, Hill Air Force Base, Utah",2026-07-30,2026-07-30,1,0,300000000,300000000,,true,2026-09-02 18:11:08
68cfe52e690f58b2,FA8109-26-D-B014,"Eaton Aerospace LLC, doing business as Eaton Aerospace Jackson",ETN,AIR FORCE,Exchange or repair of commercial and non-commercial aircraft parts for the KC-46 aircraft weapon system.,"Air Force Sustainment Center, Materiel Support Contracting Division, Strategic Contracting Section, Tinker Air Force Base, Oklahoma",2026-06-29,2026-06-29,1,0,470978031,470978031,,true,2026-09-02 18:11:08
fd1c75c225889f64,FA8109-26-D-B013,"Eaton Aerospace LLC, doing business as Jackson South",ETN,AIR FORCE,Exchange or repair of commercial and non-commercial aircraft parts for the KC-46 aircraft weapon system.,"Air Force Sustainment Center, Materiel Support Contracting Division, Strategic Contracting Section, Tinker Air Force Base, Oklahoma",2026-06-29,2026-06-29,1,0,470978031,470978031,,true,2026-09-02 18:11:08
3e721199d1943825,W912QR-26-C-A025,"Energy Resilience Partners LLC,*",,ARMY,Design-bid-build construction project to provide an installation-level microgrid.,"U.S. Army Corps of Engineers, Louisville, Kentucky",2026-08-20,2026-08-20,1,0,45001324,45001324,,true,2026-09-02 18:11:08
fed0e86b9caff7cd,W911XK-26-C-A020,"G & G Steel Inc.,*",,ARMY,Fabrication and delivery of one replacement miter gate for the Poe Lock at the Soo Locks Complex.,"U.S. Army Corps of Engineers, Detroit, Michigan",2026-07-16,2026-07-16,1,0,14609132,14609132,,true,2026-09-02 18:11:08
f9e32f24cf0e2623,SPE2D2-26-D-0008,"GSMS Inc.,*",,DEFENSE LOGISTICS AGENCY,Duloxetine HCL DR capsules.,"Defense Logistics Agency Troop Support, Philadelphia, Pennsylvania",2026-07-16,2026-07-16,1,0,26636088,26636088,,true,2026-09-02 18:11:08
dac2ea5c9feabb4e,W912CH-25-C-0055,General Dynamics Land System,GD,ARMY,Abrams Engineering program.,"Army Contracting Command, Detroit Arsenal, Michigan",2026-06-25,2026-06-25,1,1,,209338000,849900000,false,2026-09-02 18:11:08
c17f424ecc8ba11f,W911QX-26-D-A004,"Genesis Systems LLC,*",,ARMY,"Research, development, testing, and direct procurement of WaterCube Atmospheric Water Generation family of systems for potable water production in austere and contested environments.","Army Contracting Command, Aberdeen Proving Ground, Maryland",2026-08-10,2026-08-10,1,0,49898000,49898000,,true,2026-09-02 18:11:08
f33958decc8c5b21,W912DQ-26-D-A021,HNTB Corp.,,ARMY,"Architect-engineer services including civil planning, design, and support during construction for civil works projects and other assigned missions within the U.S. Army Corps of Engineers, Northwestern Division's area of operations.","U.S. Army Corps of Engineers, Kansas City, Missouri",2026-08-07,2026-08-07,1,0,95000000,95000000,,true,2026-09-02 18:11:08
0eac076ee62a6a2f,N0001425C2204,"Integer Technologies LLC,*",,NAVY,"Research and development for intelligent autonomous systems conducting seabed warfare and undersea missions, including physics and data-based models for real-time processing of seabed warfare sensor datasets and autonomous decision-support capabilities.","The Office of Naval Research, Arlington, Virginia",2026-07-20,2026-07-20,1,1,,9769318,24803999,false,2026-09-02 18:11:08
e65ce303bf834ad9,N6600126R0107,Invictus International Consulting LLC,,NAVY,"Operational exercise design and construction, operations and requirements analysis, concept formulation and development, feasibility demonstrations, and operational and technical support including systems engineering, requirements verification and validation, software and hardware design, systems integration, test and evaluation, and DevSecOps methodologies.","Naval Information Warfare Center Pacific, San Diego, California",2026-08-13,2026-08-13,1,0,278000000,278000000,400000000,true,2026-09-02 18:11:08
6c6325565cf76383,FA7000-26-C-0013,Iron Bow Technologies LLC,,AIR FORCE,United States Air Forces in Europe (USAFE) Software Defined-Wide Area Network with Air Force CyberWorx to provide more resilient meshed networks to support sustainment and joint operations.,"10th Contracting Squadron, U.S. Air Force Academy, Colorado",2026-06-25,2026-06-25,1,0,15080000,15080000,,true,2026-09-02 18:11:08
d14a6b701277fe8b,W9124J-26-F-A069,K2 Group Inc.,,ARMY,Higher headquarters assessments as required by regulation and statute.,"Army Field Directorate Office, Fort Sam Houston, Texas",2026-08-28,2026-08-28,1,0,17864236,17864236,,true,2026-09-02 18:11:08
482e89641e14c4be,W91CRB-26-C-A-028,Kearney & Co. P.C.,,ARMY,Provide agreed upon procedures and performance audit testing services.,"Army Contracting Command, Aberdeen Proving Ground, Maryland",2026-07-07,2026-07-07,1,0,9505000,9505000,,true,2026-09-02 18:11:08
8ea65ff8b8367f9a,N6339422C0003,Laurel Technologies Partnership,,NAVY,"Manufacture, assembly, testing, and delivery of MK 41 Vertical Launching System launch control units, maintenance assistance modules, onboard repair parts, and installation kits.","Naval Surface Warfare Center, Port Hueneme Division, Port Hueneme, California",2026-07-21,2026-07-21,1,1,,21410959,,false,2026-09-02 18:11:08
fc560fa91b56b301,H9240826CE001P0001,Leidos Inc.,LDOS,OTHER,Procurement of All Up Rounds for the AGM-190A Small Cruise Missile program in support of U.S. Special Operations Command.,"USSOCOM, MacDill Air Force Base, Florida",2026-07-08,2026-07-08,1,1,,27202497,,false,2026-09-02 18:11:08
2407019313707a00,SPE7M2-26-C-0012,"Mainstream Engineering Corp.,*",,DEFENSE LOGISTICS AGENCY,Aircraft carrier release elements procurement.,"Defense Logistics Agency Land and Maritime, Columbus, Ohio",2026-07-28,2026-07-28,1,0,10357000,10357000,,true,2026-09-02 18:11:08
c2700a8b1c62bcdd,N00189-26-D-L011,Mantech Advanced Systems International Inc.,,NAVY,Aircraft carrier readiness support including professional engineering assistance and hazardous waste and material handling to ensure protection of personnel and the environment.,"Naval Supply Systems Command Fleet Logistics Center Norfolk, Norfolk, Virginia",2026-07-30,2026-07-30,1,0,147951314,147951314,,true,2026-09-02 18:11:08
0bfd474b946d6824,N0002426C4417,Marine Hydraulics International LLC,,NAVY,"Maintenance, modernization, and repair of USS San Antonio (LPD 17) during fiscal 2027 selected restricted availability including labor, supervision, equipment, production, testing, facilities, and quality assurance for critical modernization and maintenance.","Naval Sea Systems Command, Washington, D.C.",2026-08-13,2026-08-13,1,0,119369087,119369087,143677762,true,2026-09-02 18:11:08
d2d00ac444fc049c,N0042121D0033,Metrea Strategic Mobility Inc.,,NAVY,"Contractor-owned and operated air-to-air refueling services for pilot initial qualifications, recurring pilot refresher readiness training, and supporting fleet exercises.","Naval Air Warfare Center Aircraft Division, Patuxent River, Maryland",2026-07-23,2026-07-23,1,1,,938853731,,false,2026-09-02 18:11:08
3ba97fb074e1a8e2,SPE2DF-26-D-0016,Nobel Biocare USA LLC,,DEFENSE LOGISTICS AGENCY,Dental supplies and equipment for the Defense Logistics Agency Electronic Catalog.,"Defense Logistics Agency Troop Support, Philadelphia, Pennsylvania",2026-07-29,2026-07-29,1,0,48000000,48000000,,true,2026-09-02 18:11:08
5dfb0b46b3253c5b,W58RGZ-26-C-0009,Northrop Grumman,NOC,ARMY,Definitization of the contract.,"Army Contracting Command, Redstone Arsenal, Alabama",2026-08-13,2026-08-13,1,1,,158831128,,false,2026-09-02 18:11:08
d164ec87bc1a5197,FA255326DB007,Northrup Grumman System Corp.,NOC,AIR FORCE,"Support to space and ground-based engineering activities to enhance test, evaluation, and training operations for the National Space Test and Training Complex Innovative Technology and Engineering - Space Test and Range Capability Development.","The Space Systems Command, Operational Test and Training Infrastructure, Colorado Springs, Colorado",2026-07-30,2026-07-30,1,0,981000000,981000000,,true,2026-09-02 18:11:08
9c6a76bdc2e8577f,FA8811-25-D-B007,Rocket Lab USA Inc.,RKLB,AIR FORCE,National Security Space Launch Phase Three Lane One modifications that cumulatively increase the ceiling.,"Space Systems Command, Space Access, Los Angeles Air Force Base, California",2026-07-17,2026-07-17,1,1,,11400000000,17000000000,false,2026-09-02 18:11:08
d0a0ee64b1432f7b,SPE1C1-26-D-0061,Salute Industries Inc.,,DEFENSE LOGISTICS AGENCY,Men's and women's dress coats.,"Defense Logistics Agency Troop Support, Philadelphia, Pennsylvania",2026-06-30,2026-06-30,1,0,48346120,48346120,,true,2026-09-02 18:11:08
48f90312b6291e72,N6600126R0117,Scientific Research Corp.,,NAVY,"Operational exercise design and construction, operations and requirements analysis, concept formulation and development, feasibility demonstrations, and operational and technical support including systems engineering, requirements verification and validation, software and hardware design, systems integration, test and evaluation, and DevSecOps methodologies.","Naval Information Warfare Center Pacific, San Diego, California",2026-08-13,2026-08-13,1,0,278000000,278000000,400000000,true,2026-09-02 18:11:08
57a915cf3e90a8fc,FA8109-26-D-B024,"Source One Spares LLC, doing business as Source One Spares",,AIR FORCE,Exchange or repair of commercial and non-commercial aircraft parts for the KC-46 aircraft weapon system.,"Air Force Sustainment Center, Materiel Support Contracting Division, Strategic Contracting Section, Tinker Air Force Base, Oklahoma",2026-06-29,2026-06-29,1,0,470978031,470978031,,true,2026-09-02 18:11:08
4288258be1a0319b,FA4887-26-D-0008,Spur Nicklaus JV LLC,,AIR FORCE,"Multidisciplinary architect-engineer services including mechanical, electrical, fire protection, civil, structural, and architectural engineering Title I and Title II services to support various locations in Arizona.","56th Contracting Squadron, Luke Air Force Base, Arizona",2026-08-03,2026-08-03,1,0,25000000,25000000,,true,2026-09-02 18:11:08
ab07aa78c657bf8f,SPE300-21-D-3318,Sysco Syracuse,SYY,DEFENSE LOGISTICS AGENCY,Food service support for Army and Marine Corps.,"Defense Logistics Agency Troop Support, Philadelphia, Pennsylvania",2026-06-25,2026-06-25,1,1,,33203055,,false,2026-09-02 18:11:08
6c8216768cfbd1cf,47QREB19D0021,"Team Carney, Inc.",,OTHER,Non-personal services task order for instructional development and delivery to ensure preparedness and readiness of the security workforce for Defense Counterintelligence and Security Agency.,"DCSA Procurement Solutions, Quantico, Virginia",2026-07-14,2026-07-14,1,0,57916571,57916571,,true,2026-09-02 18:11:08
998a56635515d63f,FA8250-26-D-B012,Telecommunication Support Services Inc.,,AIR FORCE,Repair services for the 415th Supply Chain Management Squadron.,"The Air Force Sustainment Center, Hill Air Force Base, Utah",2026-07-30,2026-07-30,1,0,300000000,300000000,,true,2026-09-02 18:11:08
a556edbe53f5d647,W15QKN-26-D-A083,"The Productivity Team LLC,*",,ARMY,Ammunition industrial base engineering support services.,"Army Contracting Command, Newark, New Jersey",2026-07-09,2026-07-09,1,0,44622497,44622497,,true,2026-09-02 18:11:08
4fbdc60a8b493f28,FA8811-24-D-B001,United Launch Services LLC,,AIR FORCE,National Security Space Launch Phase Three Lane One modifications that cumulatively increase the ceiling.,"Space Systems Command, Space Access, Los Angeles Air Force Base, California",2026-07-17,2026-07-17,1,1,,11400000000,17000000000,false,2026-09-02 18:11:08
9265d338406c8dee,FA9451-26-C-X012,Verus Research LLC,,AIR FORCE,Laser effects and analysis research with technical expertise to enhance development of both test and data analysis capabilities.,"Air Force Research Laboratory, Kirtland AFB, New Mexico",2026-06-25,2026-06-25,1,0,94949999,94949999,,true,2026-09-02 18:11:08
f2dc87c01001d657,N00024-26-C-2409,"Walashek Industrial & Marine Inc. (Walashek),*",,NAVY,"Landing Craft, Air Cushion (LCAC) Extended Service Life Extension Program (E-SLEP) for LCAC 65.","Naval Sea Systems Command, Washington, D.C.",2026-07-30,2026-07-30,1,0,12188754,12188754,,true,2026-09-02 18:11:08
ed8fb1bea17f9cfc,W912CH-26-D-A113,"Washington Business Dynamics LLC,*",,ARMY,"Systems engineering and technical assistance staff support to the Product Director Virtual Training Systems which develops, acquires and sustains virtual training solutions that enhance Army readiness.","Army Contracting Command, Detroit Arsenal, Michigan",2026-08-13,2026-08-13,1,0,42083539,42083539,,true,2026-09-02 18:11:08
9a6436235e1a06f6,N6134026C1000,Bell Textron Inc.,TXT,NAVY,"Production and delivery of one AH-1Z helicopter flight training device for the Nigerian Air Force, including an initial spares kit.","Naval Air Warfare Center Training Systems Division, Orlando, Florida",2026-08-26,2026-08-26,1,0,18011737,18011737,,true,2026-09-02 18:11:08
7222bf04ad0240dc,FA2385-25-C-B023,Blue Origin LLC,,AIR FORCE,Define requirements for how Blue Origin systems and technologies could be used for the rocket cargo mission.,"The Air Force Research Laboratory, Wright-Patterson Air Force Base, Ohio",2026-07-31,2026-07-31,1,1,,11707762,13074453,false,2026-09-02 18:11:08
d312ca225909303a,N6600126R0105,General Dynamics Information Technology Inc.,GD,NAVY,"Operational exercise design and construction, operations and requirements analysis, concept formulation and development, feasibility demonstrations, and operational and technical support including systems engineering, requirements verification and validation, software and hardware design, systems integration, test and evaluation, and DevSecOps methodologies.","Naval Information Warfare Center Pacific, San Diego, California",2026-08-13,2026-08-13,1,0,278000000,278000000,400000000,true,2026-09-02 18:11:08
7e581a3df6827c6f,W912WJ-26-D-A003,"Structural Associates Inc.,*",,ARMY,Design-build construction services for various projects.,"U.S. Army Corps of Engineers, Concord, Massachusetts",2026-08-10,2026-08-10,1,0,90000000,90000000,,true,2026-09-02 18:11:08
22d35ba44ef0b63a,FA8807-26-C-B006,The Boeing Co.,BA,AIR FORCE,"Mobile User Objective System (MUOS) service life extension Phase II effort including design, development, build, launch support, and on-orbit test support of two MUOS satellites.","Space Systems Command, Los Angeles Air Force Base, California",2026-06-23,2026-06-23,1,0,2002862607,2002862607,,true,2026-09-02 18:11:08
bcccf67ebee4574a,N6339423C0009,General Dynamics Information Technology Inc.,GD,NAVY,"Provide in-service engineering support of the MK 41 Vertical Launching System, including production of Module Electronic Box, Hazard Electronic Box, and Launch Control Panel Assemblies.","Naval Surface Warfare Center, Port Hueneme Division, Port Hueneme, California",2026-08-31,2026-08-31,1,1,,43874231,,false,2026-09-02 18:11:08
974704430917539c,N0001924G0010,"Lockheed Martin Corp., Lockheed Martin Aeronautics Co.",LMT,NAVY,"Comprehensive diminishing manufacturing sources and material shortages management services for F-35 Joint Strike Fighter Air System, including supply chain monitoring, obsolescence management, and cost forecasting.","Naval Air Systems Command, Patuxent River, Maryland",2026-07-02,2026-08-18,6,2,14508319,1714551749,,true,2026-09-02 18:11:08
e1ae053dce40ad36,FA8807-26-F-B008,General Dynamics Mission Systems,GD,AIR FORCE,Task order for Ground Resiliency modernization of the Mobile User Objective Ground System and its supporting infrastructure.,"Space Systems Command, Satellite Communications and Positioning, Navigation and Timing Contracting Directorate, Los Angeles Air Force Base, California",2026-08-11,2026-08-11,1,0,30432841,30432841,,true,2026-09-02 18:11:08
9b3c23be0e2e658d,N44255-21-D-5004,Manson Construction Co.,,NAVY,"New construction, repair, alteration, renovation, demolition, dredging, and related construction services for marine waterfront facilities and supporting infrastructure within NAVFAC Northwest area of responsibility.","NAVFAC Northwest, Silverdale, Washington",2026-08-07,2026-08-07,1,1,,54000000,380000000,false,2026-09-02 18:11:08
953eac9b94888e40,W912CH-26-F-A172,AM General,,ARMY,Procure high mobility multipurpose wheeled vehicles.,"Army Contracting Command, Detroit Arsenal, Michigan",2026-08-14,2026-08-14,1,0,82236398,82236398,754550541,true,2026-09-02 18:11:08
3da9f0e148637a17,N6449826D1023,"AVMAC LLC,*",,NAVY,"Hull, mechanical and electrical machinery and systems services in support of surface fleet, submarine, shore-based installations, and various maritime vessels and land-based sites.","Naval Surface Warfare Center Philadelphia Division, Philadelphia, Pennsylvania",2026-08-19,2026-08-19,1,0,112833317,112833317,112833317,true,2026-09-02 18:11:08
0292dee76c46dbae,W912BU-26-C-A028,Agate Construction Co. Inc.,,ARMY,North Jetty repairs at Indian River Inlet.,"U.S. Army Corps of Engineers, Philadelphia, Pennsylvania",2026-06-30,2026-06-30,1,0,53000000,53000000,55400000,true,2026-09-02 18:11:08
2864d9b677b2f5fd,W58RGZ-25-C-0003,Amentum Services Inc.,,ARMY,Global aviation maintenance services.,"Army Contracting Command, Redstone Arsenal, Alabama",2026-06-29,2026-07-01,2,2,,28557892,377769702,false,2026-09-02 18:11:08
e45e41fa9536e75b,W15QKN-26-D-A094,BWAY Corp.,,ARMY,"Manufacture and delivery of PA154, PA157, and PA191 mortar ammunition metal containers.","Army Contracting Command, Newark, New Jersey",2026-08-25,2026-08-25,1,0,31710221,31710221,,true,2026-09-02 18:11:08
754104c1a4504ee8,N40080-26-D-1009,Balfour Beatty Construction LLC,BBL,NAVY,"Large-scale military infrastructure projects including new construction, demolition, repair, alteration, and renovation of buildings, systems and infrastructure with civil, structural, mechanical, electrical, fire protection, and communication systems.","NAVFAC Washington, Washington Navy Yard, Washington, D.C.",2026-06-25,2026-06-25,1,0,8000000000,8000000000,,true,2026-09-02 18:11:08
707d16c00eeadf0e,W9128F-26-D-A025,"Bhate TLI JV LLC,*",,ARMY,Environmental remediation services under a multi-award indefinite-delivery contract.,"U.S. Army Corps of Engineers, Omaha, Nebraska",2026-07-10,2026-07-10,1,0,249000000,249000000,,true,2026-09-02 18:11:08
e7c0d786f52371c2,SPE2DH-21-R-0002,"Buffalo Supply Inc.,*",,DEFENSE LOGISTICS AGENCY,Medical equipment and accessories.,"Defense Logistics Agency Troop Support, Philadelphia, Pennsylvania",2026-07-23,2026-07-23,1,0,42000000,42000000,,true,2026-09-02 18:11:08
5457beebe99417f8,N6600126R0099,CSA Global LLC,,NAVY,"Operational exercise design and construction, operations and requirements analysis, concept formulation and development, feasibility demonstrations, and operational and technical support including systems engineering, requirements verification and validation, software and hardware design, systems integration, test and evaluation, and DevSecOps methodologies.","Naval Information Warfare Center Pacific, San Diego, California",2026-08-13,2026-08-13,1,0,278000000,278000000,400000000,true,2026-09-02 18:11:08
bddc505cfe60925f,N6449826D1016,Canadian Commercial Corp./TransCanada Turbines,,NAVY,"Commercial depot-level overhaul of Navy, Coast Guard, Military Sealift Command, and Foreign Military LM2500 and LM2500+ marine gas turbine engines.","Naval Surface Warfare Center Philadelphia Division, Philadelphia, Pennsylvania",2026-07-13,2026-07-13,1,0,370226037,370226037,370226038,true,2026-09-02 18:11:08
e0c4a2b43d2abe3c,FA8903-26-D-0018,Carmen Roofing Services LLC,,AIR FORCE,"Roofing, repair, and replacement services including low-slope, steep-slope, and metal roofing system work.","772nd Enterprise Sourcing Squadron, Joint Base San Antonio–Lackland, Texas",2026-06-29,2026-06-29,1,0,450000000,450000000,,true,2026-09-02 18:11:08
8ce7b70dbd0ea9f1,W912PL-26-D-A005,"Cody M Stevens Construction Inc.,*",,ARMY,Construction activities in the Southern California footprint.,"U.S. Army Corps of Engineers, Los Angeles, California",2026-06-25,2026-06-25,1,0,99000000,99000000,,true,2026-09-02 18:11:08
4001cf921b5d4c74,FA8903-26-D-0036,DCR Services & Construction Inc.,,AIR FORCE,"Roofing, repair, and replacement services for low-slope, steep-slope, and metal roofing systems at Air Force installations.","772nd Enterprise Sourcing Squadron, Joint Base San Antonio–Lackland, Texas",2026-07-31,2026-07-31,1,0,450000000,450000000,,true,2026-09-02 18:11:08
4a8adb22b9714bf3,FA8109-26-D-B005,Davenport Aviation Inc.,,AIR FORCE,Exchange or repair of commercial and non-commercial aircraft parts for the KC-46 aircraft weapon system.,"Air Force Sustainment Center, Materiel Support Contracting Division, Strategic Contracting Section, Tinker Air Force Base, Oklahoma",2026-06-29,2026-06-29,1,0,470978031,470978031,,true,2026-09-02 18:11:08
0a9d4a020fbd2b4d,FA7014-24-F-0461,Deloitte Consulting LLP,,AIR FORCE,Technical support services.,"Air Force District of Washington Contracting Directorate, Joint Base Andrews, Maryland",2026-07-22,2026-07-22,1,1,,20527492,56372569,false,2026-09-02 18:11:08
ee6c868249bbba1a,N40084-26-D-1502,Fuji Construction Co. Ltd.,,NAVY,"Project design, construction, renovation, modernization, repair, and maintenance projects at U.S. government installations.","Naval Facilities Engineering Systems Command, Far East, Yokosuka, Japan",2026-07-30,2026-07-30,1,0,1000000000,1000000000,,true,2026-09-02 18:11:08
d99a7300532bef8d,FA8750-24-F-B008,General Atomics Integrated Intelligence Inc.,,AIR FORCE,Warfighter Integration Program Information Technology.,"The Air Force Research Laboratory, Rome New York",2026-07-15,2026-07-15,1,1,,9996111,34305286,false,2026-09-02 18:11:08
4e37ae095838d0d8,HT003826DE008,Great Hill Solutions LLC,,OTHER,"All services and materials necessary to support the on-demand deployment of products within the Program Executive Office, Defense Healthcare Management Systems portfolio and related supporting components.","The Defense Health Agency Contracting Office, Arlington, Virginia",2026-07-30,2026-07-30,1,0,300000000,300000000,,true,2026-09-02 18:11:08
38754c06e934ebc9,N0017426D1010,HDT Expeditionary Systems Inc.,,NAVY,M98 gas-particulate filter sets under indefinite-delivery/indefinite-quantity multiple award contract for five-year ordering period.,"The Naval Surface Warfare Center, Indian Head Division, Indian Head, Maryland",2026-06-23,2026-06-23,1,0,53000000,53000000,,true,2026-09-02 18:11:08
6b868de4dde95abd,W9128F-26-C-A044,Hensel Phelps Construction Co.,,ARMY,"Facilities sustainment, restoration and modernization at the U.S. Air Force Academy.","U.S. Army Corps of Engineers, Omaha, Nebraska",2026-07-16,2026-07-16,1,0,120209500,120209500,,true,2026-09-02 18:11:08
46283e37d34066c5,W912HZ-26-F-A111,Hewlett Packard Enterprise Co.,HPE,ARMY,"Production use, delivery, installation, and maintenance of a high-performance computing system.","U.S. Army Corps of Engineers, Engineering Research and Development Center, Vicksburg, Mississippi",2026-06-24,2026-06-24,1,0,28000000,28000000,43610577,true,2026-09-02 18:11:08
c835203c251e22db,N6600126R0106,Highbury Defense Group,,NAVY,"Operational exercise design and construction, operations and requirements analysis, concept formulation and development, feasibility demonstrations, and operational and technical support including systems engineering, requirements verification and validation, software and hardware design, systems integration, test and evaluation, and DevSecOps methodologies.","Naval Information Warfare Center Pacific, San Diego, California",2026-08-13,2026-08-13,1,0,278000000,278000000,400000000,true,2026-09-02 18:11:08
c87935fbcc805ea1,SPE2DF-26-D-0015,Hu-Friedy Manufacturing Co. LLC,,DEFENSE LOGISTICS AGENCY,Dental supplies and equipment for the Defense Logistics Agency Electronic Catalog.,"Defense Logistics Agency Troop Support, Philadelphia, Pennsylvania",2026-07-14,2026-07-14,1,0,48300000,48300000,,true,2026-09-02 18:11:08
97bd36d0595f9531,W9128A-26-D-A013,"Hunter Atlantic LLC,*",,ARMY,Architect-engineer and construction management services for the design of miscellaneous projects in Pacific Ocean Honolulu area of responsibility.,"U.S. Army Corps of Engineers, Honolulu, Hawaii",2026-06-26,2026-06-26,1,0,9900000,9900000,,true,2026-09-02 18:11:08
13e9eb7275866556,N6274226D1804,International Archaeology LLC,,NAVY,Cultural resource technical services including archaeology monitoring and data recovery.,"NAVFAC Pacific, Pearl Harbor, Hawaii",2026-08-20,2026-08-20,1,0,70000000,70000000,,true,2026-09-02 18:11:08
144c690326494053,W912P9-26-C-A007,J. F. Brennan Co. Inc.,,ARMY,"Removal of existing riprap, installation of a sheet pile separator wall, and associated dredging and fill operations at a lock and dam.","U.S. Army Corps of Engineers, St. Louis, Missouri",2026-06-30,2026-06-30,1,0,43671933,43671933,,true,2026-09-02 18:11:08
0ffb03c065f3311d,W50S8H-26-D-A020,"K2 Contracting Group LLC,*",,ARMY,"Maintenance, repair, and construction services at various locations.","U.S. Property and Fiscal Office, New York",2026-06-29,2026-06-29,1,0,45000000,45000000,,true,2026-09-02 18:11:08
61768562535d4e5a,N40084-26-D-1504,Kyunan Co. Ltd.,,NAVY,"Project design, construction, renovation, modernization, repair, and maintenance projects at U.S. government installations.","Naval Facilities Engineering Systems Command, Far East, Yokosuka, Japan",2026-07-30,2026-07-30,1,0,1000000000,1000000000,,true,2026-09-02 18:11:08
c87b32e2f36c4a08,W91CRB-26-C-5057,L3Harris Global Communications Inc.,LHX,ARMY,"Procurement of tactical communications equipment, hardware, and integration kits including GPS jamming land shield antennas, AN/PRC-167 50W vehicle accessory kits, AN/PRC-163 standard vehicle accessory kits, dismount soldier audio solutions, RF-7800I intercom systems, ruggedized tablets, and HC2 and CROWS software integration packages.","Army Contracting Command, Aberdeen Proving Ground, Maryland",2026-07-08,2026-07-08,1,0,10780902,10780902,,true,2026-09-02 18:11:08
ade8cb8caf1228d5,W91238-26-D-A001,"Landology Inc.,*",,ARMY,Mitigation and vegetation clearing efforts within the Sacramento District Civil Works Area of Responsibility.,"U.S. Army Corps of Engineers, Sacramento, California",2026-06-25,2026-06-25,1,0,99000000,99000000,,true,2026-09-02 18:11:08
9e5ef2fd6b041915,FA8250-26-D-B008,Linmarr Associates Inc.,,AIR FORCE,Repair services for the 415th Supply Chain Management Squadron.,"The Air Force Sustainment Center, Hill Air Force Base, Utah",2026-07-30,2026-07-30,1,0,300000000,300000000,,true,2026-09-02 18:11:08
310df183cf86123a,SPRDL1-26-C-0113,"Loc Performance Products LLC, doing business as American Rheinmetall",RMT,DEFENSE LOGISTICS AGENCY,Supply of vehicular track shoes.,"Defense Logistics Agency Weapons Support, Warren, Michigan",2026-08-05,2026-08-05,1,0,18917898,18917898,,true,2026-09-02 18:11:08
0e8e9ce6101337f8,N00024-18-C-6258,Lockheed Martin Corporation,LMT,NAVY,Production of the Integrated Submarine Imaging System for new construction and in-service submarines.,"Naval Sea Systems Command, Washington, D.C.",2026-06-26,2026-06-26,1,1,,51764071,63397435,false,2026-09-02 18:11:08
1def24f6478c45b0,N00024-18-C-2301,Lockheed Martin Corp. Rotary & Mission Systems,LMT,NAVY,"Engineering and management support for the lead ship Multi-Mission Surface Combatant (MMSC-1) post shakedown availability, industrial post-delivery availability, and continuous maintenance availability under Foreign Military Sales program for the Kingdom of Saudi Arabia.","The Supervisor of Shipbuilding, Conversion, and Repair, Bath, Maine",2026-07-30,2026-08-17,2,1,29425505,103289928,,true,2026-09-02 18:11:08
4269a06257d22613,N42158-22-D-S003,"Lyon Shipyard & Fabrication, LLC.,*",,NAVY,"Overhaul services to service craft (barges), small boats, and camel systems (fendering) under custodianship of Norfolk Naval Shipyard.","Norfolk Naval Shipyard, Portsmouth, Virginia",2026-06-26,2026-06-26,1,1,,14242839,43600000,false,2026-09-02 18:11:08
f0f6717dddce3b0e,FA8109-26-D-B020,MABA Aero LLC,,AIR FORCE,Exchange or repair of commercial and non-commercial aircraft parts for the KC-46 aircraft weapon system.,"Air Force Sustainment Center, Materiel Support Contracting Division, Strategic Contracting Section, Tinker Air Force Base, Oklahoma",2026-06-29,2026-06-29,1,0,470978031,470978031,,true,2026-09-02 18:11:08
75a7324685ae5540,W5168W-26-D-A022,"Maloof Weathertight Solutions LLC,*",,ARMY,"Construction work including administrative, recreational, billeting, workshops, maintenance and training facilities, and general construction trades.","Army Field Directorate Office, Fort Sam Houston, Texas",2026-07-15,2026-07-15,1,0,193000000,193000000,,true,2026-09-02 18:11:08
10298816a8366e55,FA8520-26-D-B001,Marvin Engineering Co.,,AIR FORCE,Establish contract quantities for added power supplies.,"The Air Force Life Cycle Management Center, Robins Air Force Base, Georgia",2026-07-01,2026-07-01,1,1,,10247140,148464545,false,2026-09-02 18:11:08
0282e5c59bd54551,W91278-26-D-A075,"New South Associates,*",,ARMY,Cultural resources services.,"U.S. Army Corps of Engineers, Mobile, Alabama",2026-08-14,2026-08-14,1,0,9999999,9999999,,true,2026-09-02 18:11:08
4b5d76f04a5268dc,SPE300-26-D-P447,"Ole Tyme Produce,*",,DEFENSE LOGISTICS AGENCY,Fresh fruits and vegetables.,"Defense Logistics Agency Troop Support, Philadelphia, Pennsylvania",2026-07-21,2026-07-21,1,0,88138800,88138800,,true,2026-09-02 18:11:08
83e03e4039ab9d33,N6247826D2402,Opportunities & Resources Inc.,,NAVY,Custodial services at multiple locations around Joint Base Pearl Harbor-Hickam.,"Naval Facilities Engineering Systems Command, Honolulu, Hawaii",2026-08-21,2026-08-21,1,0,12226983,12226983,,true,2026-09-02 18:11:08
b1f4a3ab93592f1d,N40084-21-D-0060,PAE Government Services Inc.,,NAVY,"Base operations support at Marine Corps Air Station Iwakuni, Japan, providing bridge extension for essential recurring and non-recurring facility support services.","The Naval Facilities Engineering Systems Command Far East, Iwakuni, Japan",2026-06-24,2026-06-24,1,1,,16383576,204013973,false,2026-09-02 18:11:08
6b8d3c7e4f231857,HTC71124DW015/P0006,Patriot Contract Services LLC,,OTHER,"International ocean and intermodal, time definite, port-to-port, and door-to-door transportation services for containerized and breakbulk cargo under the Universal Services Contract-10 program.","The U.S. Transportation Command, Directorate of Acquisition, Scott Air Force Base, Illinois",2026-07-15,2026-07-15,1,0,800000000,800000000,2325000000,true,2026-09-02 18:11:08
4237db8d33b018b0,HT003826DE012,Planned Systems International Inc.,,OTHER,"All services and materials necessary to support the on-demand deployment of products within the Program Executive Office, Defense Healthcare Management Systems portfolio and related supporting components.","The Defense Health Agency Contracting Office, Arlington, Virginia",2026-07-30,2026-07-30,1,0,300000000,300000000,,true,2026-09-02 18:11:08
8a6186882e18a103,N4523A-26-D-1003,"Platypus Marine Inc.,*",,NAVY,"Repair and modernization of open lighter barges, utility floats, and utility float deep draft.","Puget Sound Naval Shipyard and Intermediate Maintenance Facility, Bremerton, Washington",2026-07-02,2026-07-02,1,0,24494585,24494585,,true,2026-09-02 18:11:08
f4ce995bfb68c60d,SPRDL1-26-D-0045,Pomp's Tire Service,,DEFENSE LOGISTICS AGENCY,Wheel and tire assemblies for the Palletized Loading system under a five-year indefinite-delivery contract.,"Defense Logistics Agency Weapons Support, Warren, Michigan",2026-07-10,2026-07-10,1,0,70184484,70184484,,true,2026-09-02 18:11:08
03459499373ad3b3,W912DY-26-C-A031,Pond Constructors Inc.,,ARMY,Preventive and corrective maintenance at multiple U.S. locations.,"U.S. Army Corps of Engineers' Engineering and Support Center, Huntsville, Alabama",2026-06-29,2026-06-29,1,0,15985996,15985996,,true,2026-09-02 18:11:08
1bec42ecf302fc6f,N0001925G0009,Raytheon,RTX,NAVY,"One Joint Precision Approach and Landing System, On Board Repair Parts and Installation and Check-Out Kit for the Government of Italy.","Naval Air Systems Command, Patuxent River, Maryland",2026-06-25,2026-07-09,2,0,12031117,114007117,,true,2026-09-02 18:11:08
2b16416c5080c906,N0017326C2426,Riptide Technology Inc.,,NAVY,"Research and development in support of Command, Control, Communications, Computers, Intelligence, Surveillance and Reconnaissance (C4ISR) for optimized, integrated operational space and ground systems.","NRL, Washington, D.C.",2026-08-21,2026-08-21,1,0,27736469,27736469,148293255,true,2026-09-02 18:11:08
4ae774cd0f76ab68,FA8903-26-D-0053,SBS-RSSI JV,,AIR FORCE,"Roofing, repair, and replacement services for low-slope, steep-slope, and metal roofing systems at Air Force installations.","772nd Enterprise Sourcing Squadron, Joint Base San Antonio–Lackland, Texas",2026-07-31,2026-07-31,1,0,450000000,450000000,,true,2026-09-02 18:11:08
6b331b19d894957e,W50S8H-26-D-A024,"SJ Thomas Co. Inc.,*",,ARMY,"Maintenance, repair, and construction services at various locations.","U.S. Property and Fiscal Office, New York",2026-06-29,2026-06-29,1,0,45000000,45000000,,true,2026-09-02 18:11:08
5a292a7403a243ef,N3220526C1245,Schuyler Line Navigation Co. LLC,,NAVY,"180-day time charter of four U.S. flag, roll-on/roll-off bow ramp equipped vessels capable of transporting a minimum capacity of 12,600 square feet combined.","Military Sealift Command, Norfolk, Virginia",2026-06-22,2026-06-22,1,0,37140000,37140000,,true,2026-09-02 18:11:08
5f9e54addccb2452,FA4600-26-F-0050,Spiral Solutions and Technologies Inc.,,AIR FORCE,"Joint exercise, training, assessment and related support including planning, development, execution, and analysis for U.S. Strategic Command.","55th Contracting Squadron, Offutt AFB, Nebraska",2026-07-22,2026-07-22,1,0,49141033,49141033,,true,2026-09-02 18:11:08
f394f852c7457c8e,N0001924D0126,Standard Aero Inc.,SARO,NAVY,"Continued depot repair of T56-A-427 engines including power section, torque meter, gearbox, and accessories.","Naval Air Systems Command, Patuxent River, Maryland",2026-08-20,2026-08-20,1,1,,62297771,,false,2026-09-02 18:11:08
3603de8183bad8cb,SPE605-26-D-8524,Stonewin LLC,,DEFENSE LOGISTICS AGENCY,Various types of fuel.,"Defense Logistics Agency Energy, Fort Belvoir, Virginia",2026-08-21,2026-08-21,1,0,12595375,12595375,,true,2026-09-02 18:11:08
bee10bc01c4b813e,N40027-26-F-3002,"Supply Chain Management Inc.1.com (SCMI1),*",,NAVY,"Technical and logistical services for Navy surface combat weapons systems maintenance, training, and installation operations.","Southeast Regional Maintenance Center, Mayport, Florida",2026-08-10,2026-08-10,1,0,20766943,20766943,20766943,true,2026-09-02 18:11:08
3f46c3746af3d3e2,W91QEY-26-D-A001,"Test and Training Support Services LLC,*",,ARMY,"Contractor services for management, administration, supervision, logistics, vehicle and equipment maintenance, motor pool functions, and supply warehouse functions to support operational field test events.","Army Test and Evaluation Command, Aberdeen Proving Ground, Maryland",2026-08-20,2026-08-20,1,0,32395007,32395007,77000000,true,2026-09-02 18:11:08
67260c7390ad4737,HT001426CE015,The Henry M. Jackson Foundation for the Advancement of Military Medicine,,OTHER,"Scientific leadership, traumatic brain injury subject matter expertise, and non-personal services support to advance the Defense Health Agency's Traumatic Brain Injury Center of Excellence, including military-relevant human subjects research, translation of findings into clinical decision-making tools, and development of clinical practice guidelines.","Defense Health Agency Contracting Activity, Healthcare Contracting Division – Northeast, Falls Church, Virginia",2026-08-25,2026-08-25,1,0,11455836,11455836,,true,2026-09-02 18:11:08
45868dcd1c422f37,N44255-26-D-0008,"Trevet-NOREAS JV LLC,*",,NAVY,Architect engineer services for environmental restoration services.,"NAVFAC Northwest, Silverdale, Washington",2026-07-17,2026-07-17,1,0,45000000,45000000,,true,2026-09-02 18:11:08
8462bfa2534eeb94,N44255-21-D-5008,Triton Marine Construction Group,,NAVY,"New construction, repair, alteration, renovation, demolition, dredging, and related construction services for marine waterfront facilities and supporting infrastructure within NAVFAC Northwest area of responsibility.","NAVFAC Northwest, Silverdale, Washington",2026-08-07,2026-08-07,1,1,,54000000,380000000,false,2026-09-02 18:11:08
d113515f719c77c6,W912QR-26-D-A049,"Valiant Construction LLC,*",,ARMY,Design-bid-build construction services.,"U.S. Army Corps of Engineers, Louisville, Kentucky",2026-08-31,2026-08-31,1,0,160000000,160000000,,true,2026-09-02 18:11:08
baefe31133786b0c,FA8109-26-D-B027,Velo Aviation LLC,,AIR FORCE,Exchange or repair of commercial and non-commercial aircraft parts for the KC-46 aircraft weapon system.,"Air Force Sustainment Center, Materiel Support Contracting Division, Strategic Contracting Section, Tinker Air Force Base, Oklahoma",2026-06-29,2026-06-29,1,0,470978031,470978031,,true,2026-09-02 18:11:08
c8e28a6564758a41,N40080-26-D-1014,"Walsh Federal LLC,*",,NAVY,"Large-scale military infrastructure projects including new construction, demolition, repair, alteration, and renovation of buildings, systems and infrastructure with civil, structural, mechanical, electrical, fire protection, and communication systems.","NAVFAC Washington, Washington Navy Yard, Washington, D.C.",2026-06-25,2026-06-25,1,0,8000000000,8000000000,,true,2026-09-02 18:11:08
deb4b032d78d8152,W50S8H-26-D-A030,"Welch Construction Inc.,*",,ARMY,"Maintenance, repair, and construction services at various locations.","U.S. Property and Fiscal Office, New York",2026-06-29,2026-06-29,1,0,45000000,45000000,,true,2026-09-02 18:11:08
6e291448cc01a21c,W911QX-26-C-A019,"Xtremis Inc.,*",,ARMY,Research and development of AI and machine learning methods for the detection of UAS.,"Army Contracting Command, Aberdeen Proving Ground, Maryland",2026-08-04,2026-08-04,1,0,13905295,13905295,46827900,true,2026-09-02 18:11:08
01c2c92f5d20f108,N39430-26-D-4002,"Appledore Marine Engineering,* LLC",,NAVY,Architect-engineering services for routine inspection of waterfront facilities.,"Naval Facilities Engineering and Expeditionary Warfare Center, Port Hueneme, California",2026-08-10,2026-08-10,1,0,,,,true,2026-09-02 18:11:08
96da9fe63798025a,W9126G-26-D-A058,"Emerald Energy & Exploration Land Co.,*",,ARMY,Real estate title services.,"U.S. Army Corps of Engineers, Fort Worth, Texas",2026-08-27,2026-08-27,1,0,19000000,19000000,,true,2026-09-02 18:11:08
ae7a67c35bf1bf91,W9128F-26-C-A039,Federal Contracting Inc.,,ARMY,Design-bid-build construction of ground-based strategic deterrent consolidated maintenance facility.,"U.S. Army Corps of Engineers, Omaha, Nebraska",2026-08-18,2026-08-18,1,0,143178782,143178782,148264645,true,2026-09-02 18:11:08
b2a64260909a58cc,W912HN-26-C-A027,Marinex Construction Inc.,,ARMY,"Maintenance dredging and related construction services including furnishing personnel, transportation, mobilization and demobilization, equipment and materials to remove up to five million six hundred thousand cubic yards of maintenance material from an inner harbor.","U.S. Army Corps of Engineers, Savannah, Georgia",2026-08-12,2026-08-12,1,0,33052500,33052500,37822500,true,2026-09-02 18:11:08
f6d2569bc4bf5e3c,W912QR-26-D-A047,"Red Eagle 3 JV,*",,ARMY,Design-bid-build construction services.,"U.S. Army Corps of Engineers, Louisville, Kentucky",2026-08-31,2026-08-31,1,0,160000000,160000000,,true,2026-09-02 18:11:08
4aeed6b5b41c542b,SPE4AX-20-D-9445,General Electric Co.,GE,DEFENSE LOGISTICS AGENCY,Additional lot payment for August 2026 for J85 engine supplies under Performance Period Five.,"Defense Logistics Agency Weapons Support, Richmond, Virginia",2026-08-03,2026-08-28,3,3,,339993060,,false,2026-09-02 18:11:08
dc4cb1b6b8813204,FA8809-25-C-B001,Impulse Space Inc.,,AIR FORCE,Two additional Mira space vehicles with government-furnished payloads for space domain awareness characterization in low Earth orbit.,"Space Systems Command, Kirtland Air Force Base, New Mexico",2026-07-29,2026-07-29,1,1,,27770000,62808900,false,2026-09-02 18:11:08
b4e6f271f4113595,W31P4Q-26-D-0016,Lockheed Martin Corp.,LMT,ARMY,Sentinel A4 radar production and engineering services.,"Army Contracting Command, Redstone Arsenal, Alabama",2026-06-30,2026-06-30,1,0,2998742163,2998742163,,true,2026-09-02 18:11:08
f942fc678dbcb84f,N00024-20-C-5392,Lockheed Martin Rotary and Mission Systems,LMT,NAVY,"Engineering integration, technical support, material, travel, and depot operations in support of the MK 41 Vertical Launching System electronic systems and computer programs.","Naval Sea Systems Command, Washington, D.C.",2026-08-05,2026-08-05,1,1,,20662551,,false,2026-09-02 18:11:08
a30fc33992563386,W31P4Q-23-C-0026,Raytheon Co.,RTX,ARMY,Full rate production and engineering services for the TOW Weapon System.,"Army Contracting Command, Redstone Arsenal, Alabama",2026-08-07,2026-08-07,1,1,,535975860,750818274,false,2026-09-02 18:11:08
c810c85590d79034,W31P4Q-26-F-0040,Raytheon Co.,RTX,ARMY,Maintenance of specialized training software and procurement of Plug and Fight A-Kit hardware.,"Army Contracting Command, Redstone Arsenal, Alabama",2026-08-27,2026-08-27,1,0,38378404,38378404,,true,2026-09-02 18:11:08
7548eb2c09af8310,N00383-22-G-YY01,The Boeing Co.,BA,NAVY,Procurement of 76 outer wing panels for F/A-18 aircraft.,"Naval Supply Systems Command Weapon Systems Support, Philadelphia, Pennsylvania",2026-08-10,2026-08-10,1,0,109027999,109027999,,true,2026-09-02 18:11:08
221196410c3b4067,FA8820-24-C-B001,Northrop Grumman Systems Corp.,NOC,AIR FORCE,"Deep Space Advanced Radar Capability (DARC) Site 2 pre-construction long-lead items, antenna hardware, antenna manufacturing, and pre-construction tasks.","Space Systems Command Directorate of Contracting, Peterson Space Force Base, Colorado",2026-08-25,2026-08-25,1,1,,215934576,495375991,false,2026-09-02 18:11:08
58690b3464d4fcb9,FA8625-16-C-6599,The Boeing Co.,BA,AIR FORCE,Procurement of initial spare parts for two fully mission capable VC-25B aircraft.,"The Air Force Life Cycle Management Center, Wright Patterson Air Force Base, Ohio",2026-08-14,2026-08-14,1,1,,75000000,4491794108,false,2026-09-02 18:11:08
65ee7242c5881b43,W911NF-26-D-A006,"A3L Federal Works,*",,ARMY,"Establish and strengthen networks connecting the United States Department of War, United States Army Combat Capabilities Development Command Army Research Laboratory, and government partners with academia, industry, and other government agencies through science and technology education outreach initiatives.","U.S. Army Contracting Command, Aberdeen Proving Ground, Maryland",2026-06-26,2026-06-26,1,0,49000000,49000000,,true,2026-09-02 18:11:08
bbdf340d7e985516,W58RGZ-26-G-0046,Aevex Aerospace LLC,,ARMY,Hardware and related items for unmanned aerial systems (UAS).,"Army Contracting Command, Redstone Arsenal, Alabama",2026-07-27,2026-07-27,1,0,10339776,10339776,,true,2026-09-02 18:11:08
1bdc2aeda44e5234,SPE8E3-26-D-0011,"ASRC Federal Facilities Logistics LLC,**",,DEFENSE LOGISTICS AGENCY,"Facilities maintenance, repair and operations supplies.","Defense Logistics Agency Troop Support, Philadelphia, Pennsylvania",2026-07-02,2026-07-02,1,0,90000000,90000000,,true,2026-09-02 18:11:08
56050eccf96cf533,N40084-26-D-1501,American Engineering Corp.,,NAVY,"Project design, construction, renovation, modernization, repair, and maintenance projects at U.S. government installations.","Naval Facilities Engineering Systems Command, Far East, Yokosuka, Japan",2026-07-30,2026-07-30,1,0,1000000000,1000000000,,true,2026-09-02 18:11:08
04fc4fb727e8baed,W50S8H-26-D-A010,"Armitage Architecture Inc.,*",,ARMY,"Maintenance, repair, and construction services at various locations.","U.S. Property and Fiscal Office, New York",2026-06-29,2026-06-29,1,0,45000000,45000000,,true,2026-09-02 18:11:08
6e29c3291a48c1ce,W9127S-26-C-A009,BL Harbert International LLC,,ARMY,F-35 Special Access Program Facility.,"U.S. Army Corps of Engineers, Fort Worth, Texas",2026-08-03,2026-08-03,1,0,37607122,37607122,38958927,true,2026-09-02 18:11:08
2778c0e87c9d251b,N44255-26-D-1509,Ballard Marine Construction LLC,,NAVY,"New construction, renovation, alteration, demolition, and repair work for marine piers and facilities at various locations within the Naval Facilities Engineering Systems Command Northwest area of operations.","Naval Facilities Engineering Systems Command Northwest, Silverdale, Washington",2026-07-30,2026-07-30,1,0,700000000,700000000,,true,2026-09-02 18:11:08
5905fa2ee3ee0c0f,N3943026-D-2002,"Bristol Engineering Services Co. LLC,*",,NAVY,"Construction, maintenance, repair, and engineering services for pipelines, fuel storage tanks, and associated petroleum oil lubricant facilities and equipment.","Naval Facilities Engineering and Expeditionary Warfare Center, Port Hueneme, California",2026-08-21,2026-08-21,1,0,997000000,997000000,,true,2026-09-02 18:11:08
35c26aceb036023c,W912CH-26-D-A093,CACI Inc. - Federal,CACI,ARMY,"Procurement of commercial items from a commercial catalog, including counter-unmanned aerial systems and counter-small-unmanned aerial systems capabilities.","Army Contracting Command, Detroit Arsenal, Michigan",2026-07-30,2026-07-30,1,0,500000000,500000000,,true,2026-09-02 18:11:08
f5b16cf049c6ad50,W912BU-26-D-A011,"CAPE-APTIM JV1 LLC,*",,ARMY,Restoration of the Standard Chlorine of Delaware Superfund Site.,"U.S. Army Corps of Engineers, Philadelphia, Pennsylvania",2026-07-28,2026-07-28,1,0,200000000,200000000,,true,2026-09-02 18:11:08
fc3ed1951bd89ad2,FA8629-26-D-B005,CNI Service Advantage JV LLC,,AIR FORCE,"Aircraft and equipment related part development, materials, integration, development, prototyping, production, kitting, touch labor, manufacturing, quality assurance, engineering, aircraft modification, and test support under an indefinite-delivery/indefinite-quantity contract.","The Air Force Lifecycle Management Center, Asymmetric Warfare Division, Wright-Patterson AFB, Ohio",2026-07-20,2026-07-20,1,0,99000000,99000000,,true,2026-09-02 18:11:08
c2906d281cdfb3ae,N6134021D0007,Carley Corp.,,NAVY,Curriculum revision and maintenance services for Navy and non-Navy training programs at Navy and Marine Corps sites worldwide.,"Naval Air Warfare Center Training Systems Division, Orlando, Florida",2026-07-27,2026-07-27,1,1,,70000000,160000000,false,2026-09-02 18:11:08
8f6ec45c97b7a929,FA853226DB007,Chase Defense,,AIR FORCE,Next generation aerospace and ground equipment to modernize and source aerospace and ground equipment.,"Air Force Material Command Air Force Life Cycle Management Center, Support Equipment and Vehicles, Robins Air Force Base, Warner Robins, Georgia",2026-08-17,2026-08-17,1,0,920000000,920000000,,true,2026-09-02 18:11:08
8b27ae15d8bf1fa3,W911QX-26-C-A017,Civil-Military Innovation Institute,,ARMY,"Research and development to create a scalable, soldier-inspired approach to distributed rapid manufacturing.","Army Contracting Command, Aberdeen Proving Ground, Maryland",2026-07-23,2026-07-23,1,0,49716476,49716476,,true,2026-09-02 18:11:08
a962bba656d61157,N40080-26-D-1010,Clark Construction Group LLC,,NAVY,"Large-scale military infrastructure projects including new construction, demolition, repair, alteration, and renovation of buildings, systems and infrastructure with civil, structural, mechanical, electrical, fire protection, and communication systems.","NAVFAC Washington, Washington Navy Yard, Washington, D.C.",2026-06-25,2026-06-25,1,0,8000000000,8000000000,,true,2026-09-02 18:11:08
1969b98565979806,N40085-26-D-0064,Coastal Enterprises,,NAVY,"Grounds maintenance services at Marine Corps Base Camp Lejeune and Marine Corps Air Station New River, North Carolina, and other outlying areas.","Naval Facilities Engineering Systems Command, Mid-Atlantic, Norfolk, Virginia",2026-07-31,2026-07-31,1,0,29535110,29535110,,true,2026-09-02 18:11:08
9516c9ba62e65bd6,W9126G-26-D-A056,Court House Research Specialists,,ARMY,Real estate title services in the Laredo and Del Rio sectors of Texas.,"U.S. Army Corps of Engineers, Fort Worth, Texas",2026-08-17,2026-08-17,1,0,19000000,19000000,,true,2026-09-02 18:11:08
f515eb8322563586,FA8903-26-D-0014,D.A. Nolt Inc.,,AIR FORCE,"Roofing, repair, and replacement services including low-slope, steep-slope, and metal roofing system work.","772nd Enterprise Sourcing Squadron, Joint Base San Antonio–Lackland, Texas",2026-06-29,2026-06-29,1,0,450000000,450000000,,true,2026-09-02 18:11:08
50a74612cff8ad3f,N4523A-26-D-1006,"Delphinus Engineering, Inc.,*",,NAVY,"Repair and modernization of open lighter barges, utility floats, and utility float deep draft.","Puget Sound Naval Shipyard and Intermediate Maintenance Facility, Bremerton, Washington",2026-07-02,2026-07-02,1,0,24494585,24494585,,true,2026-09-02 18:11:08
e7f40366418c8e57,FA8250-26-D-B003,Diamond Antenna & Microwave Corp.,,AIR FORCE,Repair services for the 415th Supply Chain Management Squadron.,"The Air Force Sustainment Center, Hill Air Force Base, Utah",2026-07-30,2026-07-30,1,0,300000000,300000000,,true,2026-09-02 18:11:08
531001e037bfd9ec,N6600126R0102,Dynamo Technologies LLC,,NAVY,"Operational exercise design and construction, operations and requirements analysis, concept formulation and development, feasibility demonstrations, and operational and technical support including systems engineering, requirements verification and validation, software and hardware design, systems integration, test and evaluation, and DevSecOps methodologies.","Naval Information Warfare Center Pacific, San Diego, California",2026-08-13,2026-08-13,1,0,278000000,278000000,400000000,true,2026-09-02 18:11:08
aa55eebba2fe0cbc,FA8109-26-D-B010,"Eaton Corp., doing business as Airframe",ETN,AIR FORCE,Exchange or repair of commercial and non-commercial aircraft parts for the KC-46 aircraft weapon system.,"Air Force Sustainment Center, Materiel Support Contracting Division, Strategic Contracting Section, Tinker Air Force Base, Oklahoma",2026-06-29,2026-06-29,1,0,470978031,470978031,,true,2026-09-02 18:11:08
ca377506845af3ea,FA8250-26-D-B006,Everaxis USA Inc.,,AIR FORCE,Repair services for the 415th Supply Chain Management Squadron.,"The Air Force Sustainment Center, Hill Air Force Base, Utah",2026-07-30,2026-07-30,1,0,300000000,300000000,,true,2026-09-02 18:11:08
3cb5999c2379e202,HTC71124DW005/P0007,Farrell Lines Inc.,,OTHER,"International ocean and intermodal, time definite, port-to-port, and door-to-door transportation services for containerized and breakbulk cargo under the Universal Services Contract-10 program.","The U.S. Transportation Command, Directorate of Acquisition, Scott Air Force Base, Illinois",2026-07-15,2026-07-15,1,0,800000000,800000000,2325000000,true,2026-09-02 18:11:08
421386a1edba8812,FA8903-26-D-0016,Fed Serve LLC,,AIR FORCE,"Roofing, repair, and replacement services including low-slope, steep-slope, and metal roofing system work.","772nd Enterprise Sourcing Squadron, Joint Base San Antonio–Lackland, Texas",2026-06-29,2026-06-29,1,0,450000000,450000000,,true,2026-09-02 18:11:08
607bbd1a88aeb494,FA2489-26-F-B006,Gauss Management Research and Engineering Inc.,,AIR FORCE,"Technical and management advisory services for aerospace research, development, and test and evaluation activities.","The Air Force Test Center, Eglin AFB, Florida",2026-07-20,2026-07-20,1,0,1877228878,1877228878,,true,2026-09-02 18:11:08
a511e570d5f9acbc,N0001922G0006,"General Atomics, Aeronautical Systems Inc.",,NAVY,"Engineering and logistics support services including program management, risk management, maintenance, and support for the MQ-9A Reaper Marine Air Ground Task Force Unmanned Aerial System.","Naval Air Systems Command, Patuxent River, Maryland",2026-08-11,2026-08-11,1,1,,47361658,,false,2026-09-02 18:11:08
b46c145405e36b3c,W912EK-26-C-A022,General Constructors Inc. of the Quad Cities,,ARMY,"Demolition, temporary traffic control, clearing and grubbing, water diversion, riprap and aggregate placement, pile installation, floodwall construction, utility modifications, storm sewer installation, and site restoration.","U.S. Army Corps of Engineers, Rock Island, Illinois",2026-08-10,2026-08-10,1,0,34376322,34376322,,true,2026-09-02 18:11:08
f26dad7d7bc69e21,N0017819D7718,Global Technology and Management Resources,,NAVY,"Technical and programmatic efforts to support PMA-290 Special Missions consisting of Intelligence, Surveillance, Reconnaissance and Targeting programs including Maritime Patrol and Reconnaissance Force Family of Systems, P-8A Research and Development, Special Missions Platforms, Minotaur Family of Services, P-8A Increment 3, P-8A Foreign Military Sales, MQ-4C Triton Multiple Intelligence, Mobile Quick Look, and related support.","Naval Air Systems Command, Patuxent River, Maryland",2026-08-26,2026-08-26,1,1,,32826275,,false,2026-09-02 18:11:08
f628485c641beea9,SPE8E6-26-D-0006,Hesco Bastion Ltd.,,DEFENSE LOGISTICS AGENCY,Expeditionary barrier systems under a maximum shared contract.,"Defense Logistics Agency Troop Support, Philadelphia, Pennsylvania",2026-08-04,2026-08-04,1,0,200000000,200000000,,true,2026-09-02 18:11:08
e70d58556c2226f1,N00024-26-C-5380,"Innovative Defense Technologies LLC,*",,NAVY,"Automated Test and Re-Test engineering, design, development, implementation, and test support requirements.","The Naval Sea Systems Command, Washington, D.C.",2026-06-23,2026-06-23,1,0,157212161,157212161,748572910,true,2026-09-02 18:11:08
984d2e888d1f5078,FA8903-19-C-0021,JE DUNN Construction Co.,,AIR FORCE,Repair of the cadet chapel at the U.S. Air Force Academy.,"The Air Force Installation Contracting Center Task Force, Joint Base San Antonio-Lackland, Texas",2026-07-08,2026-07-08,1,1,,45770554,387092434,false,2026-09-02 18:11:08
04aae9a3df2ddfc8,W9126G-26-D-A054,JLL Valuation & Advisory Services LLC,JLL,ARMY,Professional real estate appraisal services.,"U.S. Army Corps of Engineers, Fort Worth, Texas",2026-08-12,2026-08-12,1,0,25000000,25000000,,true,2026-09-02 18:11:08
581f6f8c75fb8206,W912P8-26-F-A067,"Justin J. Reeves LLC,*",,ARMY,Rehabilitation of selected upland confined disposal area D along the Calcasieu Ship Channel.,"Army Corps of Engineers, New Orleans, Louisiana",2026-06-29,2026-06-29,1,0,27664479,27664479,,true,2026-09-02 18:11:08
c01d050759cd32e2,N69450-26-D-0024,"KTH Services JV LLC,*",,NAVY,"Base operations support services including port operations, facility management, custodial, pest control, solid waste management, grounds maintenance, utilities management, and environmental services.","Naval Facilities Engineering Systems Command Southeast, Jacksonville, Florida",2026-06-29,2026-06-29,1,0,34950653,34950653,279526486,true,2026-09-02 18:11:08
4c65a1fde2f89e29,N00024-25-C-5434,Kongsberg Defence and Aerospace,,NAVY,Launcher missile modules in support of the over-the-horizon weapons system.,"Naval Sea Systems Command, Washington, D.C.",2026-07-09,2026-07-17,2,2,,76251815,,false,2026-09-02 18:11:08
8b9fd266b5107dcd,N00024-21-C-5322,"L3 Technologies, Inc",LHX,NAVY,Procurement of additional MK 20 Mod 1 Electro-Optical Sensor Systems and spares in support of Arleigh Burke-class ships and allied navies.,"Naval Sea Systems Command, Washington, D.C.",2026-06-26,2026-06-26,1,1,,44166206,,false,2026-09-02 18:11:08
fd5575719aeffb9f,N0016426FL049,Meggitt Defense Systems Inc.,MGGT,NAVY,"Provide Liquid Air Palletized System Kits, non-recurring engineering tooling and air handling unit controller and fan spare parts for Navy P8-A aircraft in support of the Tactical Airborne Sensor Mission System.","Naval Surface Warfare Center, Crane Division, Crane, Indiana",2026-08-31,2026-08-31,1,0,9373421,9373421,20509871,true,2026-09-02 18:11:08
ef814af16c51faef,W5168W-26-D-A024,"Miami Marine Services LLC,*",,ARMY,"Construction work including administrative, recreational, billeting, workshops, maintenance and training facilities, and general construction trades.","Army Field Directorate Office, Fort Sam Houston, Texas",2026-07-15,2026-07-15,1,0,193000000,193000000,,true,2026-09-02 18:11:08
66df73103344d6fd,N62478-26-D-5053,NSynergy Engineering Inc.,,NAVY,"Mechanical engineering projects and related projects at various locations under the cognizance of Naval Facilities Engineering Systems Command (NAVFAC), Hawaii.","NAVFAC Hawaii, Joint Base Pearl Harbor-Hickam, Hawaii",2026-08-17,2026-08-17,1,0,20000000,20000000,,true,2026-09-02 18:11:08
38e99343a8e63cff,W9128A-26-D-A022,"Nakamura Oyama & Associates Inc.,*",,ARMY,"Architect-engineer services (electrical) for the design of miscellaneous projects in the U.S. Army Corps of Engineers, Pacific Ocean Division's area of responsibility.","U.S. Army Corps of Engineers, Honolulu, Hawaii",2026-08-07,2026-08-07,1,0,9900000,9900000,,true,2026-09-02 18:11:08
7a2ff2d4764b3926,W912BU-26-C-A032,Norfolk Dredging Co.,,ARMY,"Maintenance dredging of the Delaware River, Philadelphia to Sea and Wilmington Harbor Project.","U.S. Army Corps of Engineers, Philadelphia, Pennsylvania",2026-08-10,2026-08-10,1,0,27250950,27250950,,true,2026-09-02 18:11:08
5f97aa61f7cbcbd7,N00024-26-C-4137,NorthStar Maritime Dismantlement Services LLC,,NAVY,"Dismantling, recycling, and disposal of ex-Enterprise (CVN 65) with proper handling of hazardous materials including low-level radioactive waste.","Naval Sea Systems Command, Washington, D.C.",2026-07-15,2026-07-15,1,0,418497668,418497668,,true,2026-09-02 18:11:08
7ba396608b7d8409,N0001925G0003,Northrop Grumman Systems Corp.,NOC,NAVY,"Retrofit kits, preservation, storage, and non-recurring engineering for MQ-4C Triton Unmanned Air Vehicle and Main Operating Base configurations.","Naval Air Systems Command, Patuxent River, Maryland",2026-06-23,2026-07-28,2,0,23399824,44481187,,true,2026-09-02 18:11:08
14171edad5555917,FA2489-26-F-B008,Odyssey Systems Consulting Group Ltd.,,AIR FORCE,"Technical and management advisory services for aerospace research, development, and test and evaluation activities.","The Air Force Test Center, Eglin AFB, Florida",2026-07-20,2026-07-20,1,0,1877228878,1877228878,,true,2026-09-02 18:11:08
2238dae1d4bf8f17,FA8307-26-F-B075,Omni Federal LLC,,AIR FORCE,"Small Business Innovation Research Phase III Acquisition Platform Integration and eXperimentation providing DevOps-as-a-Service to create an agile environment for artificial intelligence integration, test, and deployment.","The Air Force Life Cycle Management Center, Cyber Warfare Contracting Branch, Joint Base San Antonio, Texas",2026-07-15,2026-07-15,1,0,67061939,67061939,,true,2026-09-02 18:11:08
b99f6ae53050f21e,FA8903-26-C-0007,Oneida Engineering Solutions LLC,,AIR FORCE,Cost benefit and technical analysis for per- and polyfluoroalkyl substances (PFAS) response action and installation and maintenance of point-of-use treatment systems at Air Force installations.,"772d Enterprise Sourcing Squadron, Joint Base San Antonio Lackland, Texas",2026-08-28,2026-08-28,1,0,20239787,20239787,,true,2026-09-02 18:11:08
213f17447bab80de,N66001-26-D-0020,"Oracle America, Inc.",ORCL,NAVY,"Software licenses, maintenance, support, and consulting services for Department of War Enterprise Software Initiative across the DOW, intelligence community, and Coast Guard.","Naval Information Warfare Center Pacific, San Diego, California",2026-07-23,2026-07-23,1,0,3311000000,3311000000,,true,2026-09-02 18:11:08
b629a1e8f8291cf4,FA853226DB024,PCI Aviation,,AIR FORCE,Next generation aerospace and ground equipment to modernize and source aerospace and ground equipment.,"Air Force Material Command Air Force Life Cycle Management Center, Support Equipment and Vehicles, Robins Air Force Base, Warner Robins, Georgia",2026-08-17,2026-08-17,1,0,920000000,920000000,,true,2026-09-02 18:11:08
4c3ae09a9acf3b05,W9128A-26-D-A014,"Planate Management Group LLC,*",,ARMY,Architect-engineer and construction management services for the design of miscellaneous projects in Pacific Ocean Honolulu area of responsibility.,"U.S. Army Corps of Engineers, Honolulu, Hawaii",2026-06-26,2026-06-26,1,0,9900000,9900000,,true,2026-09-02 18:11:08
1cb2f9791d1fd795,W9128F-26-D-A044,"SES Energy Services LLC,*",,ARMY,"Design-build and design-bid-build construction services in support of the Petroleum, Oil, and Lubricants Mandatory Center of Expertise.","U.S. Army Corps of Engineers, Omaha, Nebraska",2026-08-06,2026-08-06,1,0,699000000,699000000,,true,2026-09-02 18:11:08
1526ed6a566e6ee8,W911NF-26-D-A011,"Shield Analysis Technology LLC,*",,ARMY,"Establish and strengthen networks connecting the United States Department of War, United States Army Combat Capabilities Development Command Army Research Laboratory, and government partners with academia, industry, and other government agencies through science and technology education outreach initiatives.","U.S. Army Contracting Command, Aberdeen Proving Ground, Maryland",2026-06-26,2026-06-26,1,0,49000000,49000000,,true,2026-09-02 18:11:08
ca86d5ec777f7587,N00024-23-C-2103,Systems Planning & Analysis Inc.,,NAVY,Procurement of a supply chain improvement effort.,"Naval Sea Systems Command, Washington, D.C.",2026-08-05,2026-08-05,1,1,,12454744,,false,2026-09-02 18:11:08
3ab9fb7a58050b6b,SPE1C1-26-D-B012,The Lighthouse for the Blind Inc.,,DEFENSE LOGISTICS AGENCY,Wide mouth canteens with and without caps.,"Defense Logistics Agency Troop Support, Philadelphia, Pennsylvania",2026-08-25,2026-08-25,1,0,20248160,20248160,,true,2026-09-02 18:11:08
39bd00050b58cd70,SP8000-26-D-0015,"US Vanadium LLC,*",,DEFENSE LOGISTICS AGENCY,Vanadium Pentoxide.,"Defense Logistics Agency Contracting Services Office, Columbus, Ohio",2026-06-30,2026-06-30,1,0,125000000,125000000,,true,2026-09-02 18:11:08
78fa938a3c1aa2c0,N39430-26-D-2010,WSP USA Government Solutions Inc.,,NAVY,"Construction, maintenance, repair, and engineering services for pipelines, fuel storage tanks, and associated petroleum oil lubricant facilities and equipment.","Naval Facilities Engineering and Expeditionary Warfare Center, Port Hueneme, California",2026-08-21,2026-08-21,1,0,997000000,997000000,,true,2026-09-02 18:11:08
bc3dcc06ed288fec,N6600126R0093,Accenture Federal Services LLC,ACN,NAVY,"Operational exercise design and construction, operations and requirements analysis, concept formulation and development, feasibility demonstrations, and operational and technical support including systems engineering, requirements verification and validation, software and hardware design, systems integration, test and evaluation, and DevSecOps methodologies.","Naval Information Warfare Center Pacific, San Diego, California",2026-08-13,2026-08-13,1,0,278000000,278000000,400000000,true,2026-09-02 18:11:08
525e380c64560810,N3904025F3001,CACI Inc. - Federal,CACI,NAVY,"Engineering, technical, administrative, and managerial support services in support of Ships Availability Planning and Engineering Center, non-nuclear waterfront, and Deep Submergence Systems programs.","Portsmouth Naval Shipyard, Kittery, Maine",2026-08-17,2026-08-17,1,1,,25933943,,false,2026-09-02 18:11:08
83e55577df946fc9,W912CH-26-F-0282,DRS Sustainment Systems Inc.,,ARMY,"Production of Early Entry Fluid Distribution System sets, ancillary support equipment, authorized stock list, and displacement and evacuation kits.","Army Contracting Command, Detroit Arsenal, Michigan",2026-07-08,2026-07-08,1,0,20853428,20853428,,true,2026-09-02 18:11:08
83470360e939e026,N40085-26-C-0020,Environmental Chemical Corp.,,NAVY,Provide construction services for the NATO Joint Force Command Norfolk's Facilities Phase II Interim Modular Facility.,"Naval Facilities Engineering Systems Command, Mid-Atlantic, Norfolk, Virginia",2026-08-31,2026-08-31,1,0,128363354,128363354,,true,2026-09-02 18:11:08
54f7245b0989ab3c,M67854-26-G-0086,Oshkosh Defense LLC,OSK,NAVY,"Basic ordering agreement for diminishing manufacturing sources and material shortages support including component selection, integration kits, testing, and documentation for medium tactical vehicle replacement and related systems.","Program Acquisition Executive Marine Corps, Quantico, Virginia",2026-07-17,2026-07-17,1,0,43331000,43331000,,true,2026-09-02 18:11:08
2792f8704b22a523,N00024-26-C-5434,Raytheon,RTX,NAVY,Technical and design agent engineering in support of the Evolved SeaSparrow Missile and NATO SeaSparrow Missile Systems programs.,"Naval Sea Systems Command, Washington, D.C.",2026-07-22,2026-07-22,1,1,,18977361,,false,2026-09-02 18:11:08
a3c2d03b2c435825,N3220526C1249,Waterman Transport Inc.,,NAVY,"50-day time charter of one U.S. flag, self-sustaining, roll-on/roll-off vessel capable of carrying a minimum of 130,000 sq. ft. of military cargo.","Military Sealift Command, Norfolk, Virginia",2026-08-17,2026-08-17,1,0,9500000,9500000,,true,2026-09-02 18:11:08
88e567c300b50670,N62478-26-C-0001,Hensel Phelps Construction Co.,,NAVY,"Construction of P-716, Red Hill Water Treatment Facility.","Naval Facilities Engineering Systems Command Hawaii, Joint Base Pearl Harbor-Hickam, Hawaii",2026-08-11,2026-08-11,1,0,309650002,309650002,,true,2026-09-02 18:11:08
0dc66094e33a92c2,FA8750-26-C-B013,Parsons Government Services Inc.,PSN,AIR FORCE,"Design, development, and deployment of high value-added capabilities for electronic support and electronic attack to enable engagement of new and emerging signals for BLADE Battlefield Lethal AI-Driven Electronic Warfare.","Air Force Research Laboratory, Rome, New York",2026-08-13,2026-08-13,1,0,15139840,15139840,,true,2026-09-02 18:11:08
dfcbdab12c7b9792,N6600126R0116,Science Applications International Corp.,SAIC,NAVY,"Operational exercise design and construction, operations and requirements analysis, concept formulation and development, feasibility demonstrations, and operational and technical support including systems engineering, requirements verification and validation, software and hardware design, systems integration, test and evaluation, and DevSecOps methodologies.","Naval Information Warfare Center Pacific, San Diego, California",2026-08-13,2026-08-13,1,0,278000000,278000000,400000000,true,2026-09-02 18:11:08
bb04852acf3c107c,FA8109-26-D-B003,The Boeing Co.,BA,AIR FORCE,Exchange or repair of commercial and non-commercial aircraft parts for the KC-46 aircraft weapon system.,"Air Force Sustainment Center, Materiel Support Contracting Division, Strategic Contracting Section, Tinker Air Force Base, Oklahoma",2026-06-29,2026-06-29,1,0,470978031,470978031,,true,2026-09-02 18:11:08
cffceb3bf25fd9f0,M9549425D5001,Booz Allen Hamilton Inc.,BAH,NAVY,Professional support services in support of Marine Corps Installations Command Headquarters.,"The Marine Corps Installations Command, Washington, D.C.",2026-08-21,2026-08-21,1,1,,96718238,198145615,false,2026-09-02 18:11:08
7f499c327bba8fd8,N00024-26-C-5341,Lockheed Martin Rotary and Mission Systems,LMT,NAVY,AEGIS ship integration and test in support of surface combatant ships and related tactical sites.,"Naval Sea Systems Command, Washington, D.C.",2026-07-06,2026-07-06,1,0,60602848,60602848,1383266817,true,2026-09-02 18:11:08
723fbd0c5c08586a,W912HY-26-D-A026,Manson Construction Co.,,ARMY,Pipeline dredging projects within the U.S. Army Corps of Engineers Galveston District boundary.,"U.S. Army Corps of Engineers, Galveston, Texas",2026-08-03,2026-08-03,1,0,95000000,95000000,,true,2026-09-02 18:11:08
b1b7932b0de16b02,N0001924C0025,The Boeing Co.,BA,NAVY,Non-recurring engineering to support reconfiguration of four P-8A Multi-mission Maritime aircraft for a Foreign Military Sales customer.,"Naval Air Systems Command, Patuxent River, Maryland",2026-07-28,2026-07-28,1,1,,213000000,,false,2026-09-02 18:11:08
b6447d2fd84e69fc,W912CH-26-F-0389,AM General LLC,,ARMY,Various models of HMMWVs.,"Army Contracting Command, Detroit Arsenal, Michigan",2026-07-21,2026-07-21,1,1,,98682341,3213383408,false,2026-09-02 18:11:08
58d5cdb8b55b2679,FA8903-26-D-0033,AOD & RBT JV,,AIR FORCE,"Roofing, repair, and replacement services for low-slope, steep-slope, and metal roofing systems at Air Force installations.","772nd Enterprise Sourcing Squadron, Joint Base San Antonio–Lackland, Texas",2026-07-31,2026-07-31,1,0,450000000,450000000,,true,2026-09-02 18:11:08
40be3bfbbb0cf93c,HT003826DE003,Accenture Federal Services LLC,ACN,OTHER,"All services and materials necessary to support the on-demand deployment of products within the Program Executive Office, Defense Healthcare Management Systems portfolio and related supporting components.","The Defense Health Agency Contracting Office, Arlington, Virginia",2026-07-30,2026-07-30,1,0,300000000,300000000,,true,2026-09-02 18:11:08
0d0e50bc2e88425e,N0001926C1008,Advanced Acoustic Concepts LLC,,NAVY,"Software and hardware development and upgrades to the Common Acoustic Simulation Environment Fidelity Improvement system for P-8A Poseidon operations and advanced maritime patrol aircraft training and analysis, including 26 production units and seven spares.","Naval Air Systems Command, Patuxent River, Maryland",2026-07-14,2026-07-14,1,0,11527067,11527067,,true,2026-09-02 18:11:08
fcad5001c6a6800f,W58RGZ-26-C-0020,Airbus Helicopters Inc.,AIR,ARMY,"Procurement of up to 12 Lakota UH-72B helicopters with jettisonable cockpit doors, air conditioning system installation, engine inlet barrier filters, and program management.","Army Contracting Command, Redstone Arsenal, Alabama",2026-08-14,2026-08-14,1,0,115406740,115406740,140716352,true,2026-09-02 18:11:08
05b78d832524a9d0,N39430-26-D-2014,Austin Brockenbrough & Associates LLC,,NAVY,"Provide petroleum, oil and lubricants engineering and design services for systems and supporting facilities at various Navy and Marine Corps installations worldwide.","Naval Facilities Engineering and Expeditionary Warfare Center, Port Hueneme, California",2026-08-31,2026-08-31,1,0,145000000,145000000,,true,2026-09-02 18:11:08
c56e7e4fd2b595d4,SPE4A7-26-D-0417,Avox System Inc.,,DEFENSE LOGISTICS AGENCY,Demand oxygen regulators for Air Force use.,"Defense Logistics Agency Weapons Support, Richmond, Virginia",2026-08-24,2026-08-24,1,0,37583889,37583889,,true,2026-09-02 18:11:08
39d2d13d0b9d1384,FA446026D0006,Barnett Paving & Sealing LLC,,AIR FORCE,"Maintenance, repair, and construction of airfield pavements and civil works projects.","19th Contracting Squadron, Little Rock AFB, Arkansas",2026-08-11,2026-08-11,1,0,25000000,25000000,,true,2026-09-02 18:11:08
a50e151a03dc995d,FA8903-26-D-0030,Bishop Inc.,,AIR FORCE,"Roofing, repair, and replacement services including low-slope, steep-slope, and metal roofing system work.","772nd Enterprise Sourcing Squadron, Joint Base San Antonio–Lackland, Texas",2026-06-29,2026-06-29,1,0,450000000,450000000,,true,2026-09-02 18:11:08
1fea447c62f517c4,W912PL-26-D-A004,"Bristol Design Build Services LLC,*",,ARMY,Construction activities in the Southern California footprint.,"U.S. Army Corps of Engineers, Los Angeles, California",2026-06-25,2026-06-25,1,0,99000000,99000000,,true,2026-09-02 18:11:08
5823acbb96599598,W912DY-26-D-A035,C.H. Guernsey & Co.,,ARMY,"Army Utility Program policy assistance, program management support, utility system evaluations, technical analysis for system upgrades, and utility privatization technical support.","U.S. Army Corps of Engineers' Engineering and Support Center, Huntsville, Alabama",2026-08-04,2026-08-04,1,0,48104541,48104541,,true,2026-09-02 18:11:08
e3804e2a9b7f58ed,SPE4A1-26-G-0012,CFM International Inc.,,DEFENSE LOGISTICS AGENCY,Manufacture of F108 aircraft fan blade sets.,"Defense Logistics Agency Weapons Support, Tinker Air Force Base, Oklahoma",2026-08-27,2026-08-27,1,0,10344275,10344275,,true,2026-09-02 18:11:08
39e401d33a82df42,FA9453-26-C-X016,Canyon Consulting LLC,,AIR FORCE,"Advanced satellite navigation technology, including maturing alternative satellite navigation technologies.","The Air Force Research Laboratory, Space Vehicles Division, Kirtland Air Force Base, New Mexico",2026-07-06,2026-07-06,1,0,49684402,49684402,,true,2026-09-02 18:11:08
81df598ced74abb0,W9128F-26-D-A022,"Cape Environmental Management Inc.,*",,ARMY,Environmental remediation services under a multi-award indefinite-delivery contract.,"U.S. Army Corps of Engineers, Omaha, Nebraska",2026-07-10,2026-07-10,1,0,249000000,249000000,,true,2026-09-02 18:11:08
aae2da45287808bb,N42158-22-D-S004,"Colonna's Ship Yard Incorporated,*",,NAVY,"Overhaul services to service craft (barges), small boats, and camel systems (fendering) under custodianship of Norfolk Naval Shipyard.","Norfolk Naval Shipyard, Portsmouth, Virginia",2026-06-26,2026-06-26,1,1,,14242839,43600000,false,2026-09-02 18:11:08
958808871a77fcec,M67854-26-D-1008,Corvid Technologies LLC,,NAVY,Weapon sled assembly for the Navy/Marine Expeditionary Ship Interdiction System.,"The Portfolio Acquisition Executive Marine Corps, Quantico, Virginia",2026-08-21,2026-08-21,1,0,33856428,33856428,,true,2026-09-02 18:11:08
fadfd667b1b44516,W912BU-26-C-A027,Curtin Maritime Corp.,,ARMY,"Maintenance dredging of approximately 500,000 cubic yards of sediment within the Delaware River.","U.S. Army Corps of Engineers, Philadelphia, Pennsylvania",2026-06-29,2026-06-29,1,0,12740187,12740187,,true,2026-09-02 18:11:08
869def17f90fec00,FA8534-25-D-0016,DRS Sustainment Systems Inc.,,AIR FORCE,Overhaul and unscheduled depot-level maintenance for the Halvorsen Aircraft Cargo Loader.,"The Air Force Life Cycle Management Center, Robins Air Force Base, Georgia",2026-06-24,2026-06-24,1,1,,19407893,,false,2026-09-02 18:11:08
29b86eb3304c5bdb,N00024-25-C-2414,Damen Shipbuilding & Cooperation B.V.,,NAVY,Royalty fees for up to eight Medium Landing Ships.,"Portfolio Acquisition Executive Maritime, Washington, D.C.",2026-07-31,2026-07-31,1,1,,40498088,,false,2026-09-02 18:11:08
65681cb7265a9b9c,W9128F-26-D-A040,"Dawson Federal Inc.,*",,ARMY,"Design-build and design-bid-build construction services in support of the Petroleum, Oil, and Lubricants Mandatory Center of Expertise.","U.S. Army Corps of Engineers, Omaha, Nebraska",2026-08-06,2026-08-06,1,0,699000000,699000000,,true,2026-09-02 18:11:08
ddfed31c50c758d7,FA8250-26-D-B002,Design Criteria Inc.,,AIR FORCE,Repair services for the 415th Supply Chain Management Squadron.,"The Air Force Sustainment Center, Hill Air Force Base, Utah",2026-07-30,2026-07-30,1,0,300000000,300000000,,true,2026-09-02 18:11:08
4277c4e3e7216425,W91236-26-D-A012,"Dynamic-HHS JV LLC,*",,ARMY,"Preventative maintenance and demand maintenance services for Department of War Education Activity schools at Fort Campbell, Kentucky.","U.S. Army Corps of Engineers, Norfolk, Virginia",2026-07-09,2026-07-09,1,0,17929681,17929681,,true,2026-09-02 18:11:08
a1cc25f9ec528e6c,W50S8H-26-D-A016,"EL Ames,*",,ARMY,"Maintenance, repair, and construction services at various locations.","U.S. Property and Fiscal Office, New York",2026-06-29,2026-06-29,1,0,45000000,45000000,,true,2026-09-02 18:11:08
a48d29217d21def4,FA853226DB014,ES3,,AIR FORCE,Next generation aerospace and ground equipment to modernize and source aerospace and ground equipment.,"Air Force Material Command Air Force Life Cycle Management Center, Support Equipment and Vehicles, Robins Air Force Base, Warner Robins, Georgia",2026-08-17,2026-08-17,1,0,920000000,920000000,,true,2026-09-02 18:11:08
a7f7b95feb4ffd75,SPE300-26-D-P451,"Frank M. Gargiulo & Son Inc.,*",,DEFENSE LOGISTICS AGENCY,Fresh fruits and vegetables supply through indefinite-delivery/indefinite-quantity contract.,"Defense Logistics Agency Troop Support, Philadelphia, Pennsylvania",2026-07-22,2026-07-22,1,0,202286703,202286703,,true,2026-09-02 18:11:08
f7116c54eda9288e,N00383-22-G-TC01,GE Aviation Systems LLC,GE,NAVY,Purchase of 63 generator control units used on the F/A-18 aircraft.,"Naval Supply Systems Command Weapon Systems Support, Philadelphia, Pennsylvania",2026-06-25,2026-06-25,1,0,26732664,26732664,,true,2026-09-02 18:11:08
16286d57d23bf250,W91248-26-D-A020,"GMHill-Baker JV LLC,*",,ARMY,Architect engineering design services for the planning and design of facilities and infrastructure for construction projects.,"Army 419th Contracting Support Brigade, Fort Campbell, Kentucky",2026-07-20,2026-07-20,1,0,249500000,249500000,,true,2026-09-02 18:11:08
cae04eb5170db311,HT003826DE007,General Dynamics Information Technology Inc.,GD,OTHER,"All services and materials necessary to support the on-demand deployment of products within the Program Executive Office, Defense Healthcare Management Systems portfolio and related supporting components.","The Defense Health Agency Contracting Office, Arlington, Virginia",2026-07-30,2026-07-30,1,0,300000000,300000000,,true,2026-09-02 18:11:08
bf939e3752aed7c0,N0001924C0057,General Dynamics One Source LLC,GD,NAVY,"Transitional information technology and information assurance and cybersecurity services for the F-35 Joint Strike Fighter program, including program management, enterprise architecture, and operations support.","Naval Air Systems Command, Patuxent River, Maryland",2026-07-31,2026-07-31,1,1,,43573376,,false,2026-09-02 18:11:08
99ee4e2b59d5049d,N40080-26-D-1012,"Grunley Construction Co., Inc.",,NAVY,"Large-scale military infrastructure projects including new construction, demolition, repair, alteration, and renovation of buildings, systems and infrastructure with civil, structural, mechanical, electrical, fire protection, and communication systems.","NAVFAC Washington, Washington Navy Yard, Washington, D.C.",2026-06-25,2026-06-25,1,0,8000000000,8000000000,,true,2026-09-02 18:11:08
66c9dc11f1921434,SPE1C1-26-D-0070,"H.C. Contracting Inc.,***",,DEFENSE LOGISTICS AGENCY,Blue dress coats.,"Defense Logistics Agency Troop Support, Philadelphia, Pennsylvania",2026-07-31,2026-07-31,1,0,9576000,9576000,,true,2026-09-02 18:11:08
23eedf597bc48b16,N00189-26-D-L013,HII Mission Technologies LLC,HII,NAVY,Aircraft carrier readiness support including professional engineering assistance and hazardous waste and material handling to ensure protection of personnel and the environment.,"Naval Supply Systems Command Fleet Logistics Center Norfolk, Norfolk, Virginia",2026-07-30,2026-07-30,1,0,147951314,147951314,,true,2026-09-02 18:11:08
32aaba496b526a26,W50S95-26-C-A001,Head LLC,,ARMY,Repair and widening of a taxiway.,"U.S. Property and Fiscal Office, South Carolina",2026-08-21,2026-08-21,1,0,20363938,20363938,,true,2026-09-02 18:11:08
08ada30c83a71af7,W50S8H-26-D-A019,"JJ Contracting Corp.,*",,ARMY,"Maintenance, repair, and construction services at various locations.","U.S. Property and Fiscal Office, New York",2026-06-29,2026-06-29,1,0,45000000,45000000,,true,2026-09-02 18:11:08
8780be28d50c00e7,W912DY-26-F-A067,M.C Dean,,ARMY,"24/7 operations, maintenance, and repair services.","U.S. Army Corps of Engineers' Engineering and Support Center, Huntsville, Alabama",2026-08-10,2026-08-10,1,0,92424046,92424046,,true,2026-09-02 18:11:08
a9172556b1e3dbbe,FA8903-26-D-0052,MH Contracting LLC,,AIR FORCE,"Roofing, repair, and replacement services for low-slope, steep-slope, and metal roofing systems at Air Force installations.","772nd Enterprise Sourcing Squadron, Joint Base San Antonio–Lackland, Texas",2026-07-31,2026-07-31,1,0,450000000,450000000,,true,2026-09-02 18:11:08
880a6170426238f7,M00263-26-D-R003,Ma'at Enterprises Inc.,,NAVY,"Salesforce training services including developed instruction, instructional reviews, video content development, technical writing, facilitation, and monthly alignment meetings in support of the Marine Corps Recruiting Command.","The Regional Contracting Office, Parris Island, South Carolina",2026-08-27,2026-08-27,1,0,10656847,10656847,,true,2026-09-02 18:11:08
fe35c5dc33a89bbb,W912HN-26-C-A025,Marinex Construction Inc.,,ARMY,Brunswick Harbor modification project including expansion and dredging of the Cedar Hammock Range bend widener and placement of dredged material at Jekyll Island.,"U.S. Army Corps of Engineers, Savannah, Georgia",2026-07-15,2026-07-15,1,0,19138783,19138783,,true,2026-09-02 18:11:08
70462fb57b3d9744,FA7022-26-D-0006,Nanometrics Inc.,NANO,AIR FORCE,Hardware to replace Geophysical Field Systems seismometers and data acquisition subsystem equipment for geophysical field system technical refresh.,"Air Combat Command Acquisition Management and Integration Center, Patrick Space Force Base, Florida",2026-07-31,2026-07-31,1,0,15000000,15000000,,true,2026-09-02 18:11:08
0e79ab027b7d646b,FA8539-21-D-0001,Northrop Grumman Aerospace Systems,NOC,AIR FORCE,"Form, fit, function engineering change proposal of the digital receiver module of the RQ-4B Global Hawk Unmanned Air-Vehicle system.","The Air Force Sustainment Center, Robins Air Force Base, Georgia",2026-07-30,2026-07-30,1,1,,17747040,618228400,false,2026-09-02 18:11:08
253bbe46ca9c8e4e,N44255-26-D-1505,Orion Government Services LLC,,NAVY,"New construction, renovation, alteration, demolition, and repair work for marine piers and facilities at various locations within the Naval Facilities Engineering Systems Command Northwest area of operations.","Naval Facilities Engineering Systems Command Northwest, Silverdale, Washington",2026-07-30,2026-07-30,1,0,700000000,700000000,,true,2026-09-02 18:11:08
377be407d6873d2a,FA255326DB008,Pacific Crest Alliance,,AIR FORCE,"Support to space and ground-based engineering activities to enhance test, evaluation, and training operations for the National Space Test and Training Complex Innovative Technology and Engineering - Space Test and Range Capability Development.","The Space Systems Command, Operational Test and Training Infrastructure, Colorado Springs, Colorado",2026-07-30,2026-07-30,1,0,981000000,981000000,,true,2026-09-02 18:11:08
52757f2fd939f976,W519TC-25-F-0015,"Paligen Aerospace & Defense LLC,*",,ARMY,"Design, construction and commissioning of a trinitrotoluene production facility.","Army Contracting Command, Rock Island, Illinois",2026-08-31,2026-08-31,1,1,,30840628,435000000,false,2026-09-02 18:11:08
e84f2a1e0b6c0031,SPE1C1-26-D-0033,"Pentaq Manufacturing Corp.,***",,DEFENSE LOGISTICS AGENCY,Supply of Improved Hot Weather Combat Uniform female coats and trousers.,"Defense Logistics Agency Troop Support, Philadelphia, Pennsylvania",2026-08-05,2026-08-05,1,0,41363742,41363742,,true,2026-09-02 18:11:08
b7a3b1bbdad78708,FA8903-26-D-0017,Pure Sky Project Solutions LLC,,AIR FORCE,"Roofing, repair, and replacement services for low-slope, steep-slope, and metal roofing systems at Air Force installations.","772nd Enterprise Sourcing Squadron, Joint Base San Antonio–Lackland, Texas",2026-07-31,2026-07-31,1,0,450000000,450000000,,true,2026-09-02 18:11:08
679e42e43abe5422,HQ003426DE017,QCM Inc.,,OTHER,"Preventative maintenance, predictive maintenance, and corrective maintenance at the Pentagon heating and refrigeration plant.","Washington Headquarters Services, Arlington, Virginia",2026-08-18,2026-08-18,1,0,32562887,32562887,,true,2026-09-02 18:11:08
e0b991c49b25757c,W91248-26-D-A023,"Raymond Pond Federal Solutions JV LLC,*",,ARMY,Architect engineering design services for the planning and design of facilities and infrastructure for construction projects.,"Army 419th Contracting Support Brigade, Fort Campbell, Kentucky",2026-07-20,2026-07-20,1,0,249500000,249500000,,true,2026-09-02 18:11:08
eae929dd70ee5b49,W9128F-26-D-A043,"Reliable Contracting Group LLC,*",,ARMY,"Design-build and design-bid-build construction services in support of the Petroleum, Oil, and Lubricants Mandatory Center of Expertise.","U.S. Army Corps of Engineers, Omaha, Nebraska",2026-08-06,2026-08-06,1,0,699000000,699000000,,true,2026-09-02 18:11:08
d922d39743546f82,W911QX-26-D-A011,"Resilient Energy and Infrastructure LLC,*",,ARMY,"Rapid deployment hybrid microgrid systems and modular energy storage systems for autonomous, cybersecure and resilient power for expeditionary operations under Small Business Innovation Research Phase III program.","Army Contracting Command, Aberdeen Proving Ground, Maryland",2026-08-28,2026-08-28,1,0,49060000,49060000,,true,2026-09-02 18:11:08
0929bcf05336a00a,N66604-26-C-0186,Saab Inc.,SAAB-B,NAVY,Procurement of four MK66 Heavyweight Undersea Training Targets (AUV62-AT).,"Naval Undersea Warfare Center Division Newport, Newport, Rhode Island",2026-06-29,2026-06-29,1,0,23190271,23190271,,true,2026-09-02 18:11:08
f5f56c11aa52c4af,W50S8H-26-D-A025,"Serviam Construction LLC,*",,ARMY,"Maintenance, repair, and construction services at various locations.","U.S. Property and Fiscal Office, New York",2026-06-29,2026-06-29,1,0,45000000,45000000,,true,2026-09-02 18:11:08
9e7c60db6e16298a,W911RQ-26-C-A016,Siemens Government Technologies,,ARMY,"Secure, government-controlled, and highly flexible advanced manufacturing capability, including initial production capability for electric motor stator assemblies for unmanned aircraft systems.","Army Contracting Command, Detroit Arsenal, Michigan",2026-07-23,2026-07-23,1,0,79988134,79988134,,true,2026-09-02 18:11:08
56cfc35f3ec4bd10,FA8903-26-D-0034,Spectrum Builders & Renovations Inc.,,AIR FORCE,"Roofing, repair, and replacement services including low-slope, steep-slope, and metal roofing system work.","772nd Enterprise Sourcing Squadron, Joint Base San Antonio–Lackland, Texas",2026-06-29,2026-06-29,1,0,450000000,450000000,,true,2026-09-02 18:11:08
04397f9a8803a31d,FA8121-26-D-B002,Standard Aero (San Antonio) Inc.,SARO,AIR FORCE,Repair and overhaul of non-commercial aircraft parts for T56 engines used on C-130 aircraft.,"Air Force Sustainment Center, Tinker Air Force Base, Oklahoma",2026-07-23,2026-07-23,1,0,343201556,343201556,,true,2026-09-02 18:11:08
0789a308e374dd89,W51AA1-26-D-A037,Structural Engineering Group Inc.,,ARMY,"Maintenance, repair, and construction services in support of Tobyhanna Army Depot under indefinite-delivery/indefinite-quantity multiple award task order contract.","Army Contracting Command, Aberdeen Proving Ground, Tobyhanna, Pennsylvania",2026-06-23,2026-06-23,1,0,200000000,200000000,,true,2026-09-02 18:11:08
882e0b739d0de55e,W911NF-26-D-A014,"System Innovation LLC,*",,ARMY,"Establish and strengthen networks connecting the United States Department of War, United States Army Combat Capabilities Development Command Army Research Laboratory, and government partners with academia, industry, and other government agencies through science and technology education outreach initiatives.","U.S. Army Contracting Command, Aberdeen Proving Ground, Maryland",2026-06-26,2026-06-26,1,0,49000000,49000000,,true,2026-09-02 18:11:08
7324aa3d04c28582,W912EP-26-C-A017,The Dutra Group,,ARMY,Maintenance dredging.,"U.S. Army Corps of Engineers, Jacksonville, Florida",2026-07-21,2026-07-21,1,0,15562850,15562850,21582270,true,2026-09-02 18:11:08
8487965bb9caf3f4,FA8656-20-D-0005,The John Hopkins University Applied Physics Laboratory LLC,,AIR FORCE,"Air warfare systems advanced development, test and evaluation.","Air Force Life Cycle Management Center Agile Weapons, Eglin Air Force Base, Florida",2026-07-24,2026-07-24,1,1,,62500000,312500000,false,2026-09-02 18:11:08
f8413673db080ea2,N0001426C2217,The University of Connecticut (UConn),,NAVY,"Applied research to advance undersea vehicle technologies addressing acoustics, sensors, signal processing, materials, structures, human factors, propulsion, systems engineering, and underwater energy systems.","Office of Naval Research, Arlington, Virginia",2026-08-18,2026-08-18,1,0,13617790,13617790,13617790,true,2026-09-02 18:11:08
03b545274f515100,HTC71124DW020/P0007,Tote Maritime Alaska LLC,,OTHER,"International ocean and intermodal, time definite, port-to-port, and door-to-door transportation services for containerized and breakbulk cargo under the Universal Services Contract-10 program.","The U.S. Transportation Command, Directorate of Acquisition, Scott Air Force Base, Illinois",2026-07-15,2026-07-15,1,0,800000000,800000000,2325000000,true,2026-09-02 18:11:08
da7fc682ebe541e5,SPE300-21-D-3319,US Foods Inc.,USFD,DEFENSE LOGISTICS AGENCY,Food supply contract with additional 364 days extending the period of performance.,"Defense Logistics Agency Troop Support, Philadelphia, Pennsylvania",2026-07-01,2026-07-01,1,1,,43585769,,false,2026-09-02 18:11:08
209673cd9ded1cfb,FA9453-26-C-X021,University of New Mexico,,AIR FORCE,"Nuclear Systems Development, Nuclear Systems Integration, Nuclear System Flight Testing and Evaluation, and Nuclear Command, Control, and Communication.","Air Force Research Laboratory, Kirtland Air Force Base, New Mexico",2026-08-24,2026-08-24,1,0,27408016,27408016,,true,2026-09-02 18:11:08
4764d27f63c33808,W91278-24-C-0038,Valiant Government Services LLC,,ARMY,Operations and maintenance for medical research facilities and their support facilities at Army Medical Research and Development Command locations.,"U.S. Army Corps of Engineers, Mobile, Alabama",2026-07-15,2026-07-15,1,1,,22664512,49703537,false,2026-09-02 18:11:08
7f88331ebde075bb,N44255-21-D-5009,Western Marine Construction Inc.,,NAVY,"New construction, repair, alteration, renovation, demolition, dredging, and related construction services for marine waterfront facilities and supporting infrastructure within NAVFAC Northwest area of responsibility.","NAVFAC Northwest, Silverdale, Washington",2026-08-07,2026-08-07,1,1,,54000000,380000000,false,2026-09-02 18:11:08
a951a4bf9cf6a326,W91238-26-D-A003,"Wildscape Restoration Inc.,*",,ARMY,Mitigation and vegetation clearing efforts within the Sacramento District Civil Works Area of Responsibility.,"U.S. Army Corps of Engineers, Sacramento, California",2026-06-25,2026-06-25,1,0,99000000,99000000,,true,2026-09-02 18:11:08
2cb8fc3019395995,FA8630-26-C-B004,Booz Allen Hamilton Inc.,BAH,AIR FORCE,"Program management, end-use monitoring, technology security support, food services support, and facilities management technical security team support services.","Air Force Life Cycle Management Center, Air Force Security Assistance and Cooperation Directorate, Wright-Patterson Air Force Base, Ohio",2026-07-16,2026-07-16,1,0,23536582,23536582,,true,2026-09-02 18:11:08
c31d8be3b17d7de7,W91QEY-26-9-A-001,Conti Federal Services LLC,,ARMY,Perform modernization work for facilities at Joint Base Lewis-McChord.,"Army Field Directorate Office, Fort Eustis, Virginia",2026-07-07,2026-07-07,1,0,169105820,169105820,208906534,true,2026-09-02 18:11:08
d66dc09a7dca0bab,W911QX-26-D-A006,"Hardwire LLC,*",,ARMY,Advanced processing of metallic armor under Small Business Innovative Research Phase III.,"Army Contracting Command, Aberdeen Proving Ground, Maryland",2026-08-24,2026-08-24,1,0,99000000,99000000,,true,2026-09-02 18:11:08
457224439822c124,N00024-26-C-5102,Lockheed Martin Corporation,LMT,NAVY,"Critical initial efforts for long-lead material procurement, early engineering supports, and test site establishment in support of the Spain F-100 mid-life upgrade program for the Spanish Navy Alvaro de Bazan-class frigates.","Naval Sea Systems Command, Washington, D.C.",2026-06-30,2026-06-30,1,0,103900000,103900000,,true,2026-09-02 18:11:08
f5ad1205354cac9f,W58RGZ-26-F-A009,Rockwell Collins Inc.,RTX,ARMY,"Provide command, control and communications integration, modification, maintenance, enhancement and engineering support for the Common Avionics Architecture System 10.3 software for the evolving fleet.","Army Contracting Command, Redstone Arsenal, Alabama",2026-08-31,2026-08-31,1,0,38916896,38916896,55146864,true,2026-09-02 18:11:08
70b3157df5e0b3d7,W519TC-25-C-A062,Accenture Federal Services LLC,ACN,ARMY,"Commercial-managed service solution to automate cloud-onboarding, governance, and financial operations.","Army Contracting Command, Rock Island, Illinois",2026-08-19,2026-08-19,1,0,13578638,13578638,,true,2026-09-02 18:11:08
7dce2b8be50eb336,HT003826DE010,Leidos Inc.,LDOS,OTHER,"All services and materials necessary to support the on-demand deployment of products within the Program Executive Office, Defense Healthcare Management Systems portfolio and related supporting components.","The Defense Health Agency Contracting Office, Arlington, Virginia",2026-07-30,2026-07-30,1,0,300000000,300000000,,true,2026-09-02 18:11:08
09605117b4944a50,N00024-24-C-6400,Northrop Grumman Systems Corp.,NOC,NAVY,"Procurement of Joint Counter Radio-Controlled Improvised Explosive Device Electronic Warfare Increment One Block One systems, retrofit kits and spares, including engineering support services and other direct costs.","The Portfolio Acquisition Executive Maritime, Washington, D.C.",2026-08-07,2026-08-07,1,1,,46089540,,false,2026-09-02 18:11:08
85c6ff9d19064d6f,FA8750-23-F-0501,Northrop Grumman Systems Corp.,NOC,AIR FORCE,"InSITE software and hardware prototypes, InSITE capability procurement, fielding and installation with support, and InSITE engineering services.","The Air Force Research Laboratory, Computing, Communication, and Information Systems Contracting Branch, Rome, New York",2026-08-27,2026-08-27,1,1,,71927435,452936693,false,2026-09-02 18:11:08
0d105464233910a6,N0001926D1007,The Boeing Co.,BA,NAVY,Procurement of P-8A Engine Build-Up kits and Quick Engine Change kits for Navy and Foreign Military Sales customers.,"Naval Air Systems Command, Patuxent River, Maryland",2026-08-20,2026-08-20,1,0,156201219,156201219,,true,2026-09-02 18:11:08
e2a715dcd9e7153a,W91238-26-D-A005,"A3 Pro West Inc.,*",,ARMY,Mitigation and vegetation clearing efforts within the Sacramento District Civil Works Area of Responsibility.,"U.S. Army Corps of Engineers, Sacramento, California",2026-06-25,2026-06-25,1,0,99000000,99000000,,true,2026-09-02 18:11:08
001b299df068109e,W912QR-26-D-A044,"AAECON General Contracting LLC,*",,ARMY,Design-bid-build construction services.,"U.S. Army Corps of Engineers, Louisville, Kentucky",2026-08-31,2026-08-31,1,0,160000000,160000000,,true,2026-09-02 18:11:08
86fcf10bfa5eb3d4,SPE4AX-26-D-0008,ASRC Federal Facilities Logistics,,DEFENSE LOGISTICS AGENCY,Industrial product support.,"Defense Logistics Agency Weapons Support, Richmond, Virginia",2026-06-25,2026-06-25,1,0,1525000000,1525000000,,true,2026-09-02 18:11:08
9fe733d6bd8f0d5a,W52P1J-21-C-0025,Accenture Federal Services,ACN,ARMY,Six-month extension of contract for the Enterprise Task Management Software Solution.,"Army Contracting Command, Rock Island Arsenal, Illinois",2026-08-13,2026-08-13,1,0,24251590,24251590,,true,2026-09-02 18:11:08
3e56e53a22015e4f,N39430-26-D-4004,"Appledore Marine Engineering,* LLC",,NAVY,Architect-engineering services for routine inspection of waterfront facilities.,"Naval Facilities Engineering and Expeditionary Warfare Center, Port Hueneme, California",2026-08-10,2026-08-10,1,0,,,,true,2026-09-02 18:11:08
3e15c0055f742bf3,N0001425C1506,Attalon Inc.,,NAVY,"Development of pulsed fiber lasers for remote sensing and illumination, and development of a 400 kW directed-energy subsystem by integrating a 50 kW laser with beam-control assembly (SONGBOW effort).","Office of Naval Research, Arlington, Virginia",2026-07-27,2026-07-27,1,1,,17100450,,false,2026-09-02 18:11:08
d6d587c1742ab6fb,FA2489-26-F-B007,Aventis LLC,,AIR FORCE,"Technical and management advisory services for aerospace research, development, and test and evaluation activities.","The Air Force Test Center, Eglin AFB, Florida",2026-07-20,2026-07-20,1,0,1877228878,1877228878,,true,2026-09-02 18:11:08
a2dd6cba341cb646,N0002426C4415,BAE Systems - Jacksonville Ship Repair LLC,BA,NAVY,"Maintenance, modernization and repair of USS Wichita (LCS 13) fiscal 2026 docking selected restricted availability.","Naval Sea Systems Command, Washington, D.C.",2026-07-02,2026-07-02,1,0,49339702,49339702,60891843,true,2026-09-02 18:11:08
cf212ec88665c33c,N0001923C0029,BAE Systems Information and Electronic Systems Integration Inc.,BA,NAVY,Procurement of 200 Dual Band Decoy countermeasures and associated assemblies for the Navy.,"Naval Air Systems Command, Patuxent River, Maryland",2026-06-30,2026-06-30,1,1,,40942400,,false,2026-09-02 18:11:08
1045a3fc7fbb719c,FA8556-26-D-B001,"BK Manufacturing Co. Inc.,*",,AIR FORCE,Wings and fins for AIM-120X and CATM-120X series Advanced Medium-Range Air-to-Air Missiles.,"Air Force Life Cycle Management Center, Robins Air Force Base, Georgia",2026-08-28,2026-08-28,1,0,28000000,28000000,,true,2026-09-02 18:11:08
c43f4d52156af262,W50S8H-26-D-A012,"Benka Inc.,*",,ARMY,"Maintenance, repair, and construction services at various locations.","U.S. Property and Fiscal Office, New York",2026-06-29,2026-06-29,1,0,45000000,45000000,,true,2026-09-02 18:11:08
68eebee3f470f33b,W9127N-26-C-A031,"Big River Construction Inc.,*",,ARMY,"All plant, labor, and materials required to perform repairs to the Miller-Rice Pile Dike System.","U.S. Army Corps of Engineers, Portland, Oregon",2026-08-21,2026-08-21,1,0,18499000,18499000,,true,2026-09-02 18:11:08
bac3486630bb943d,SPE300-26-D-W009,Bimbo Bakeries USA Inc.,BMOB,DEFENSE LOGISTICS AGENCY,Fresh bread and bakery items for various federal customers.,"Defense Logistics Agency Troop Support, Philadelphia, Pennsylvania",2026-08-19,2026-08-19,1,0,26100000,26100000,,true,2026-09-02 18:11:08
7c9b80c27979dfc8,SPE1C1-26-D-B014,"Blind Industries and Services of Maryland,**",,DEFENSE LOGISTICS AGENCY,Wind jackets.,"Defense Logistics Agency Troop Support, Philadelphia, Pennsylvania",2026-08-27,2026-08-27,1,0,49267006,49267006,,true,2026-09-02 18:11:08
6cfdf7d812394769,W58RGZ-24-C-0028,The Boeing Co.,BA,ARMY,Performance-based logistics support for depot-level component repair and supply chain management for Apache airframe components.,"Army Contracting Command, Redstone Arsenal, Alabama",2026-08-14,2026-08-17,2,2,,1272220630,1128815031,false,2026-09-02 18:11:08
af543fba63127665,W5168W-26-D-A017,"C & C Contractors LLC,*",,ARMY,"Construction work including administrative, recreational, billeting, workshops, maintenance and training facilities, and general construction trades.","Army Field Directorate Office, Fort Sam Houston, Texas",2026-07-15,2026-07-15,1,0,193000000,193000000,,true,2026-09-02 18:11:08
79e1eb21edfd20bb,FA8903-26-D-0026,CYE Enterprises Inc.,,AIR FORCE,"Roofing, repair, and replacement services including low-slope, steep-slope, and metal roofing system work.","772nd Enterprise Sourcing Squadron, Joint Base San Antonio–Lackland, Texas",2026-06-29,2026-06-29,1,0,450000000,450000000,,true,2026-09-02 18:11:08
691071a054a84877,FA8204-26-C-B004,Carahsoft,,AIR FORCE,"Software services for the Intercontinental Ballistic Missile (ICBM) enterprise, identifying gaps and risk assessments in the ICBM industrial base and supply chains.","Air Force Nuclear Weapons Center, Hill AFB, Utah",2026-07-27,2026-07-27,1,0,12000000,12000000,,true,2026-09-02 18:11:08
408c9e3543c265f0,FA8903-26-D-0042,Carroll's Roofing & Construction LLC,,AIR FORCE,"Roofing, repair, and replacement services for low-slope, steep-slope, and metal roofing systems at Air Force installations.","772nd Enterprise Sourcing Squadron, Joint Base San Antonio–Lackland, Texas",2026-07-31,2026-07-31,1,0,450000000,450000000,,true,2026-09-02 18:11:08
c3ebda33375d932b,W9128F-26-C-A041,Conti Federal Services LLC,,ARMY,Design-bid-build construction of B-21: 60 Row South Environmental Shelters.,"U.S. Army Corps of Engineers, Omaha, Nebraska",2026-06-26,2026-06-26,1,0,43987788,43987788,,true,2026-09-02 18:11:08
07a6223a0cfbd436,W912HY-26-D-A023,Crosby Dredging LLC,,ARMY,Pipeline dredging projects within the U.S. Army Corps of Engineers Galveston District boundary.,"U.S. Army Corps of Engineers, Galveston, Texas",2026-08-03,2026-08-03,1,0,95000000,95000000,,true,2026-09-02 18:11:08
28c475f59d3805a6,SPE603‐26‐C‐5015,Crowley Energy Anchorage LLC,,DEFENSE LOGISTICS AGENCY,"Contractor-owned, contractor-operated fuel storage services in the Port of Anchorage, Alaska.","Defense Logistics Agency Energy, Fort Belvoir, Virginia",2026-07-08,2026-07-08,1,0,109427004,109427004,,true,2026-09-02 18:11:08
f934ee68e2bd0f9f,W9128F-26-D-A026,"EA Engineering, Science and Technology Inc. PBC,*",,ARMY,Environmental remediation services under a multi-award indefinite-delivery contract.,"U.S. Army Corps of Engineers, Omaha, Nebraska",2026-07-10,2026-07-10,1,0,249000000,249000000,,true,2026-09-02 18:11:08
7b1719ddc5258676,N39430-26-D-4003,"Engineering Operations LLC,*",,NAVY,Architect-engineering services for routine inspection of waterfront facilities.,"Naval Facilities Engineering and Expeditionary Warfare Center, Port Hueneme, California",2026-08-10,2026-08-10,1,0,,,,true,2026-09-02 18:11:08
af207342f886db79,HTC71124DW007/P0006,Foss International LLC,,OTHER,"International ocean and intermodal, time definite, port-to-port, and door-to-door transportation services for containerized and breakbulk cargo under the Universal Services Contract-10 program.","The U.S. Transportation Command, Directorate of Acquisition, Scott Air Force Base, Illinois",2026-07-15,2026-07-15,1,0,800000000,800000000,2325000000,true,2026-09-02 18:11:08
6f6b3682ac7a5262,FA8250-26-D-B007,G&S Test Solutions LLC,,AIR FORCE,Repair services for the 415th Supply Chain Management Squadron.,"The Air Force Sustainment Center, Hill Air Force Base, Utah",2026-07-30,2026-07-30,1,0,300000000,300000000,,true,2026-09-02 18:11:08
cd9e76d65f99fde5,W91CRB-26-D-A012,"ITC Defense Corp,*",,ARMY,Programmatic support services.,"U.S. Army Contracting Command, Aberdeen Proving Ground, Maryland",2026-06-26,2026-06-26,1,0,72259716,72259716,,true,2026-09-02 18:11:08
2ad86069df67e143,W9124D-26-D-A014,InfoCAL JV LLC,,ARMY,"Transition Assistance Program execution, managing participant throughput and delivering curriculum and services to ensure eligible service members meet mandated career readiness standards.","Army Field Directorate Office, Fort Sam Houston, Texas",2026-08-25,2026-08-25,1,0,23562115,23562115,79665638,true,2026-09-02 18:11:08
f282290a8947b07b,FA8819-26-C-B009,K2 Space,,AIR FORCE,"Procuring, integrating, launching, and operating two Enterprise Space Terminals on two separate K2 space buses as hosted payloads.","The Space Based Sensing and Targeting Directorate, Space Systems Command, Los Angeles Air Force Base, California",2026-07-31,2026-07-31,1,0,22947034,22947034,,true,2026-09-02 18:11:08
51dfd9b04ecdcca9,W31P4Q-26-F-0001,Lockheed Martin,LMT,ARMY,"Advanced Capability-3 Software Task, Year Nine.","Army Contracting Command, Redstone Arsenal, Alabama",2026-07-01,2026-07-01,1,0,35820000,35820000,,true,2026-09-02 18:11:08
7ef2fafdb1b8619c,FA8525-26-D-B002,Lockheed Martin Aeronautics Co.,LMT,AIR FORCE,"Software sustainment services for the C-5 Galaxy, including software updates and maintenance, supporting certification artifacts, systems integration laboratory maintenance, engineering and technical support, and software engineering support services.","The C-5 Contracting Branch, Robins Air Force Base, Georgia",2026-07-06,2026-07-06,1,0,142910785,142910785,,true,2026-09-02 18:11:08
e0d6f899f37518bd,W31P4Q-26-F-0114,Lockheed Martin Missile and Fire Control,LMT,ARMY,"Development, fabrication and testing of improvements to prototype air and missile defense systems.","Army Contracting Command, Redstone Arsenal, Alabama",2026-07-01,2026-07-01,1,0,347500000,347500000,,true,2026-09-02 18:11:08
28bca4244e1cbc6d,W15QKN-26-F-A236,Lockheed Martin Sippican Inc.,LMT,ARMY,Production of Stinger missile warheads and fuzes.,,2026-07-30,2026-07-30,1,0,19791630,19791630,,true,2026-09-02 18:11:08
95d97e4b03e20d96,N6600126R0110,Maximus Federal Services Inc.,MMS,NAVY,"Operational exercise design and construction, operations and requirements analysis, concept formulation and development, feasibility demonstrations, and operational and technical support including systems engineering, requirements verification and validation, software and hardware design, systems integration, test and evaluation, and DevSecOps methodologies.","Naval Information Warfare Center Pacific, San Diego, California",2026-08-13,2026-08-13,1,0,278000000,278000000,400000000,true,2026-09-02 18:11:08
c7e71c4e8bb796b6,SPE1C1-26-D-N021,"Mozaic Chapter NYSARC Inc.,**",,DEFENSE LOGISTICS AGENCY,Black fleece cap.,"Defense Logistics Agency Troop Support, Philadelphia, Pennsylvania",2026-08-21,2026-08-26,2,0,9860808,19721616,,true,2026-09-02 18:11:08
b55b8a67220dc4f5,M68754-26-D-0136,"Nemean Solutions LLC,*",,NAVY,"Equipment specialist support services for the Program Manager, Intelligence and Cyberspace Operations.","Portfolio Acquisition Executive-Marine Corps, Quantico, Virginia",2026-08-19,2026-08-19,1,0,10000000,10000000,,true,2026-09-02 18:11:08
8441cbb0d7c72fd1,N6274226D1805,Pacific Consulting Services Inc.,,NAVY,Cultural resource technical services including archaeology monitoring and data recovery.,"NAVFAC Pacific, Pearl Harbor, Hawaii",2026-08-20,2026-08-20,1,0,70000000,70000000,,true,2026-09-02 18:11:08
fdf203440e211fb7,N39040-26-C-3065,Patriot Global Lodging LLC,,NAVY,Lodging services to support project personnel temporarily relocating to the San Diego area to support a submarine overhaul.,"Portsmouth Naval Shipyard, Kittery, Maine",2026-07-09,2026-07-09,1,0,9046496,9046496,,true,2026-09-02 18:11:08
3c33f69dbd495df2,N39430-26-D-2018,Pond & Co.,,NAVY,"Provide petroleum, oil and lubricants engineering and design services for systems and supporting facilities at various Navy and Marine Corps installations worldwide.","Naval Facilities Engineering and Expeditionary Warfare Center, Port Hueneme, California",2026-08-31,2026-08-31,1,0,145000000,145000000,,true,2026-09-02 18:11:08
a220b592d10940f2,N0016426CMP04,"Quantum Technology Sciences LLC,*",,NAVY,Procurement of Seismic Acoustic Detection and Ranging Underwater System.,"Naval Surface Warfare Center, Crane Division, Crane, Indiana",2026-06-29,2026-06-29,1,0,10843003,10843003,13179054,true,2026-09-02 18:11:08
aad22e21839fb94c,N00024-22-C-5500,Raytheon Missiles and Defense,RTX,NAVY,Hardware production of the AN/SPY-6(V) Family of Radars and associated hardware.,"Naval Sea Systems Command, Washington, D.C.",2026-07-20,2026-07-20,1,1,,1809613484,3393637335,false,2026-09-02 18:11:08
9c324b7674b5d85e,W50S8H-26-D-A023,"Rodriguez Construction Group Inc.,*",,ARMY,"Maintenance, repair, and construction services at various locations.","U.S. Property and Fiscal Office, New York",2026-06-29,2026-06-29,1,0,45000000,45000000,,true,2026-09-02 18:11:08
f2e40e0355c138ff,FA822826-C-0007,Shipcom Federal Solutions LLC,,AIR FORCE,Eight artificial intelligence test program sets in strict accordance with the performance work statement.,"Air Force Sustainment Center, Hill AFB, Utah",2026-08-06,2026-08-06,1,0,9287035,9287035,,true,2026-09-02 18:11:08
81bd0cf14e7ff9b7,FA8109-26-D-B023,"Silver Wings Aerospace, Inc., doing business as Silver Wings Aerospace Inc.",,AIR FORCE,Exchange or repair of commercial and non-commercial aircraft parts for the KC-46 aircraft weapon system.,"Air Force Sustainment Center, Materiel Support Contracting Division, Strategic Contracting Section, Tinker Air Force Base, Oklahoma",2026-06-29,2026-06-29,1,0,470978031,470978031,,true,2026-09-02 18:11:08
f131926bb148e55a,FA853226DB026,TLD,,AIR FORCE,Next generation aerospace and ground equipment to modernize and source aerospace and ground equipment.,"Air Force Material Command Air Force Life Cycle Management Center, Support Equipment and Vehicles, Robins Air Force Base, Warner Robins, Georgia",2026-08-17,2026-08-17,1,0,920000000,920000000,,true,2026-09-02 18:11:08
2164679c704c98f8,W912QR-26-D-A050,"Tri Coast-Pac Tech JV 2,*",,ARMY,Design-bid-build construction services.,"U.S. Army Corps of Engineers, Louisville, Kentucky",2026-08-31,2026-08-31,1,0,160000000,160000000,,true,2026-09-02 18:11:08
bb6acfc1949b7824,N44255-26-D-1503,Triton Marine Construction Corp.,,NAVY,"New construction, renovation, alteration, demolition, and repair work for marine piers and facilities at various locations within the Naval Facilities Engineering Systems Command Northwest area of operations.","Naval Facilities Engineering Systems Command Northwest, Silverdale, Washington",2026-07-30,2026-07-30,1,0,700000000,700000000,,true,2026-09-02 18:11:08
0781f47a7acb4364,FA8121-26-D-B003,Turbopower LLC,,AIR FORCE,Repair and overhaul of non-commercial aircraft parts for T56 engines used on C-130 aircraft.,"Air Force Sustainment Center, Tinker Air Force Base, Oklahoma",2026-07-23,2026-07-23,1,0,343201556,343201556,,true,2026-09-02 18:11:08
c93f345b5fa03473,W9126G-26-D-A048,Universal Field Services Inc.,,ARMY,"Professional real estate negotiation services for properties located within Texas, Arizona, California, Louisiana, and New Mexico.","U.S. Army Corps of Engineers, Fort Worth, Texas",2026-07-02,2026-07-02,1,0,99000000,99000000,99000000,true,2026-09-02 18:11:08
5980eec862649768,FA2330-26-C-B008,VSE Tek,,AIR FORCE,"Expert systems integration, cybersecurity, software development, and policy support to update weather data systems for climatology quick reaction capabilities.","Air Force Life Cycle Management Center, Electronic Systems Directorate Contracting, Hanscom Air Force Base, Massachusetts",2026-06-26,2026-06-26,1,0,9909176,9909176,,true,2026-09-02 18:11:08
a5cd30586b041930,FA9453-26-D-X007,Vantage Analytical LLC,,AIR FORCE,"Space systems and hardware integration for novel experiments, including research, engineering, and technical management for space technology analysis, development, integration, experimentation, demonstration, and evaluation.","The Air Force Research Laboratory, Kirtland AFB, New Mexico",2026-07-08,2026-07-08,1,0,499000000,499000000,,true,2026-09-02 18:11:08
6eb0bb6171b68453,FA255326DB015,York Space Systems,,AIR FORCE,"Support to space and ground-based engineering activities to enhance test, evaluation, and training operations for the National Space Test and Training Complex Innovative Technology and Engineering - Space Test and Range Capability Development.","The Space Systems Command, Operational Test and Training Infrastructure, Colorado Springs, Colorado",2026-07-30,2026-07-30,1,0,981000000,981000000,,true,2026-09-02 18:11:08
80663ea47765a8c0,W912CH-26-D-0059,Elbit America Inc.,ESLT,ARMY,Repair services and materials for integrated helmet and display sight system components for AH-64D and AH-64E Apache attack helicopters.,"Army Contracting Command, Detroit Arsenal, Michigan",2026-08-27,2026-08-27,1,0,34120000,34120000,,true,2026-09-02 18:11:08
9deed25e526cec94,N0042125C1001,KBR Wyle Services LLC,,NAVY,"Provide continued program management, engineering, financial and logistics support for the F/A-18 air vehicle, subsystems, armament, engine and airborne weapons for Navy and Foreign Military Sales customers.","Naval Air Systems Command, Patuxent River, Maryland",2026-08-31,2026-08-31,1,1,,25162568,,false,2026-09-02 18:11:08
75f32e2b75ec4a0d,N00024-24-C-5539,Laurel Technologies Partnership,,NAVY,Exercise options for procurement of additional AN/SPQ-9B radar systems in support of Arleigh Burke-class guided-missile destroyers (DDG 147-149).,"Naval Sea Systems Command, Washington, D.C.",2026-07-30,2026-07-30,1,1,,32031186,,false,2026-09-02 18:11:08
ad9f6a86491a812f,N00024-23-C-5325,Lockheed Martin Rotary and Mission Systems,LMT,NAVY,MK 41 Vertical Launching System modules and ancillary equipment.,"Naval Sea Systems Command, Washington, Washington, D.C.",2026-06-30,2026-06-30,1,1,,73681472,,false,2026-09-02 18:11:08
033426e188c391a3,FA8811-26-D-B003,Relativity Federal Inc.,,AIR FORCE,National Security Space Launch Phase Three Lane One modifications that cumulatively increase the ceiling.,"Space Systems Command, Space Access, Los Angeles Air Force Base, California",2026-07-17,2026-07-17,1,1,,11400000000,17000000000,false,2026-09-02 18:11:08
72b8f4e89340a272,W58RGZ-22-C-0063,Sikorsky Aircraft Corp.,LMT,ARMY,Procurement of services and data for the integration and qualification of the Improved Turbine Engine onto the UH/HH-60M Black Hawk.,"Army Contracting Command, Redstone Arsenal, Alabama",2026-07-30,2026-07-30,1,1,,49929599,137968024,false,2026-09-02 18:11:08
c660545c70a697a3,N0001926G1007,Textron Systems Corp.,TXT,NAVY,"Pre-operational support, operational support, post-operational support, and associated data in support of sea-based unmanned aircraft systems maritime intelligence, surveillance, and reconnaissance services on board two Navy vessels, including sensor data hours and environmental shock testing and familiarization training.","Naval Air Systems Command, Patuxent River, Maryland",2026-08-24,2026-08-31,2,0,15546143,31018415,,true,2026-09-02 18:11:08
ab54956ce24f3157,FA9453-25-C-X054,Lockheed Martin Space,LMT,AIR FORCE,Space Data Networking Experimentation Phase II program.,"Air Force Research Laboratory, Kirtland Air Force Base, New Mexico",2026-08-10,2026-08-10,1,1,,22021262,22461947,false,2026-09-02 18:11:08
14807ae2ed8f1976,FA8815-26-C-B002,Northrop Grumman Systems Corp.,NOC,AIR FORCE,"Joint Tactical Ground Station (JTAGS) sustainment, including contractor logistics support and engineering services for the JTAGS program.","Space Systems Command Directorate of Contracting, Peterson Space Force Base, Colorado",2026-06-30,2026-06-30,1,0,49000000,49000000,,true,2026-09-02 18:11:08
b6867f74f934b40e,W9128F-26-C-A046,Conti Federal Services LLC,,ARMY,Design-bid-build construction of environmental protection shelters.,"U.S. Army Corps of Engineers, Omaha, Nebraska",2026-07-27,2026-07-27,1,0,49887334,49887334,,true,2026-09-02 18:11:08
cf7dc6809cb218cb,N00383-23-G-SV01,Raytheon Co.,RTX,NAVY,Procurement of four different weapon repairable assembly types for P-8A Poseidon aircraft in total quantity of 50.,"Naval Supply Systems Command Weapon Systems Support, Philadelphia, Pennsylvania",2026-07-16,2026-08-20,4,0,13522168,56004773,,true,2026-09-02 18:11:08
bcef8340405f15f5,FA8638-26-F-B001,Northrop Grumman Systems Corp.,NOC,AIR FORCE,Development of an enhanced sensor as part of the Large Aircraft Infrared Countermeasures (LAIRCM) Optical Detection and Identification Node system.,"The Air Force Life Cycle Management Center, Wright Patterson Air Force Base, Ohio",2026-07-09,2026-07-09,1,0,60438241,60438241,,true,2026-09-02 18:11:08
c30b2d07fd1d680c,FA8526-26-F-B005,The Boeing Co.,BA,AIR FORCE,C-17 Large Aircraft Infrared Countermeasures upgrade for United Arab Emirates C-17 aircraft.,"The Air Force Lifecycle Management Center, Warner Robins, Georgia",2026-07-21,2026-07-21,1,0,42932563,42932563,,true,2026-09-02 18:11:08
a6e79d37bd922f92,W912DW-26-C-A030,Conti Federal Services LLC,,ARMY,Construction of a special tactics complex for the Oregon Air National Guard.,"U.S. Army Corps of Engineers, Seattle, Washington",2026-08-27,2026-08-27,1,0,55432141,55432141,66384447,true,2026-09-02 18:11:08
71e1554d6421c0d1,N0001918C1012,The Boeing Co.,BA,NAVY,"Provide non-recurring engineering and integration efforts for updated Radio Frequency Blanker Unit and Encrypted Mass Storage System components, and deficiency analysis and corrections in support of the MQ-25 program.","Naval Air Systems Command, Patuxent River, Maryland",2026-08-31,2026-08-31,1,1,,12680717,,false,2026-09-02 18:11:08
4cb14074b2bbf5d1,FA8802-26-C-0005,All Points Logistics,,AIR FORCE,Space vehicle processing facilities support.,"Space Systems Command, Los Angeles Air Force Base, California",2026-07-28,2026-07-28,1,0,250000000,250000000,,true,2026-09-02 18:11:08
9dc21588c997deff,N6893626D5004,Alliant Techsystems Operations LLC,LHX,NAVY,"Design, development, studies, and technology demonstrations to develop and apply new technology for battlespace dominance utilizing Advanced Anti-Radiation Missile systems, warhead systems, fuzes, and related technologies.","Naval Air Warfare Center Weapons Division, China Lake",2026-06-24,2026-06-24,1,0,,,,true,2026-09-02 18:11:08
fadcaa77cebcb7a4,W51AA1-26-C-A009,Alta Enterprises Inc.,,ARMY,Computer numerical control multi-axis turning centers and Kobra 20SLY-X computer numerical control Swiss-type turning centers.,"Army Contracting Command, Aberdeen Proving Ground, Maryland",2026-07-17,2026-07-17,1,0,12258000,12258000,,true,2026-09-02 18:11:08
ebb901d3d4b0ef3e,SPE8EC-26-D-0021,"American Material Handling Inc.,*",,DEFENSE LOGISTICS AGENCY,Commercial cranes.,"Defense Logistics Agency Troop Support, Philadelphia, Pennsylvania",2026-07-31,2026-07-31,1,0,157000000,157000000,,true,2026-09-02 18:11:08
f40dfefc2f2a5298,N00024-26-C-4405,BAE Systems Norfolk Ship Repair Inc.,BA,NAVY,USS Iwo Jima (LHD-7) Fiscal 2026 Selected Restricted Availability work.,"Mid Atlantic Regional Maintenance Center, Norfolk, Virginia",2026-08-04,2026-08-04,1,1,,14572924,,false,2026-09-02 18:11:08
ca1fb1bf6a1ae978,SPE605-26-D-8525,BRZ Investment & Consulting LLC,,DEFENSE LOGISTICS AGENCY,Various types of fuel.,"Defense Logistics Agency Energy, Fort Belvoir, Virginia",2026-08-21,2026-08-21,1,0,10319881,10319881,,true,2026-09-02 18:11:08
3ba7fe73be8adaee,NNG15SD00B,Blue Tech Inc.,,OTHER,Cisco Security and Splunk 3.0 Enterprise Agreement with 12-month base year and four 12-month option periods delivered as a task order under NASA SEWP.,U.S. Special Operations Command,2026-08-19,2026-08-19,1,0,13310169,13310169,,true,2026-09-02 18:11:08
25372dc7d355e1d4,FA255326DB003,CACI Inc.,CACI,AIR FORCE,"Support to space and ground-based engineering activities to enhance test, evaluation, and training operations for the National Space Test and Training Complex Innovative Technology and Engineering - Space Test and Range Capability Development.","The Space Systems Command, Operational Test and Training Infrastructure, Colorado Springs, Colorado",2026-07-30,2026-07-30,1,0,981000000,981000000,,true,2026-09-02 18:11:08
17c3053238e893d6,FA862126CB003,CAE Inc.,CAE,AIR FORCE,"Provide Royal Moroccan Air Force F-16 Block 72 training system and contractor logistics support, including two F-16 full mission trainer systems with associated equipment and spares.","Air Force Life Cycle Management Center, Agile Combat Support Directorate, Simulators Division, Wright-Patterson Air Force Base, Ohio",2026-08-31,2026-08-31,1,0,42103873,42103873,,true,2026-09-02 18:11:08
cc95a0b86d9da137,FA8772-26-F-B088,Carahsoft Technology Corp.,,AIR FORCE,Supply of VMWare Cloud Foundation software licenses and product support for the Air Force Network.,"Air Force Life Cycle Management Center, Maxwell Air Force Base Gunter Annex, Alabama",2026-08-05,2026-08-05,1,0,82884761,82884761,,true,2026-09-02 18:11:08
1830d331cf810db7,N6833526G0006,"Castelion Corp.,*",,NAVY,"Small Business Innovation Research Phase III engineering, technical, logistics, and manufacturing services for the Blackbeard Hypersonic Weapon system, including Defense Exportability Features design modifications and development of 50 Early Operational Capability weapons.","Naval Air Warfare Center Aircraft Division, Lakehurst, New Jersey",2026-08-25,2026-08-25,1,0,89997162,89997162,,true,2026-09-02 18:11:08
4f808301ea72d684,N00030-23-C-6008,Charles Stark Draper Laboratories Inc.,,NAVY,"Production of the Trident (D5) Guidance Subsystem, including maintaining critical skills related to assembly and test of Alternate Pendulous Integrating Gyroscopic Accelerometer system and sub-assemblies.","Portfolio Acquisition Executive, Strategic Systems Programs, Washington, D.C.",2026-06-24,2026-06-24,1,1,,14878252,,false,2026-09-02 18:11:08
3ff50809d38949e4,N6600126R0098,Core4ce LLC,,NAVY,"Operational exercise design and construction, operations and requirements analysis, concept formulation and development, feasibility demonstrations, and operational and technical support including systems engineering, requirements verification and validation, software and hardware design, systems integration, test and evaluation, and DevSecOps methodologies.","Naval Information Warfare Center Pacific, San Diego, California",2026-08-13,2026-08-13,1,0,278000000,278000000,400000000,true,2026-09-02 18:11:08
64ed9cfc614f61c1,N6339425C0003,"Corvid Technologies LLC,*",,NAVY,"Design, manufacture, and deliver short/medium range sub-orbital vehicle configurations, including ground test hardware, special test equipment, materials, and required engineering and launch support services.","Naval Surface Warfare Center, Port Hueneme, White Sands Detachment, Port Hueneme, California",2026-07-07,2026-07-17,2,2,,24550500,,false,2026-09-02 18:11:08
0ea9c54c185dc0e9,HTC71124DW004/P0006,Crowley Government Services Inc.,,OTHER,"International ocean and intermodal, time definite, port-to-port, and door-to-door transportation services for containerized and breakbulk cargo under the Universal Services Contract-10 program.","The U.S. Transportation Command, Directorate of Acquisition, Scott Air Force Base, Illinois",2026-07-15,2026-07-15,1,0,800000000,800000000,2325000000,true,2026-09-02 18:11:08
799dfaf32fd03fbc,N6600126R0101,DLH LLC,DLHC,NAVY,"Operational exercise design and construction, operations and requirements analysis, concept formulation and development, feasibility demonstrations, and operational and technical support including systems engineering, requirements verification and validation, software and hardware design, systems integration, test and evaluation, and DevSecOps methodologies.","Naval Information Warfare Center Pacific, San Diego, California",2026-08-13,2026-08-13,1,0,278000000,278000000,400000000,true,2026-09-02 18:11:08
d6a9c6d61cca8f66,W912HN-26-D-A011,Dewberry Engineers Inc.,,ARMY,"Disaster response, emergency repair, and infrastructure stabilization or reconstruction missions across civil works, military, and international and interagency services programs.","U.S. Army Corps of Engineers, Savannah, Georgia",2026-06-30,2026-06-30,1,0,49000000,49000000,,true,2026-09-02 18:11:08
761a3f69c68b14c4,N39430-26-D-7001,"EJC International Services LLC,*",,NAVY,"Architect-engineer services for facility condition inspections and inspection and repair of aircraft hangars, communication towers, and utility towers at military installations.","Naval Facilities Engineering and Expeditionary Warfare Center, Port Hueneme, California",2026-08-03,2026-08-03,1,0,50000000,50000000,,true,2026-09-02 18:11:08
fc7dd37d83198451,N42158-22-D-S005,"Fairlead Boatworks, Inc.,*",,NAVY,"Overhaul services to service craft (barges), small boats, and camel systems (fendering) under custodianship of Norfolk Naval Shipyard.","Norfolk Naval Shipyard, Portsmouth, Virginia",2026-06-26,2026-06-26,1,1,,14242839,43600000,false,2026-09-02 18:11:08
27b53bcfc29af83a,W9128F-26-C-A043,Federal Contracting Inc.,,ARMY,Design-bid-build construction of B-21 West Alert Apron environmental protection shelters.,"U.S. Army Corps of Engineers, Omaha, Nebraska",2026-07-08,2026-07-08,1,0,54775225,54775225,,true,2026-09-02 18:11:08
fa74dda7358f8a41,FA255326DB004,Firefly Aerospace,FFY,AIR FORCE,"Support to space and ground-based engineering activities to enhance test, evaluation, and training operations for the National Space Test and Training Complex Innovative Technology and Engineering - Space Test and Range Capability Development.","The Space Systems Command, Operational Test and Training Infrastructure, Colorado Springs, Colorado",2026-07-30,2026-07-30,1,0,981000000,981000000,,true,2026-09-02 18:11:08
732f106323c1c449,FA8903-26-D-0040,Gallaher Management Group Inc.,,AIR FORCE,"Roofing, repair, and replacement services including low-slope, steep-slope, and metal roofing system work.","772nd Enterprise Sourcing Squadron, Joint Base San Antonio–Lackland, Texas",2026-06-29,2026-06-29,1,0,450000000,450000000,,true,2026-09-02 18:11:08
8b3bbc3d54876335,N0001914C0037,General Atomics,,NAVY,"Electromagnetic Aircraft Launch System power conversion subsystem components, hardware retrofits, and position sensor upgrades for USS Enterprise (CVN-80) future Gerald R. Ford-class aircraft carrier, including upgrades to half bridge and braking chopper assemblies, in support of improving system reliability, maintainability, and operational readiness for the Navy.","Naval Air Systems Command, Patuxent River, Maryland",2026-06-30,2026-06-30,1,1,,13899848,,false,2026-09-02 18:11:08
cd4a7bff8fc87806,FA2401-26-C-0003,General Dynamics Mission Systems Inc.,GD,AIR FORCE,"Software development, test and integration, and operations and maintenance of the ground segment mission and service applications for the Proliferated Warfighter Space Architecture Tranche Three.","Space Development Agency, Washington, D.C.",2026-07-24,2026-07-24,1,0,400400000,400400000,,true,2026-09-02 18:11:08
f8144216b72f5270,W9124M-26-F-A089,Georgia Power Co.,SO,ARMY,Electrical distribution services.,"Army 419th Contracting Support Brigade, Fort Stewart, Georgia",2026-08-25,2026-08-25,1,0,92250000,92250000,,true,2026-09-02 18:11:08
c9d7295668e9a910,N0001925D1117,"Global Air Logistics and Training Aerospace Inc.,*",,NAVY,Increases the contract ceiling for production and delivery of up to 20 SkyTower II production Airborne Network Extension Air Vehicle kits (A-Kits) and associated installation efforts in support of the Marine Corps airborne networking capabilities.,"Naval Air Systems Command, Patuxent River, Maryland",2026-07-06,2026-07-06,1,1,,13228748,,false,2026-09-02 18:11:08
ad4a1c15357668dc,W912DQ-26-D-A023,"Great River Associates Inc.,*",,ARMY,"Architect-engineer services including civil planning, design, and support during construction for civil works projects and other assigned missions within the U.S. Army Corps of Engineers, Northwestern Division's area of operations.","U.S. Army Corps of Engineers, Kansas City, Missouri",2026-08-07,2026-08-07,1,0,95000000,95000000,,true,2026-09-02 18:11:08
852f65a97c480ffd,N66001-26-D-0004,Greensea Systems Inc.,,NAVY,Engineering technical services and hardware in support of autonomous and remotely operated systems operating in maritime environments.,"Naval Information Warfare Center Pacific in San Diego, California",2026-06-29,2026-06-29,1,0,18154710,18154710,,true,2026-09-02 18:11:08
5229d841a1f153de,FA8903-26-D-0021,Hasen Global LLC,,AIR FORCE,"Roofing, repair, and replacement services for low-slope, steep-slope, and metal roofing systems at Air Force installations.","772nd Enterprise Sourcing Squadron, Joint Base San Antonio–Lackland, Texas",2026-07-31,2026-07-31,1,0,450000000,450000000,,true,2026-09-02 18:11:08
3d502fe150d6faa3,HQ085826FE009,"Hive Group, LLC,*",,MISSILE DEFENSE AGENCY,"Technical acquisition and contracting support in business systems, policy and compliance, source selection, contract pricing, contract management, strategic operations, acquisition operations, and support to the Office of Small Business Programs.","The Missile Defense Agency, Huntsville, Alabama",2026-07-09,2026-07-09,1,0,,,82448871,true,2026-09-02 18:11:08
cc30fafac0db19cf,SPE605-26-D-1018,IES Downstream LLC,,DEFENSE LOGISTICS AGENCY,JAA aviation turbine fuel.,"Defense Logistics Agency Energy, Fort Belvoir, Virginia",2026-06-26,2026-06-26,1,0,14138359,14138359,,true,2026-09-02 18:11:08
88a4e095b57c1320,N00023-26-D-0028,"Integrity Technologies Corp.,*",,NAVY,"Supplies and services in support of military operations including humanitarian assistance, disaster relief, contingency support, logistics, and Defense Support of Civil Authorities across theater opening, sustainment, distribution, and stability operations.","Naval Supply Systems Command, Mechanicsburg, Pennsylvania",2026-08-13,2026-08-13,1,0,55000000000,55000000000,65000000000,true,2026-09-02 18:11:08
9a61549e5e24b2f0,W911KF-26-C-A040,"Intellistore Inc.,*",,ARMY,Modernization of automated storage and retrieval systems.,"Army Contracting Command, Detroit Arsenal, Michigan",2026-08-28,2026-08-28,1,0,18712603,18712603,20261512,true,2026-09-02 18:11:08
aa0b55e7d49a27a0,W91278-26-D-A037,Jacobs Government Services Co.,JCE,ARMY,Architect-engineer services available through competitive order placement.,"U.S. Army Corps of Engineers, Mobile, Alabama",2026-07-22,2026-07-22,1,0,249000000,249000000,,true,2026-09-02 18:11:08
a5347ce61f237635,FA853226DB018,Knight Aerospace,,AIR FORCE,Next generation aerospace and ground equipment to modernize and source aerospace and ground equipment.,"Air Force Material Command Air Force Life Cycle Management Center, Support Equipment and Vehicles, Robins Air Force Base, Warner Robins, Georgia",2026-08-17,2026-08-17,1,0,920000000,920000000,,true,2026-09-02 18:11:08
2cf3ac2fc1bf93d3,FA489026C0012,Kwaan Tech LLC,,AIR FORCE,E-3 contract aircrew training and courseware development services including technical and program management.,"Headquarters Air Combat Command Acquisition Management and Integration Center, Hampton, Virginia",2026-08-28,2026-08-28,1,0,29999937,29999937,,true,2026-09-02 18:11:08
66ce92a00fb20788,FA8903-26-D-0012,L. Wallace Construction Co. Inc.,,AIR FORCE,"Roofing, repair, and replacement services for low-slope, steep-slope, and metal roofing systems at Air Force installations.","772nd Enterprise Sourcing Squadron, Joint Base San Antonio–Lackland, Texas",2026-07-31,2026-07-31,1,0,450000000,450000000,,true,2026-09-02 18:11:08
521044c0e1bddd58,N0001926C1012,Leonardo DRS Airborne and Intelligence Systems,DRS,NAVY,Production and delivery of up to 55 Joint Tactical Terminal Transceiver units with non-recurring engineering and support for F/A-18E/F Super Hornet and EA-18G Growler aircraft.,"Naval Air Systems Command, Patuxent River, Maryland",2026-08-12,2026-08-12,1,0,39608346,39608346,,true,2026-09-02 18:11:08
4c039898eea133ee,N00030-22-C-1025,Lockheed Martin Space,LMT,NAVY,Procurement of additional All Up Rounds for the Navy's Conventional Prompt Strike program to satisfy Army requirements.,"Strategic Systems Programs, Washington, D.C.",2026-06-22,2026-06-22,1,1,,83180528,,false,2026-09-02 18:11:08
c8c3a809e74387cb,W9126G-26-D-A053,"Lowery Property Advisors LLC,*",,ARMY,Professional real estate appraisal services.,"U.S. Army Corps of Engineers, Fort Worth, Texas",2026-08-12,2026-08-12,1,0,25000000,25000000,,true,2026-09-02 18:11:08
469dd846d261fa98,FA8903-26-D-0048,MGC Roofing & Construction Inc.,,AIR FORCE,"Roofing, repair, and replacement services including low-slope, steep-slope, and metal roofing system work.","772nd Enterprise Sourcing Squadron, Joint Base San Antonio–Lackland, Texas",2026-06-29,2026-06-29,1,0,450000000,450000000,,true,2026-09-02 18:11:08
e656db91259bd0da,N40084-26-D-1505,Maeda-Onaka JV,,NAVY,"Project design, construction, renovation, modernization, repair, and maintenance projects at U.S. government installations.","Naval Facilities Engineering Systems Command, Far East, Yokosuka, Japan",2026-07-30,2026-07-30,1,0,1000000000,1000000000,,true,2026-09-02 18:11:08
781153a0381cf10d,W912WJ-26-D-A005,"Maron Construction Co. Inc.,*",,ARMY,Design-build construction services for various projects.,"U.S. Army Corps of Engineers, Concord, Massachusetts",2026-08-10,2026-08-10,1,0,90000000,90000000,,true,2026-09-02 18:11:08
1919e28e63372028,N66604-25-D-K500,"Mikel Inc.,*",,NAVY,"Continuation of the Small Business Innovation Research (SBIR) Phase III development, upgrade, production, and delivery of the Submerged Acoustic Navigation System technology.","Naval Undersea Warfare Center Division, Newport, Newport, Rhode Island",2026-07-15,2026-07-15,1,1,,13929243,,false,2026-09-02 18:11:08
c92429c2a7f5f7f2,N4523A-26-D-1004,"Motive Power Marine LLC,*",,NAVY,"Repair and modernization of open lighter barges, utility floats, and utility float deep draft.","Puget Sound Naval Shipyard and Intermediate Maintenance Facility, Bremerton, Washington",2026-07-02,2026-07-02,1,0,24494585,24494585,,true,2026-09-02 18:11:08
366a41fdf3d65736,HTC71124DW012/P0007,National Shipping of America LLC,,OTHER,"International ocean and intermodal, time definite, port-to-port, and door-to-door transportation services for containerized and breakbulk cargo under the Universal Services Contract-10 program.","The U.S. Transportation Command, Directorate of Acquisition, Scott Air Force Base, Illinois",2026-07-15,2026-07-15,1,0,800000000,800000000,2325000000,true,2026-09-02 18:11:08
ab1bc6478dfbdb44,W91CRB-26-D-A011,Neros Inc.,,ARMY,"Procurement of the Archer first-person-view sUAS purpose-built attritable system, support equipment, testing, engineering support, and training.","Army Contracting Command, Aberdeen Proving Ground, Maryland",2026-07-14,2026-07-14,1,0,500000000,500000000,,true,2026-09-02 18:11:08
09dfc788530cff74,W91CRB-26-C-5063,"Nightline Inc.,*",,ARMY,"Provision of commercial equivalent AN/PVS-14 Night Vision Devices, extended warranties, accessories, test sets, and tool sets.","Army Contracting Command, Aberdeen Proving Ground, Maryland",2026-08-17,2026-08-17,1,0,12783940,12783940,13334120,true,2026-09-02 18:11:08
72e5d79fa9b1cf37,N00024-23-C-5234,Northrop Grumman Corp.,NOC,NAVY,Manufacture of Navy and Foreign Military Sales surface and submarine inertial sensor module configurations and associated support equipment for the IWS 6 Navigation program.,"Naval Sea Systems Command, Washington, D.C.",2026-07-31,2026-07-31,1,1,,18121584,,false,2026-09-02 18:11:08
a7cdd2ce42ca7aaa,N6833526C1060,"Overland AI Inc.,*",,NAVY,"Development, integration and testing of modular, formation-based mission autonomy capability on heavy commercial vehicle platform for autonomous breaching in combat engineer operations.","Naval Air Warfare Center Aircraft Division, Lakehurst, New Jersey",2026-08-18,2026-08-18,1,0,14305444,14305444,,true,2026-09-02 18:11:08
c6761870c07cb118,HTC71124DW014/P0006,Pasha Hawaii Holdings LLC,,OTHER,"International ocean and intermodal, time definite, port-to-port, and door-to-door transportation services for containerized and breakbulk cargo under the Universal Services Contract-10 program.","The U.S. Transportation Command, Directorate of Acquisition, Scott Air Force Base, Illinois",2026-07-15,2026-07-15,1,0,800000000,800000000,2325000000,true,2026-09-02 18:11:08
6baa985988817641,N00189-26-D-L012,QED Systems Inc.,,NAVY,Aircraft carrier readiness support including professional engineering assistance and hazardous waste and material handling to ensure protection of personnel and the environment.,"Naval Supply Systems Command Fleet Logistics Center Norfolk, Norfolk, Virginia",2026-07-30,2026-07-30,1,0,147951314,147951314,,true,2026-09-02 18:11:08
47f2c9eff0020545,N6600126R0113,REDLattice,,NAVY,"Operational exercise design and construction, operations and requirements analysis, concept formulation and development, feasibility demonstrations, and operational and technical support including systems engineering, requirements verification and validation, software and hardware design, systems integration, test and evaluation, and DevSecOps methodologies.","Naval Information Warfare Center Pacific, San Diego, California",2026-08-13,2026-08-13,1,0,278000000,278000000,400000000,true,2026-09-02 18:11:08
7705de59fc1249d2,W9128Z-26-D-A003,"Raft LLC,*",,ARMY,"Acquisition and management of software platforms, including data integrations, secure compute infrastructure, and comprehensive support services.","Army Contracting Command, Aberdeen Proving Ground, Maryland",2026-07-31,2026-07-31,1,0,99000000,99000000,,true,2026-09-02 18:11:08
bcceb37941b0a6a6,FA8723-26-9-B0003,Raytheon Corp.,RTX,AIR FORCE,Ground-based radar digitization and modernization efforts to create a common architecture and design for upgrade of ground-based radars.,"Space Systems Command, Colorado Springs, Colorado",2026-07-17,2026-07-17,1,0,309472660,309472660,,true,2026-09-02 18:11:08
66a5a346634c5797,W56KGY-26-D-A002,"Research Innovations Inc.,*",,ARMY,"Procurement, delivery and sustainment of Dragonfly payload systems.","Army Contracting Command, Aberdeen Proving Ground, Maryland",2026-08-26,2026-08-26,1,0,99529577,99529577,,true,2026-09-02 18:11:08
cbfb9169f9754a67,SPRWA1-26-D-0001,Rockwell Collins ESA Vision Systems LLC,RTX,DEFENSE LOGISTICS AGENCY,"Joint Helmet Mounted Cueing System consumable and depot-level reparable spares and repairs in support of F-15, F-16, and F-18 aircraft.","Defense Logistics Agency Weapon Support, Warner Robins, Georgia",2026-07-24,2026-07-24,1,0,332623964,332623964,,true,2026-09-02 18:11:08
f623d26eea9c6a78,W91248-26-D-A024,"S&B Christ Consulting LLC,*",,ARMY,Architect engineering design services for the planning and design of facilities and infrastructure for construction projects.,"Army 419th Contracting Support Brigade, Fort Campbell, Kentucky",2026-07-20,2026-07-20,1,0,249500000,249500000,,true,2026-09-02 18:11:08
6f3b971bd7bc6100,FA8109-26-D-B022,S3 AeroDefense LLC,,AIR FORCE,Exchange or repair of commercial and non-commercial aircraft parts for the KC-46 aircraft weapon system.,"Air Force Sustainment Center, Materiel Support Contracting Division, Strategic Contracting Section, Tinker Air Force Base, Oklahoma",2026-06-29,2026-06-29,1,0,470978031,470978031,,true,2026-09-02 18:11:08
283cae5e3895c78e,FA8109-26-D-B025,STS Component Solutions LLC,,AIR FORCE,Exchange or repair of commercial and non-commercial aircraft parts for the KC-46 aircraft weapon system.,"Air Force Sustainment Center, Materiel Support Contracting Division, Strategic Contracting Section, Tinker Air Force Base, Oklahoma",2026-06-29,2026-06-29,1,0,470978031,470978031,,true,2026-09-02 18:11:08
36630fd691f06157,W58RGZ-26-F-0207,Science Applications International Corp.,SAIC,ARMY,Non-commercial engineering services.,"U. S. Army Contracting Command, Redstone Arsenal, Alabama",2026-06-30,2026-06-30,1,0,45909779,45909779,,true,2026-09-02 18:11:08
38ecd1f8969e3ff2,SPRPA1-26-C-UA14,Sierra Nevada Co. LLC,,DEFENSE LOGISTICS AGENCY,P-8 aircraft signal data processor depot level repairable spares.,"Defense Logistics Agency Weapons Support, Philadelphia, Pennsylvania",2026-07-16,2026-07-16,1,0,12012815,12012815,,true,2026-09-02 18:11:08
3a54f6dd6186bc34,SPE605-26-D-8517,Tailored Lubricants,,DEFENSE LOGISTICS AGENCY,Various types of fuel.,"Defense Logistics Agency Energy, Fort Belvoir, Virginia",2026-08-21,2026-08-21,1,0,20397926,20397926,,true,2026-09-02 18:11:08
12feae2fb0245ab6,W91CRB-26-C-A010,"Technical and Project Engineering LLC,*",,ARMY,"Army training models services in support of Headquarters, Department of the Army G-3/5/7.","U.S. Army Contracting Command, Aberdeen Proving Ground, Maryland",2026-07-02,2026-07-02,1,0,9051490,9051490,,true,2026-09-02 18:11:08
03bc5e2623d9da7a,W519TC-26-C-A042,Tepa-Weston JV,,ARMY,"Rehabilitation, design, and construction of detention basins and surrounding area at Hawthorne Army Depot New Bomb Open Detonation Range including removal of explosive hazards and redesign of stormwater detention basins.","Army Contracting Command, Rock Island Arsenal, Illinois",2026-06-23,2026-06-23,1,0,14060476,14060476,,true,2026-09-02 18:11:08
092cf397269cc48e,N00024-23-C-2452,Textron Systems Corp.,TXT,NAVY,Construction of two Ship to Shore Connector Landing Craft Air Cushion (LCAC-100)-class crafts.,"Naval Sea Systems Command, Washington, D.C.",2026-08-17,2026-08-17,1,1,,231488876,,false,2026-09-02 18:11:08
d44ce5864f72ec34,SPE300-26-D-0001,The Coca-Cola Co.,KO,DEFENSE LOGISTICS AGENCY,Soda bag-in-box beverages.,"Defense Logistics Agency Troop Support, Philadelphia, Pennsylvania",2026-07-23,2026-07-23,1,0,9000000,9000000,,true,2026-09-02 18:11:08
38c96e9edc952b73,W51AA1-26-D-A040,The Oak Group Inc.,,ARMY,"Maintenance, repair, and construction services.","Army Contracting Command, Aberdeen Proving Ground, Maryland",2026-06-30,2026-06-30,1,0,200000000,200000000,,true,2026-09-02 18:11:08
f931798ed6f5937a,W912CH-26-DA079,"Tirghra JV,* LLC",,ARMY,"Cybersecurity, systems engineering, and program protection support.","Army Contracting Command, Detroit Arsenal, Michigan",2026-07-28,2026-07-28,1,0,42500000,42500000,,true,2026-09-02 18:11:08
f66a0d15295d27e1,FA8903-26-D-0054,Tri Coast-Pac Tech JV 2,,AIR FORCE,"Roofing, repair, and replacement services for low-slope, steep-slope, and metal roofing systems at Air Force installations.","772nd Enterprise Sourcing Squadron, Joint Base San Antonio–Lackland, Texas",2026-07-31,2026-07-31,1,0,450000000,450000000,,true,2026-09-02 18:11:08
e6ad2791895d01df,N3220526C1243,U.S. Marine Management LLC,,NAVY,"Time charter of one clean, Coast Guard approved double hull tanker with inert gas system capable of carrying a minimum of 240,000 barrels of clean petroleum products for worldwide performance.","Military Sealift Command, Norfolk, Virginia",2026-06-24,2026-06-24,1,0,16607500,16607500,,true,2026-09-02 18:11:08
3db0442c725ebb9a,FA8250-26-D-B017,United States Technologies Inc.,,AIR FORCE,Repair services for the 415th Supply Chain Management Squadron.,"The Air Force Sustainment Center, Hill Air Force Base, Utah",2026-07-30,2026-07-30,1,0,300000000,300000000,,true,2026-09-02 18:11:08
68b39e816085d9c4,N3220526C1251,American Roll-On Roll-Off Carrier LLC,,NAVY,"50-day time charter of one U.S. flag, self-sustaining, roll-on/roll-off vessel capable of carrying a minimum of 130,000 sq. ft. of military cargo.","Military Sealift Command, Norfolk, Virginia",2026-08-17,2026-08-17,1,0,9764103,9764103,,true,2026-09-02 18:11:08
28eebfa2fd3e414a,N00024-17-C-2100,Huntington Ingalls Inc.,HII,NAVY,Construction of five Columbia-class fleet ballistic missile submarines and nine Virginia-class attack submarines with material and productivity investments.,"Naval Sea Systems Command, Washington, D.C.",2026-07-29,2026-07-29,1,1,,,,false,2026-09-02 18:11:08
462b5d108ae979f7,N69316-25-F-6000,"Huntington Ingalls Inc., Ingalls Shipbuilding Division",HII,NAVY,Support for USS Ted Stevens (DDG 128) post shakedown availability.,"Naval Sea Systems Command, Washington, D.C.",2026-08-10,2026-08-10,1,1,,10678527,,false,2026-09-02 18:11:08
a3c1d2fb62c9efbf,W912HY-26-D-A025,Inland Dredging Co. LLC,,ARMY,Pipeline dredging projects within the U.S. Army Corps of Engineers Galveston District boundary.,"U.S. Army Corps of Engineers, Galveston, Texas",2026-08-03,2026-08-03,1,0,95000000,95000000,,true,2026-09-02 18:11:08
2895fe46f30f4906,FA8750-26-C-B044,L3Harris Technologies Inc.,LHX,AIR FORCE,Advanced processing and exploitation software and reports demonstrating Modality Independent Raster Image technology within the National Geospatial-Intelligence Agency PHENOM environment.,"The Air Force Research Laboratory, Contracting Office, Rome New York",2026-08-27,2026-08-27,1,0,12305752,12305752,,true,2026-09-02 18:11:08
889ef6b5e356d086,FA255326DB009,Parsons Government Services Inc.,PSN,AIR FORCE,"Support to space and ground-based engineering activities to enhance test, evaluation, and training operations for the National Space Test and Training Complex Innovative Technology and Engineering - Space Test and Range Capability Development.","The Space Systems Command, Operational Test and Training Infrastructure, Colorado Springs, Colorado",2026-07-30,2026-07-30,1,0,981000000,981000000,,true,2026-09-02 18:11:08
0df4e66ee4f86f44,FA8106-25-D-B003,Vertex Aerospace LLC,,AIR FORCE,Contractor operated and maintained base supply services.,"The Air Force Life Cycle Management Center, Tinker AFB, Oklahoma",2026-07-02,2026-07-02,1,1,,22573762,46269389,false,2026-09-02 18:11:08
4aa8aff4be122059,W9128F-26-C-A045,Conti Federal Services LLC,,ARMY,Design-bid-build construction of an alert facility.,"U.S. Army Corps of Engineers, Omaha, Nebraska",2026-07-27,2026-07-27,1,0,37694967,37694967,39957333,true,2026-09-02 18:11:08
3953d809a484b89a,N00024-12-C-2115,General Dynamics Electric Boat Corp.,GD,NAVY,Construction of five Columbia-class fleet ballistic missile submarines and nine Virginia-class attack submarines with material and productivity investments.,"Naval Sea Systems Command, Washington, D.C.",2026-07-29,2026-07-29,1,1,,,,false,2026-09-02 18:11:08
4f98e6b6393e3d15,W912DS-26-C-A018,Great Lakes Dredge & Dock Co. LLC,GLDD,ARMY,"Maintenance dredging of the federal navigation channel and deposition basin in Fire Island Inlet, with placement of dredged material as beach nourishment along the feeder beach west of Fire Island Inlet.","U.S. Army Corps of Engineers, New York, New York",2026-08-07,2026-08-07,1,0,44500000,44500000,46310000,true,2026-09-02 18:11:08
7529ccb8d17efc80,N39430-26-D-2017,HDR Engineering Inc.,,NAVY,"Provide petroleum, oil and lubricants engineering and design services for systems and supporting facilities at various Navy and Marine Corps installations worldwide.","Naval Facilities Engineering and Expeditionary Warfare Center, Port Hueneme, California",2026-08-31,2026-08-31,1,0,145000000,145000000,,true,2026-09-02 18:11:08
d9ee56be7a8f940b,FA8128-26-D-B002,The Boeing Co.,BA,AIR FORCE,"Air Launched Cruise Missile (ALCM) controller remanufacture, including production test sets and remanufactured controllers required to sustain the ALCM.","Air Force Nuclear Weapons Center, Tinker Air Force Base, Oklahoma",2026-06-30,2026-06-30,1,0,49500000,49500000,,true,2026-09-02 18:11:08
13cca72055a19e36,H9240824D4343,Raytheon Co.,RTX,OTHER,Provide support for the Silent Knight Radar Antennae Gimbal-4 program.,"U.S. Special Operations Command, MacDill Air Force Base, Florida",2026-08-31,2026-08-31,1,0,9747240,9747240,,true,2026-09-02 18:11:08
445a7f81870062ad,FA8903-26-D-0025,A-Vet Roofing & Construction LLC,,AIR FORCE,"Roofing, repair, and replacement services including low-slope, steep-slope, and metal roofing system work.","772nd Enterprise Sourcing Squadron, Joint Base San Antonio–Lackland, Texas",2026-06-29,2026-06-29,1,0,450000000,450000000,,true,2026-09-02 18:11:08
e4a8bec3354f5b03,FA0021-26-F-0006,Advanced Concepts Enterprises Inc.,,AIR FORCE,Intelligence security support services task order delivering specialized subject matter expertise to Air Force intelligence programs.,"The Air Force Installation Contracting Center, 765th Enterprise Sourcing Flight, Hurlburt Field, Florida",2026-06-23,2026-06-23,1,0,13628667,13628667,,true,2026-09-02 18:11:08
8803703edfa5d9f6,HTC71124DW002/P0010,American President Lines LLC,,OTHER,"International ocean and intermodal, time definite, port-to-port, and door-to-door transportation services for containerized and breakbulk cargo under the Universal Services Contract-10 program.","The U.S. Transportation Command, Directorate of Acquisition, Scott Air Force Base, Illinois",2026-07-15,2026-07-15,1,0,800000000,800000000,2325000000,true,2026-09-02 18:11:08
4004a8440340f25b,N00189-26-C-W018,BCG Federal Corp.,,NAVY,"Advisory, analytical, technical and transformation management services to design, validate and execute a comprehensive enterprise campaign plan in support of Naval Supply Systems Command.","NAVSUP Fleet Logistics Center Norfolk, Regional Directorate, Norfolk, Virginia",2026-08-26,2026-08-26,1,0,12048439,12048439,39073599,true,2026-09-02 18:11:08
18906dd4af3473fd,W9128F-26-C-A024,"Bay West LLC,*",,ARMY,Environmental remediation services under a multi-award indefinite-delivery contract.,"U.S. Army Corps of Engineers, Omaha, Nebraska",2026-07-10,2026-07-10,1,0,249000000,249000000,,true,2026-09-02 18:11:08
191439dd7ba41828,FA8750-26-C-B045,Booz Allen Hamilton Inc.,BAH,AIR FORCE,"Research, development, test and evaluation of quantum information science technology for quantum-accelerated technology advancement.","The Air Force Research Laboratory, Rome, New York",2026-07-10,2026-07-10,1,0,25342035,25342035,,true,2026-09-02 18:11:08
66a7149bc82dc619,W91QEY-26-9-A004,Brasfield & Gorrie LLC,,ARMY,"Design and construction of four separate facilities for component remanufacture, missile maintenance, paint, and storage.","Army Mission Installation Contracting Command, Fort Sam Houston, Texas",2026-08-27,2026-08-27,1,0,658173000,658173000,986914726,true,2026-09-02 18:11:08
97dea03e92259894,FA2521-26-C-0015,CCI Facility Contractors LLC,,AIR FORCE,Design-build services replacing an overhead electrical distribution line with an underground electrical distribution system at Cape Canaveral Space Force Station.,"45th Contracting Squadron, Patrick Space Force Base, Florida",2026-08-05,2026-08-05,1,0,13416370,13416370,,true,2026-09-02 18:11:08
9e027c806ef91d63,N6600126R0096,CNF Technologies Corp.,,NAVY,"Operational exercise design and construction, operations and requirements analysis, concept formulation and development, feasibility demonstrations, and operational and technical support including systems engineering, requirements verification and validation, software and hardware design, systems integration, test and evaluation, and DevSecOps methodologies.","Naval Information Warfare Center Pacific, San Diego, California",2026-08-13,2026-08-13,1,0,278000000,278000000,400000000,true,2026-09-02 18:11:08
303eb2ef1309ffd1,FA8250-26-D-B013,CPI Electron Device Business Inc.,,AIR FORCE,Repair services for the 415th Supply Chain Management Squadron.,"The Air Force Sustainment Center, Hill Air Force Base, Utah",2026-07-30,2026-07-30,1,0,300000000,300000000,,true,2026-09-02 18:11:08
36eddb0ea50d5b09,HQ0854-26-C-E002,"Chugach Pacific Services LLC,*",,MISSILE DEFENSE AGENCY,"Field office space, latrines, hazardous material lockers, power generation, fuels management, communication support, solid waste management, material handling equipment and movements, operations and maintenance, custodial, grounds and pest management, and logistics support at five separate Missile Defense Agency sites across Guam.","The Missile Defense Agency, Redstone Arsenal, Alabama",2026-07-09,2026-07-09,1,0,,,29774197,true,2026-09-02 18:11:08
a4f0e4b2778826b7,SP8000-25-D-0008,Cleveland-Cliffs Steel Corp.,CLF,DEFENSE LOGISTICS AGENCY,Grain oriented electrical steel.,"Defense Logistics Agency Contracting Services Office, Ohio",2026-07-01,2026-07-01,1,0,400000000,400000000,,true,2026-09-02 18:11:08
c08b1533f91c1622,W912BU-26-C-A030,"Conrad Shipyard LLC,*",,ARMY,"Engineering, construction, testing and delivery of a new deck barge.","U.S. Army Corps of Engineers, Philadelphia, Pennsylvania",2026-07-02,2026-07-02,1,0,24153000,24153000,24459000,true,2026-09-02 18:11:08
a271fb0206d9dcb0,N44255-26-D-1507,Contrack Watts Inc.,,NAVY,"New construction, renovation, alteration, demolition, and repair work for marine piers and facilities at various locations within the Naval Facilities Engineering Systems Command Northwest area of operations.","Naval Facilities Engineering Systems Command Northwest, Silverdale, Washington",2026-07-30,2026-07-30,1,0,700000000,700000000,,true,2026-09-02 18:11:08
41993061f9b1fbb7,FA8109-26-D-B008,Crane Aerospace & Electronics (Hydro-Aire & Eldec),,AIR FORCE,Exchange or repair of commercial and non-commercial aircraft parts for the KC-46 aircraft weapon system.,"Air Force Sustainment Center, Materiel Support Contracting Division, Strategic Contracting Section, Tinker Air Force Base, Oklahoma",2026-06-29,2026-06-29,1,0,470978031,470978031,,true,2026-09-02 18:11:08
3ef9317a73f586ff,W15QKN-26-D-A082,"DBOC JV,*",,ARMY,Ammunition industrial base engineering support services.,"Army Contracting Command, Newark, New Jersey",2026-07-09,2026-07-09,1,0,44622497,44622497,,true,2026-09-02 18:11:08
291bd26fe9f71914,W50S8H-26-D-A015,"DMYLES Inc.,*",,ARMY,"Maintenance, repair, and construction services at various locations.","U.S. Property and Fiscal Office, New York",2026-06-29,2026-06-29,1,0,45000000,45000000,,true,2026-09-02 18:11:08
2033a2786c80fa12,HT003826DE006,Deloitte Consulting LP,,OTHER,"All services and materials necessary to support the on-demand deployment of products within the Program Executive Office, Defense Healthcare Management Systems portfolio and related supporting components.","The Defense Health Agency Contracting Office, Arlington, Virginia",2026-07-30,2026-07-30,1,0,300000000,300000000,,true,2026-09-02 18:11:08
8ae83564537f6b10,W91236-26-D-A001,"Dills Architects Raymond JV LLC,*",,ARMY,Broad range of architect and engineering services to support construction projects located primarily in the Norfolk District area of responsibility and the North Atlantic Division.,"U.S. Army Corps of Engineers, Norfolk, Virginia",2026-06-23,2026-06-23,1,0,45000000,45000000,45000000,true,2026-09-02 18:11:08
680fa51f12073b70,N40085-26-C-0014,Environmental Chemical Corporation,,NAVY,P1556 10th Marines Maintenance and Operations Complex construction.,"Naval Facilities Engineering Systems Command Mid-Atlantic, Norfolk, Virginia",2026-06-30,2026-06-30,1,0,66362841,66362841,66362841,true,2026-09-02 18:11:08
e6c13876b7f289e0,FA8109-26-D-B016,Evans Composite Inc.,,AIR FORCE,Exchange or repair of commercial and non-commercial aircraft parts for the KC-46 aircraft weapon system.,"Air Force Sustainment Center, Materiel Support Contracting Division, Strategic Contracting Section, Tinker Air Force Base, Oklahoma",2026-06-29,2026-06-29,1,0,470978031,470978031,,true,2026-09-02 18:11:08
48b51cc004912920,W56ZTN-26-D-A010,"G. A. Mechanical Inc.,*",,ARMY,"Unidirectional Hydrant Flushing and Repair Program, potable and sanitary utility infrastructure maintenance and repair.","Army Contracting Command, Aberdeen Proving Ground, Maryland",2026-08-05,2026-08-05,1,0,16893603,16893603,,true,2026-09-02 18:11:08
f737164b4d65ff6e,W519TC-26-D-A026,General Dynamics-OTS Inc.,GD,ARMY,Low collateral bomb cases.,"Army Contracting Command, Rock Island Arsenal, Illinois",2026-07-27,2026-07-27,1,0,33911620,33911620,,true,2026-09-02 18:11:08
e482256d0448eedb,W912DQ-26-C-A037,"Guarantee Interiors Inc.,*",,ARMY,"Department of Veterans Affairs St. Louis ICT swing space and utility relocation, including temporary data center, site work, switchgear pads and enclosures, hazardous materials survey and remediation, and utility line relocations.","U.S. Army Corps of Engineers, Kansas City, Missouri",2026-07-02,2026-07-02,1,0,18999877,18999877,,true,2026-09-02 18:11:08
e940934fdd321185,SPE1C1-26-D-0067,"H.C. Contracting Inc.,**",,DEFENSE LOGISTICS AGENCY,Men's and women's dress coats.,"Defense Logistics Agency Troop Support, Philadelphia, Pennsylvania",2026-08-20,2026-08-20,1,0,93949180,93949180,,true,2026-09-02 18:11:08
fea55e91eea32c00,N62742-26-D-1211,"HDR AECOM Infrastructure JV, a JV",,NAVY,Architect-engineer services for design and engineering of projects involving significant base infrastructure and civil design.,"NAVFAC Pacific, Joint Base Pearl Harbor-Hickam, Hawaii",2026-06-29,2026-06-29,1,0,100000000,100000000,,true,2026-09-02 18:11:08
b886e49d581ec404,N69450-26-C-0027,HITT Contracting,,NAVY,Construction of a P200 nuclear power training facility simulation expansion at Joint Base Lindsey Graham.,"Naval Facilities Engineering Systems Command Southeast, Jacksonville, Florida",2026-08-20,2026-08-20,1,0,264031732,264031732,274312160,true,2026-09-02 18:11:08
edb602c708211e7e,W58RGZ-26-F-0403,"Integrate DG LLC,*",,ARMY,"Procurement of Alphawing uncrewed aircraft systems, support equipment, and field service representatives for system use and employment.","Army Contracting Command, Redstone Arsenal, Alabama",2026-08-27,2026-08-27,1,0,27827350,27827350,,true,2026-09-02 18:11:08
060800642bd36759,FA8250-26-D-B014,J-Squared Technologies (North Carolina) Inc.,,AIR FORCE,Repair services for the 415th Supply Chain Management Squadron.,"The Air Force Sustainment Center, Hill Air Force Base, Utah",2026-07-30,2026-07-30,1,0,300000000,300000000,,true,2026-09-02 18:11:08
0c55dea8da6b24cb,M9549425D5003,KPMG LLP,,NAVY,Professional support services in support of Marine Corps Installations Command Headquarters.,"The Marine Corps Installations Command, Washington, D.C.",2026-08-21,2026-08-21,1,1,,96718238,198145615,false,2026-09-02 18:11:08
41ba3ea8ef606fd6,SPRDL1-26-C-0111,"Kit Masters Inc.,*",,DEFENSE LOGISTICS AGENCY,Provide engine fan clutches.,"Defense Logistics Agency Weapons Support, Warren, Michigan",2026-08-31,2026-08-31,1,0,9235200,9235200,,true,2026-09-02 18:11:08
1f95b8e65155bbd3,W9124P-26-D-A004,M1 Support Services L.P.,,ARMY,"Provide initial entry rotary-wing training for Army pilots using contractor-owned, contractor-operated solution for commercially available services and equipment.","Army Contracting Command, Redstone Arsenal, Alabama",2026-08-14,2026-08-14,1,0,,,10000000000,true,2026-09-02 18:11:08
96c1b47d92905431,SPE1C1-26-D-0050,"MM Manufacturing LLC,*",,DEFENSE LOGISTICS AGENCY,Improved hot weather combat uniform female coats.,"Defense Logistics Agency Troop Support, Philadelphia, Pennsylvania",2026-08-06,2026-08-06,1,0,31151250,31151250,,true,2026-09-02 18:11:08
7829a01aab878e3a,W912PL-26-D-A007,"MX Construction Inc.,*",,ARMY,Construction activities in the Southern California footprint.,"U.S. Army Corps of Engineers, Los Angeles, California",2026-06-25,2026-06-25,1,0,99000000,99000000,,true,2026-09-02 18:11:08
9a92d98973a0708b,N62473-22-D-1202,"Makers Architecture and Urban Design LLP,*",,NAVY,Facility planning services at various locations in the Naval Facilities Engineering Systems Command (NAVFAC) Southwest area of operations.,"Naval Facilities Engineering Systems Command Southwest, San Diego, California",2026-07-09,2026-07-09,1,1,,10000000,25000000,false,2026-09-02 18:11:08
679cfb7ede4600c5,N39430-26-D-4005,Marine Solutions Inc.,,NAVY,Architect-engineering services for routine inspection of waterfront facilities.,"Naval Facilities Engineering and Expeditionary Warfare Center, Port Hueneme, California",2026-08-10,2026-08-10,1,0,,,,true,2026-09-02 18:11:08
4000a0f9686dce6d,N0001925C0096,Martin-Baker America Inc.,,NAVY,"Procurement and delivery of 24 mission seats for P-8A Lot 13 production aircraft for U.S. Navy, Germany, and Canada.","Naval Air Systems Command, Patuxent River, Maryland",2026-07-21,2026-07-21,1,1,,23012423,,false,2026-09-02 18:11:08
b61af3eea6351aea,W912DQ-26-C-A044,"Mobley Contractors Inc.,*",,ARMY,"Construction of closure structures, including two stoplog and two sandbag structures, located on either side of bridges crossing levee units.","U.S. Army Corps of Engineers, Kansas City, Kansas",2026-08-21,2026-08-21,1,0,18803862,18803862,,true,2026-09-02 18:11:08
2dc9334099f896ee,N6339422C0009,"NewVac LLC,*",,NAVY,"Manufacture, assembly, test, and delivery of vertical launching system module cables and related AEGIS modernization cable sets for MK 41 Mod 47.","Naval Surface Warfare Center Port Hueneme Division, Port Hueneme, California",2026-07-22,2026-07-22,1,1,,17874470,,false,2026-09-02 18:11:08
040017cb7e3e1a32,FA4887-26-D-0004,OEI-AECOM JV2 LLC,ACM,AIR FORCE,"Multidisciplinary architect-engineer services including mechanical, electrical, fire protection, civil, structural, and architectural engineering Title I and Title II services to support various locations in Arizona.","56th Contracting Squadron, Luke Air Force Base, Arizona",2026-08-03,2026-08-03,1,0,25000000,25000000,,true,2026-09-02 18:11:08
f7ac382913ef8b0c,W5168W-26-D-A028,"Osprey Management LLC,*",,ARMY,"Construction work including administrative, recreational, billeting, workshops, maintenance and training facilities, and general construction trades.","Army Field Directorate Office, Fort Sam Houston, Texas",2026-07-15,2026-07-15,1,0,193000000,193000000,,true,2026-09-02 18:11:08
0bfc3afba03ee5c2,SPE1C1-26-D-N002,"Peckham Inc.,**",,DEFENSE LOGISTICS AGENCY,Aircrew endurance survival vests and components.,"Defense Logistics Agency Troop Support, Philadelphia, Pennsylvania",2026-07-31,2026-07-31,1,0,31571742,31571742,,true,2026-09-02 18:11:08
582604fa537a68cf,FA8821-25-D-B001,Pivotal Space Inc.,,AIR FORCE,"Performance evaluation for resupply, integration, and global expeditionary enablement under a Small Business Innovation Research Phase III contract.","The Space Systems Command, Peterson Space Force Base, Colorado",2026-07-10,2026-07-10,1,1,,93000000,100000000,false,2026-09-02 18:11:08
0c49887454ad337f,W912DQ-26-D-A024,"Prairie-GEO JV,*",,ARMY,"Architect-engineer services including civil planning, design, and support during construction for civil works projects and other assigned missions within the U.S. Army Corps of Engineers, Northwestern Division's area of operations.","U.S. Army Corps of Engineers, Kansas City, Missouri",2026-08-07,2026-08-07,1,0,95000000,95000000,,true,2026-09-02 18:11:08
eea8adaf8f30353b,N0001924C0042,"RTX Corp., Pratt & Whitney Military Engines",RTX,NAVY,"Non-recurring engineering to mature the F135 engine, address operational issues, improve readiness, and support the transition of the engine core upgrade from risk reduction design review into engineering and manufacturing development, including long-lead hardware for a spare test engine in support of the Air Force, Marine Corps, Navy, and F-35 Cooperative Program Partners F-35 Joint Strike Fighter programs.","Naval Air Systems Command, Patuxent River, Maryland",2026-08-27,2026-08-27,1,1,,240754035,,false,2026-09-02 18:11:08
977e31cc9b24c905,N6134026C1001,Rockwell Collins Simulation and Training Solutions LLC,RTX,NAVY,"Technical refreshes and capability upgrades to existing E-2D Hawkeye training systems, including enhancements to flight trainers, system integration laboratories, Special Projects Advanced Readiness Trainer Afloat/Ashore devices, Joint Simulation Environment integration, distributed mission testing capabilities, virtual maintenance training, instructor/operator training, and associated technical documentation in support of maintaining current training capabilities and fleet readiness for the Navy.","Naval Air Warfare Center Training Systems Division, Orlando, Florida",2026-06-30,2026-06-30,1,0,21245490,21245490,,true,2026-09-02 18:11:08
ca81bc9ffd2ef0b3,W58RGZ-26-C-0019,Sikorsky Aircraft Corporation,LMT,ARMY,APX-123A Mode 5 capability non-recurring engineering and retrofit aircraft configuration change.,"U.S. Army Contracting Command, Redstone Arsenal, Alabama",2026-06-26,2026-06-26,1,0,10210041,10210041,,true,2026-09-02 18:11:08
e95c495388a7fd9e,W91278-26-C-A017,"Southern Contracting LLC,*",,ARMY,Coastwide beach and dune ecosystem restoration.,"U.S. Army Corps of Engineers, Mobile, Alabama",2026-08-07,2026-08-07,1,0,22999774,22999774,,true,2026-09-02 18:11:08
e0905b66468fb5a1,FA8903-26-D-0028,TATCO RC JV LLC,,AIR FORCE,"Roofing, repair, and replacement services for low-slope, steep-slope, and metal roofing systems at Air Force installations.","772nd Enterprise Sourcing Squadron, Joint Base San Antonio–Lackland, Texas",2026-07-31,2026-07-31,1,0,450000000,450000000,,true,2026-09-02 18:11:08
cf713eaa1e1000ba,N6449826D1018,"TEI-Tusas Engine Industries, Inc.",,NAVY,"Commercial depot-level overhaul of Navy, Coast Guard, Military Sealift Command, and Foreign Military LM2500 and LM2500+ marine gas turbine engines.","Naval Surface Warfare Center Philadelphia Division, Philadelphia, Pennsylvania",2026-07-13,2026-07-13,1,0,370226037,370226037,370226038,true,2026-09-02 18:11:08
720162861227b978,W911QX-26-D-A012,"Taumat LLC,*",,ARMY,"Advancement of thermal energy storage technologies through research, development, test and evaluation of thermal management materials, advanced coatings and thermal mitigation technologies under Small Business Innovation Research Phase III program.","Army Contracting Command, Aberdeen Proving Ground, Maryland",2026-08-28,2026-08-28,1,0,10000000,10000000,,true,2026-09-02 18:11:08
de6f5dd08a9b7b7d,FA8807-19-F-0008,Tecolote Research Inc.,,AIR FORCE,Space and Missile Systems Center acquisition and financial support efforts.,"Space Systems Command, Los Angeles Air Force Base, California",2026-06-30,2026-06-30,1,1,,20313416,167239011,false,2026-09-02 18:11:08
b06fb40a58a84893,W912CH-26-D-A106,Teledyne FLIR Unmanned Ground Systems Inc.,TDY,ARMY,"Post-production software sustainment of the Man Transportable Robotic System Increment II, including software maintenance, engineering support, systems technical support, and sustainment systems technical support throughout the system lifecycle.","Army Contracting Command, Detroit Arsenal, Michigan",2026-08-06,2026-08-06,1,0,44459699,44459699,,true,2026-09-02 18:11:08
5d6cca7dcb68554a,N6600126R0120,Tharros Defense Inc.,,NAVY,"Operational exercise design and construction, operations and requirements analysis, concept formulation and development, feasibility demonstrations, and operational and technical support including systems engineering, requirements verification and validation, software and hardware design, systems integration, test and evaluation, and DevSecOps methodologies.","Naval Information Warfare Center Pacific, San Diego, California",2026-08-13,2026-08-13,1,0,278000000,278000000,400000000,true,2026-09-02 18:11:08
78e6632ac750bbe9,W91CRB-26-C-A020,The Boston Consulting Group Inc.,,ARMY,"Support for reform and improvement of the Army's defense exports process, including analysis, redesign of sales procedures, strategy development for key weapon systems and implementation of process improvements.","Army Contracting Command, Aberdeen Proving Ground, Maryland",2026-07-13,2026-07-13,1,0,19930562,19930562,,true,2026-09-02 18:11:08
011f4e6e0e036fc7,FA8903-26-D-0020,Topside Contracting LLC,,AIR FORCE,"Roofing, repair, and replacement services for low-slope, steep-slope, and metal roofing systems at Air Force installations.","772nd Enterprise Sourcing Squadron, Joint Base San Antonio–Lackland, Texas",2026-07-31,2026-07-31,1,0,450000000,450000000,,true,2026-09-02 18:11:08
c21ded6a690519aa,SPE300-26-D-3021,"US Foods Inc., doing business as US Food Service Manassas",USFD,DEFENSE LOGISTICS AGENCY,Full-line food and beverage items.,"Defense Logistics Agency Troop Support, Philadelphia, Pennsylvania",2026-08-12,2026-08-12,1,0,69000000,69000000,,true,2026-09-02 18:11:08
970f336b090c38b2,W911NF-26-D-A016,"USMax Corporation,*",,ARMY,"Establish and strengthen networks connecting the United States Department of War, United States Army Combat Capabilities Development Command Army Research Laboratory, and government partners with academia, industry, and other government agencies through science and technology education outreach initiatives.","U.S. Army Contracting Command, Aberdeen Proving Ground, Maryland",2026-06-26,2026-06-26,1,0,49000000,49000000,,true,2026-09-02 18:11:08
4b172412b7c57e72,SP3300-25-C-5002,Valiant Technical Services Inc.,,DEFENSE LOGISTICS AGENCY,Chemical management services and third-party logistics services.,"Defense Logistics Agency Distribution, New Cumberland, Pennsylvania",2026-07-31,2026-07-31,1,1,,32139527,,false,2026-09-02 18:11:08
f2fb691c7f5c914a,W911NF-26-D-A017,"Vantage Point Consulting Inc.,*",,ARMY,"Establish and strengthen networks connecting the United States Department of War, United States Army Combat Capabilities Development Command Army Research Laboratory, and government partners with academia, industry, and other government agencies through science and technology education outreach initiatives.","U.S. Army Contracting Command, Aberdeen Proving Ground, Maryland",2026-06-26,2026-06-26,1,0,49000000,49000000,,true,2026-09-02 18:11:08
7695b8e29d4bf147,FA853226DB004,ATEC,,AIR FORCE,Next generation aerospace and ground equipment to modernize and source aerospace and ground equipment.,"Air Force Material Command Air Force Life Cycle Management Center, Support Equipment and Vehicles, Robins Air Force Base, Warner Robins, Georgia",2026-08-17,2026-08-17,1,0,920000000,920000000,,true,2026-09-02 18:11:08
49ff100dd79a65af,N00383-26-C-TA04,The Boeing Co.,BA,NAVY,Procurement of 25 structural ring assemblies (flex rings) utilized in Marine Corps V-22 Osprey aircraft.,"Naval Supply Systems Command Weapon Systems Support, Philadelphia, Pennsylvania",2026-06-23,2026-06-23,1,0,16224988,16224988,,true,2026-09-02 18:11:08
5ae8d452280b4cee,HTC71124DW006/P0008,Federated Maritime LLC,,OTHER,"International ocean and intermodal, time definite, port-to-port, and door-to-door transportation services for containerized and breakbulk cargo under the Universal Services Contract-10 program.","The U.S. Transportation Command, Directorate of Acquisition, Scott Air Force Base, Illinois",2026-07-15,2026-07-15,1,0,800000000,800000000,2325000000,true,2026-09-02 18:11:08
0be0879372c447c5,FA2521-26-F-0273,Sigmatech Inc.,,AIR FORCE,"Systems engineering and technical assistance services including technical, system analysis, programmatic, requirements, and analytical support for Space Systems Delta 80.","45th Contracting Squadron, Patrick SFB, Florida",2026-07-22,2026-07-22,1,0,49032775,49032775,,true,2026-09-02 18:11:08
db896484d935f60d,N0001923G0002,Lockheed Martin Rotary and Mission Systems,LMT,NAVY,"Non-recurring engineering for the AN/ARQ-59 Common Data Link to mitigate component obsolescence, integrate the Common Crypto Modernization Compact Multi-Band Data Link 2, provide modifications to multiplexer and radio frequency amplifier, develop a new Electronic Frequency Converter, and provide systems engineering, integration, interface management, and technical support for the MH-60R Seahawk.","Naval Air Systems Command, Patuxent River, Maryland",2026-07-01,2026-07-31,2,0,33464645,140753983,,true,2026-09-02 18:11:08
eb2c1fe8b939182a,N44255-26-D-1501,Manson Construction Co.,,NAVY,"New construction, renovation, alteration, demolition, and repair work for marine piers and facilities at various locations within the Naval Facilities Engineering Systems Command Northwest area of operations.","Naval Facilities Engineering Systems Command Northwest, Silverdale, Washington",2026-07-30,2026-07-30,1,0,700000000,700000000,,true,2026-09-02 18:11:08
f674352ef27552a2,FA2489-26-D-B003,Torch Technologies Inc.,,AIR FORCE,"Technical and management advisory services for aerospace research, development, test, and evaluation activities.","Air Force Test Center, Eglin AFB, Florida",2026-08-11,2026-08-11,1,0,992350357,992350357,,true,2026-09-02 18:11:08
2b06908753b675b1,HQ0147-19-C-5001,Lockheed Martin Space,LMT,MISSILE DEFENSE AGENCY,Manufacture and production of new Configuration 3 (C3) THAAD Launchers under Foreign Military Sales case to the United Arab Emirates.,"The Missile Defense Agency, Huntsville, Alabama",2026-08-12,2026-08-12,1,1,,211435067,1054537337,false,2026-09-02 18:11:08
cae16bae312aa6ef,N62742-26-C-1304,Conti Federal Services LLC,,NAVY,"Construction of P-859, Consolidated Headquarters Phase II at U.S. Naval Support Activity, Marine Corps Base Camp Blaz, Guam.","Naval Facilities Engineering Systems Command Pacific, Joint Base Pearl Harbor-Hickam, Hawaii",2026-08-11,2026-08-11,1,0,15955213,15955213,,true,2026-09-02 18:11:08
880e72962d23ac3a,N62470-26-C-0005,Conti Federal Services LLC,,NAVY,"Construction of four earth-covered magazines with seismic upgrades, two modular storage magazines, and a maintenance facility for ammunition rework and overhaul shop at Sigonella, Italy.","Naval Facilities Engineering Systems Command Atlantic, Norfolk, Virginia",2026-08-13,2026-08-13,1,0,77981311,77981311,,true,2026-09-02 18:11:08
51f65fc5ea708f17,FA860426DB008,Lockheed Martin Corp.,LMT,AIR FORCE,Contractor engineering and technical services for advisory engineering support until organic capability is developed.,"Air Force Life Cycle Management Center, Wright-Patterson AFB, Ohio",2026-08-17,2026-08-17,1,0,31291904,31291904,,true,2026-09-02 18:11:08
8fce586df1f0550d,SPE2DH-26-D-0012,"ADCO Medical Suppliers LLC,*",,DEFENSE LOGISTICS AGENCY,Medical equipment and accessories for the Defense Logistics Agency Electronic Catalog.,"Defense Logistics Agency Troop Support, Philadelphia, Pennsylvania",2026-07-08,2026-07-27,2,0,51000000,102000000,,true,2026-09-02 18:11:08
6ab7d0f4c009f1e9,W15QKN-26-D-A084,"Action Manufacturing Co.,*",,ARMY,"Manufacture, inspect, test, package and deliver M739A1 point detonating/delay fuzes.","Army Contracting Command, Newark, New Jersey",2026-08-31,2026-08-31,1,0,712480000,712480000,,true,2026-09-02 18:11:08
3215e4b28200c418,FA853226DB028,Aero Specialties,,AIR FORCE,Next generation aerospace and ground equipment to modernize and source aerospace and ground equipment.,"Air Force Material Command Air Force Life Cycle Management Center, Support Equipment and Vehicles, Robins Air Force Base, Warner Robins, Georgia",2026-08-17,2026-08-17,1,0,920000000,920000000,,true,2026-09-02 18:11:08
e9d6a62ef7a42a04,W912CH-26-D-A073,AeroVironment Inc.,AVAV,ARMY,Procurement of commercial counter-unmanned aerial systems and counter small-unmanned aerial systems capabilities.,"Army Contracting Command, Detroit Arsenal, Michigan",2026-07-01,2026-07-01,1,0,500000000,500000000,,true,2026-09-02 18:11:08
ace72f1267682531,N39430-26-D-2013,"Argus Consulting Inc.,*",,NAVY,"Provide petroleum, oil and lubricants engineering and design services for systems and supporting facilities at various Navy and Marine Corps installations worldwide.","Naval Facilities Engineering and Expeditionary Warfare Center, Port Hueneme, California",2026-08-31,2026-08-31,1,0,145000000,145000000,,true,2026-09-02 18:11:08
7463c411bc1090f2,FA8903-26-D-0031,B.C. Schmidt Construction Inc.,,AIR FORCE,"Roofing, repair, and replacement services for low-slope, steep-slope, and metal roofing systems at Air Force installations.","772nd Enterprise Sourcing Squadron, Joint Base San Antonio–Lackland, Texas",2026-07-31,2026-07-31,1,0,450000000,450000000,,true,2026-09-02 18:11:08
77fdcc3a396ccee9,FA255326DB002,BAE Systems Inc.,BA,AIR FORCE,"Support to space and ground-based engineering activities to enhance test, evaluation, and training operations for the National Space Test and Training Complex Innovative Technology and Engineering - Space Test and Range Capability Development.","The Space Systems Command, Operational Test and Training Infrastructure, Colorado Springs, Colorado",2026-07-30,2026-07-30,1,0,981000000,981000000,,true,2026-09-02 18:11:08
561dd0c99f98f888,FA2553-26-C-B009,Boecore LLC,,AIR FORCE,Advanced data solutions for complex spectrum analysis and systems validation providing deployable radio frequency data analysis and signal environment generation platform.,"Space Systems Command, Colorado Springs, Colorado",2026-06-23,2026-06-23,1,0,10634426,10634426,,true,2026-09-02 18:11:08
ab4425fbb7ff7703,N39430-26-D-2015,Burns & McDonnell Engineering Co. Inc.,,NAVY,"Provide petroleum, oil and lubricants engineering and design services for systems and supporting facilities at various Navy and Marine Corps installations worldwide.","Naval Facilities Engineering and Expeditionary Warfare Center, Port Hueneme, California",2026-08-31,2026-08-31,1,0,145000000,145000000,,true,2026-09-02 18:11:08
d0b2afa05b2af5b9,N40085-26-D-00560,Burns & McDonnell-Jacobs MIDLANT MC JV,,NAVY,"Multi-discipline architecture-engineer services in the Naval Facilities Engineering Systems Command Mid-Atlantic area, with first task order for field investigation for four new buildings and sites at MCAS Cherry Point.","NAVFAC, Mid-Atlantic, Norfolk, Virginia",2026-07-31,2026-07-31,1,0,10108938,10108938,,true,2026-09-02 18:11:08
5e966cadee502011,W91CRB-26-C-A038,Calibre Systems Inc.,,ARMY,"Personnel, equipment, tools, materials, supervision, and other items and non-personal services for technical support.","Army Contracting Command, Aberdeen Proving Ground, Maryland",2026-08-28,2026-08-28,1,0,9740964,9740964,,true,2026-09-02 18:11:08
671fad2341bada10,W91236-26-D-A013,"Cottrell Contracting Corp.,*",,ARMY,Maintenance dredging services.,"U.S. Army Corps of Engineers, Norfolk, Virginia",2026-08-12,2026-08-12,1,0,75000000,75000000,,true,2026-09-02 18:11:08
fdcfb980bcdae6e5,W15QKN-26-D-A081,"Dalcom LLC,*",,ARMY,Ammunition industrial base engineering support services.,"Army Contracting Command, Newark, New Jersey",2026-07-09,2026-07-09,1,0,44622497,44622497,,true,2026-09-02 18:11:08
a3797f7a2c1b2144,HT003826DE005,Deep Mile Networks LLC,,OTHER,"All services and materials necessary to support the on-demand deployment of products within the Program Executive Office, Defense Healthcare Management Systems portfolio and related supporting components.","The Defense Health Agency Contracting Office, Arlington, Virginia",2026-07-30,2026-07-30,1,0,300000000,300000000,,true,2026-09-02 18:11:08
85d2de2f0e921bf3,N0016426DJR96,Ensign-Bickford Aerospace & Defense Co.,,NAVY,Low hazard flexible linear shaped charges to cut and form metal in support of tactical and logistical operations.,"Naval Surface Warfare Center, Crane Division, Crane, Indiana",2026-07-17,2026-07-17,1,0,29521000,29521000,,true,2026-09-02 18:11:08
528c4a472ca056a3,W91238-23-C-0010,Folsom Dam Constructors,,ARMY,Folsom Dam Wing Dam construction.,"U.S. Army Corps of Engineers, Sacramento, California",2026-08-27,2026-08-27,1,1,,10315577,136038717,false,2026-09-02 18:11:08
4b3a3929294cdf61,FA8204-26-C-B003,Govini,LDOS,AIR FORCE,Intercontinental Ballistic Missile enterprise software as a service providing an integrated view of the ICBM industrial base and supply chains to identify current and future supply chain gaps and assess risks.,"The Air Force Nuclear Weapons Center, Hill Air Force Base, Utah",2026-06-30,2026-06-30,1,0,31000000,31000000,,true,2026-09-02 18:11:08
37b969733b90887b,W912HY-26-D-A019,Great Lakes Dredge & Dock Co. LLC,GLDD,ARMY,Hopper dredging projects within the U.S. Army Corps of Engineers Galveston District boundary.,"U.S. Army Corps of Engineers, Galveston, Texas",2026-07-31,2026-07-31,1,0,95000000,95000000,,true,2026-09-02 18:11:08
ab76139f82de545f,FA8109-26-D-B017,"Honeywell International Inc., doing business as Honeywell International",HON,AIR FORCE,Exchange or repair of commercial and non-commercial aircraft parts for the KC-46 aircraft weapon system.,"Air Force Sustainment Center, Materiel Support Contracting Division, Strategic Contracting Section, Tinker Air Force Base, Oklahoma",2026-06-29,2026-06-29,1,0,470978031,470978031,,true,2026-09-02 18:11:08
2000794a272b1e32,W912QR-26-D-A046,"Huot Construction and Services Inc.,*",,ARMY,Design-bid-build construction services.,"U.S. Army Corps of Engineers, Louisville, Kentucky",2026-08-31,2026-08-31,1,0,160000000,160000000,,true,2026-09-02 18:11:08
85035be721d7bd87,FA252326D0002,ISC Consulting Engineers Aktieselskab,,AIR FORCE,"Architectural and engineering services including Title I, Title II and other services in support of real property at Pituffik Space Base, Greenland.","Detachment 1, 21st Contracting Squadron, Copenhagen, Denmark",2026-08-07,2026-08-07,1,0,9000000,9000000,,true,2026-09-02 18:11:08
0ea07424a9187b15,W9128A-26-D-A020,"InSynergy Engineering Inc.,*",,ARMY,"Architect-engineer services (electrical) for the design of miscellaneous projects in the U.S. Army Corps of Engineers, Pacific Ocean Division's area of responsibility.","U.S. Army Corps of Engineers, Honolulu, Hawaii",2026-08-07,2026-08-07,1,0,9900000,9900000,,true,2026-09-02 18:11:08
d93a787986c43c00,SPE1C1-23-D-0059,"Industries of the Blind Inc.,*",,DEFENSE LOGISTICS AGENCY,"Warehousing, storage, logistics, and distribution functions under a modification exercising a one-year option period.","Defense Logistics Agency Troop Support, Philadelphia, Pennsylvania",2026-07-10,2026-07-10,1,1,,17320697,,false,2026-09-02 18:11:08
7c92236bf8f38bae,W912HY-26-C-A-023,Inland Dredging Co. LLC,,ARMY,Perform pipeline dredging operations on the Gulf Intracoastal Waterway.,"U.S. Army Corps of Engineers, Galveston, Texas",2026-07-07,2026-07-07,1,0,16303500,16303500,,true,2026-09-02 18:11:08
0da68485b19866a5,SPE1C1-26-D-0069,"Kandor Manufacturing Inc.,*",,DEFENSE LOGISTICS AGENCY,Supply of green service uniform dress shirts.,"Defense Logistics Agency Troop Support, Philadelphia, Pennsylvania",2026-07-29,2026-07-29,1,0,33785445,33785445,,true,2026-09-02 18:11:08
44a0ee8ebad74446,SPRDL1-26-D-0061,"Kelvin Hughes LLC, doing business as Hensoldt North America",HAG.DE,DEFENSE LOGISTICS AGENCY,Eyesafe Laser Rangefinders with containers.,"Defense Logistics Agency Weapons Support, Warren, Michigan",2026-08-19,2026-08-19,1,0,57300000,57300000,,true,2026-09-02 18:11:08
e427cadc38768266,N44225-26-D-1506,Kiewit Infrastructure West Co.,KIE,NAVY,"New construction, renovation, alteration, demolition, and repair work for marine piers and facilities at various locations within the Naval Facilities Engineering Systems Command Northwest area of operations.","Naval Facilities Engineering Systems Command Northwest, Silverdale, Washington",2026-07-30,2026-07-30,1,0,700000000,700000000,,true,2026-09-02 18:11:08
6388ba967c496c7c,FA8681-26-C-B002,Kongsberg Defence & Aerospace,,AIR FORCE,Joint Strike Missile Lot Three B production.,"The Air Force Life Cycle Management Center, Eglin Air Force Base, Florida",2026-07-15,2026-07-15,1,1,,98412400,,false,2026-09-02 18:11:08
8bb271bf57ad611f,FA300226D0029,"Language Associates LLC, doing business as Diplomatic Language Services",,AIR FORCE,English language training through instructors supporting the Defense Language Institute English Language Center Language Training Detachment in the United Arab Emirates.,"338th Enterprise Sourcing Squadron, Joint Base San Antonio Randolph Texas",2026-08-19,2026-08-19,1,0,11748457,11748457,,true,2026-09-02 18:11:08
35ddd623d06f8aaf,FA8629-14-C-2403,Lockheed Martin Rotary Mission Systems,LMT,AIR FORCE,Initial spare parts for HH-60W Lot Five.,"The Air Force Life Cycle Management Center, Helicopter Division, Wright Patterson Air Force Base, Ohio",2026-06-24,2026-06-24,1,1,,126946760,6436655078,false,2026-09-02 18:11:08
c6c0aa1b07ce7ffb,W912P8-26-D-A007,Luhr Crosby LLC,,ARMY,Flood control on the Mississippi River and tributaries.,"U.S. Army Corps of Engineers, New Orleans, Louisiana",2026-07-31,2026-07-31,1,0,25000000,25000000,,true,2026-09-02 18:11:08
685a7df6fcd16e26,N0042122D0101,ManTech Advanced Systems International Inc.,,NAVY,"Engineering and technical services including research, development, integration, analysis, acquisition, and technical training support for Naval Air Systems Command Weaponeering Integration and related programs.","Naval Air Warfare Aviation Division, Patuxent River, Maryland",2026-07-13,2026-07-13,1,1,,49814138,,false,2026-09-02 18:11:08
2203ee02e905fa15,FA8903-26-D-0032,Maycor LLC,,AIR FORCE,"Roofing, repair, and replacement services for low-slope, steep-slope, and metal roofing systems at Air Force installations.","772nd Enterprise Sourcing Squadron, Joint Base San Antonio–Lackland, Texas",2026-07-31,2026-07-31,1,0,450000000,450000000,,true,2026-09-02 18:11:08
448611d7f6bdab53,N44255-21-D-5010,McMillen Inc.,,NAVY,"New construction, repair, alteration, renovation, demolition, dredging, and related construction services for marine waterfront facilities and supporting infrastructure within NAVFAC Northwest area of responsibility.","NAVFAC Northwest, Silverdale, Washington",2026-08-07,2026-08-07,1,1,,54000000,380000000,false,2026-09-02 18:11:08
040daf1d60e1f7c4,SPE1C1-26-D-0058,"McRae Industries Inc.,*",,DEFENSE LOGISTICS AGENCY,Temperate weather combat boots.,"Defense Logistics Agency Troop Support, Philadelphia, Pennsylvania",2026-06-26,2026-06-26,1,0,31730382,31730382,,true,2026-09-02 18:11:08
56f84631e04923a8,SPE2DH-26-D-0017,"Mercy Medical Equipment Co.,*",,DEFENSE LOGISTICS AGENCY,Medical equipment and accessories for the Defense Logistics Agency Electronic Catalog.,"Defense Logistics Agency Troop Support, Philadelphia, Pennsylvania",2026-08-19,2026-08-19,1,0,16500000,16500000,,true,2026-09-02 18:11:08
eb498ab47124e929,SPE60126D1529,Nippon Sanso Matheson Inc.,,DEFENSE LOGISTICS AGENCY,"Supply of aviator breathing oxygen, liquid oxygen, liquid nitrogen and associated services.","Defense Logistics Agency Energy, Joint Base San Antonio, Texas",2026-08-26,2026-08-26,1,0,38188622,38188622,,true,2026-09-02 18:11:08
74bfb96b54cec69b,W91278-26-D-A035,Parsons Government Services Inc.,PSN,ARMY,Architect-engineer services available through competitive order placement.,"U.S. Army Corps of Engineers, Mobile, Alabama",2026-07-22,2026-07-22,1,0,249000000,249000000,,true,2026-09-02 18:11:08
156b8d1d0c3f3e60,W9128F-26-D-A035,"RJH Consultants Inc.,*",,ARMY,Geotechnical architect and engineering services.,"U.S. Army Corps of Engineers, Omaha, Nebraska",2026-07-24,2026-07-24,1,0,12500000,12500000,,true,2026-09-02 18:11:08
bd8364e91e8bd091,N6449826D1015,RWG (Repairs and Overhaul),,NAVY,Commercial depot-level overhaul of Navy 501K17 marine gas turbine engines.,"Naval Surface Warfare Center Philadelphia Division, Philadelphia, Pennsylvania",2026-08-05,2026-08-05,1,0,38156283,38156283,,true,2026-09-02 18:11:08
4247ea9a21473fd7,FA255326DB010,Redwire Space Missions LLC,,AIR FORCE,"Support to space and ground-based engineering activities to enhance test, evaluation, and training operations for the National Space Test and Training Complex Innovative Technology and Engineering - Space Test and Range Capability Development.","The Space Systems Command, Operational Test and Training Infrastructure, Colorado Springs, Colorado",2026-07-30,2026-07-30,1,0,981000000,981000000,,true,2026-09-02 18:11:08
82ad2f7f8be8a5ce,FA8903-26-D-0011,Roofing Resources Inc.,,AIR FORCE,"Roofing, repair, and replacement services including low-slope, steep-slope, and metal roofing system work.","772nd Enterprise Sourcing Squadron, Joint Base San Antonio–Lackland, Texas",2026-06-29,2026-06-29,1,0,450000000,450000000,,true,2026-09-02 18:11:08
86967c313b8bd07e,W50S8H-26-D-A027,"SPR Construction Corp.,*",,ARMY,"Maintenance, repair, and construction services at various locations.","U.S. Property and Fiscal Office, New York",2026-06-29,2026-06-29,1,0,45000000,45000000,,true,2026-09-02 18:11:08
67709efea5161d3b,FA872-26-9-B001,SciTec Innovations LLC,,AIR FORCE,Ground-based radar digitization and modernization efforts to create a common architecture and design for upgrade of ground-based radars.,"Space Systems Command, Colorado Springs, Colorado",2026-07-17,2026-07-17,1,0,93704410,93704410,,true,2026-09-02 18:11:08
c69594c6b162615e,W51DQV-26-D-A002,Sea Pac Engineering Inc.,,ARMY,"Design, repair and construction support for real property, facilities and their systems and components for construction in Central America.","U.S. Army Corps of Engineers, Mobile, Alabama",2026-07-13,2026-07-13,1,0,99000000,99000000,99000000,true,2026-09-02 18:11:08
2383466e477cbede,W9127N-26-C-A029,Sievert Electric Service and Sales Co.,,ARMY,Bonneville Spillway gantry crane rehabilitation.,"U.S. Army Corps of Engineers, Portland, Oregon",2026-08-03,2026-08-03,1,0,14620737,14620737,21627257,true,2026-09-02 18:11:08
7715a0b6ca169e16,N62470-25-D-0004,"Significance Inc.,*",,NAVY,Professional services in support of the Department of Navy's real property management system and financial management systems.,"Naval Facilities Engineering Systems Command Atlantic, Norfolk, Virginia",2026-06-25,2026-06-25,1,1,,38000000,78000000,false,2026-09-02 18:11:08
9f01ec5b61e210d0,W5168W-26-D-A026,"Southern Aire Contracting Inc.,*",,ARMY,"Construction work including administrative, recreational, billeting, workshops, maintenance and training facilities, and general construction trades.","Army Field Directorate Office, Fort Sam Houston, Texas",2026-07-15,2026-07-15,1,0,193000000,193000000,,true,2026-09-02 18:11:08
208381c906b6deac,FA8109-26-D-B026,TAT Technologies Ltd.,,AIR FORCE,Exchange or repair of commercial and non-commercial aircraft parts for the KC-46 aircraft weapon system.,"Air Force Sustainment Center, Materiel Support Contracting Division, Strategic Contracting Section, Tinker Air Force Base, Oklahoma",2026-06-29,2026-06-29,1,0,470978031,470978031,,true,2026-09-02 18:11:08
25726d68ec59b1e9,W5168W-26-D-A034,"Terra Site Constructors LLC,*",,ARMY,"Construction work including administrative, recreational, billeting, workshops, maintenance and training facilities, and general construction trades.","Army Field Directorate Office, Fort Sam Houston, Texas",2026-07-15,2026-07-15,1,0,193000000,193000000,,true,2026-09-02 18:11:08
2014bb51f3c1da15,W31P4Q-23-F-D001,Total Computer Solutions Inc.,,ARMY,Programmatic support services for the Utility Helicopter Project Office.,"Army Contracting Command, Redstone Arsenal, Alabama",2026-08-20,2026-08-20,1,1,,18924825,66151844,false,2026-09-02 18:11:08
3d80882bd736a4a5,HTC71124DW022/P0008,Trailer Bridge Inc.,,OTHER,"International ocean and intermodal, time definite, port-to-port, and door-to-door transportation services for containerized and breakbulk cargo under the Universal Services Contract-10 program.","The U.S. Transportation Command, Directorate of Acquisition, Scott Air Force Base, Illinois",2026-07-15,2026-07-15,1,0,800000000,800000000,2325000000,true,2026-09-02 18:11:08
d51ce85db53585ed,W519TC-26-F-0145,"Vectrus Systems LLC, a V2X Company",VEC,ARMY,Base operations support services.,"U.S. Army Contracting Command, Rock Island, Illinois",2026-06-25,2026-06-25,1,0,17025181,17025181,,true,2026-09-02 18:11:08
ca7ce2c44e39bcf5,FA8134-26-D-B004,Vertex Aerospace LLC,,AIR FORCE,"Contractor logistic support services for the Air Force C-12 aircraft fleet, including time-sensitive movement of personnel, cargo, medical evacuation, and test support.","Air Force Life Cycle Management Center, Tinker Air Force Base, Oklahoma",2026-06-26,2026-06-26,1,0,500000000,500000000,,true,2026-09-02 18:11:08
e2593036538db012,FA255326DB014,Viasat Inc.,VSAT,AIR FORCE,"Support to space and ground-based engineering activities to enhance test, evaluation, and training operations for the National Space Test and Training Complex Innovative Technology and Engineering - Space Test and Range Capability Development.","The Space Systems Command, Operational Test and Training Infrastructure, Colorado Springs, Colorado",2026-07-30,2026-07-30,1,0,981000000,981000000,,true,2026-09-02 18:11:08
038b2a179b06cbda,FA2385-26-C-B019,Zone 5 Technologies LLC,,AIR FORCE,Small Business Innovation Research Phase III contract for Rusty Dagger Franchise providing research and development on manufacturing technology.,"Air Force Research Laboratory, Wright-Patterson Air Force Base, Ohio",2026-06-23,2026-06-23,1,0,12362281,12362281,,true,2026-09-02 18:11:08
a65182084e99c0b5,W912QR-26-C-A027,"AACON-Ravenvolt JV LLC,*",NEE,ARMY,Construction of a power generation and microgrid.,"U.S. Army Corps of Engineers, Louisville, Kentucky",2026-08-20,2026-08-20,1,0,26948331,26948331,,true,2026-09-02 18:11:08
185c1f2553a57efa,N00024-26-C-6304,Advanced Acoustic Concepts LLC,,NAVY,Production of two remote mine hunting modules and accompanying engineering support.,"The Portfolio Acquisition Executive Maritime, Washington, D.C.",2026-08-03,2026-08-03,1,0,53943257,53943257,196206760,true,2026-09-02 18:11:08
7e41216d26087ce6,N6600126R0100,Deloitte Consulting LLP,,NAVY,"Operational exercise design and construction, operations and requirements analysis, concept formulation and development, feasibility demonstrations, and operational and technical support including systems engineering, requirements verification and validation, software and hardware design, systems integration, test and evaluation, and DevSecOps methodologies.","Naval Information Warfare Center Pacific, San Diego, California",2026-08-13,2026-08-13,1,0,278000000,278000000,400000000,true,2026-09-02 18:11:08
e4dc84817ab6d1f8,FA820426FB009,Johns Hopkins University Applied Physics Laboratory,,AIR FORCE,"Support of the Sentinel Program including design, building, integration, and testing of Enhanced Inert Head assets.","Air Force Nuclear Weapons Center, Hill Air Force Base, Utah",2026-08-20,2026-08-20,1,0,12161793,12161793,,true,2026-09-02 18:11:08
ce57d8c26ac0e9df,N00024-25-C-2405,Rolls-Royce Corp.,RR,NAVY,"Production of spares in support of the Ship to Shore Connector, Landing Craft, Air Cushion (LCAC 100) craft program, including base installation, fleet spares, and MT7 Turboshaft Engines.","Naval Sea Systems Command, Washington, D.C.",2026-08-14,2026-08-14,1,1,,48149237,,false,2026-09-02 18:11:08
ad7db7a0e173204d,SPRDL1-26-D-0053,Oshkosh Defense LLC,OSK,DEFENSE LOGISTICS AGENCY,Joint Light Tactical Vehicle pneumatic wheel assemblies.,"Defense Logistics Agency Weapons Support, Warren, Michigan",2026-08-14,2026-08-14,1,0,19490398,19490398,,true,2026-09-02 18:11:08
fc4ecd77f5b828c5,N00024-25-C-6260,General Dynamics Mission Systems,GD,NAVY,"Shipset production, engineering, and installation support for software and hardware systems development, production, and platform installations.","Naval Sea Systems Command, Washington, D.C.",2026-08-18,2026-08-18,1,1,,15631811,,false,2026-09-02 18:11:08
f0d624fcb213ce9c,N0001921G0006,The Boeing Co.,BA,NAVY,"Non-recurring engineering, final design, fabrication, and delivery of Advanced Electronic Warfare A-kits for Block III F/A-18E/F Super Hornet aircraft integration.","Naval Air Systems Command, Patuxent River, Maryland",2026-07-16,2026-07-16,1,1,,25058195,,false,2026-09-02 18:11:08
4244df0b213037f1,N00024-20-C-5603,General Dynamics Mission Systems,GD,NAVY,Sustainment of the Littoral Combat Ship Integrated Combat Management System and associated Combat System elements.,"The Naval Sea Systems Command, Washington, D.C.",2026-08-27,2026-08-27,1,1,,31769754,,false,2026-09-02 18:11:08
7a28255ea15671cd,W912PM-26-C-A017,ACC Construction Co. Inc.,,ARMY,Construction of a mission command center.,"U.S. Army Corps of Engineers, Wilmington, North Carolina",2026-07-28,2026-07-28,1,0,87580808,87580808,92975763,true,2026-09-02 18:11:08
4958aa83c115c2f5,W912HN-26-D-A012,AECOM Technical Services Inc.,ACM,ARMY,"Disaster response, emergency repair, and infrastructure stabilization or reconstruction missions across civil works, military, and international and interagency services programs.","U.S. Army Corps of Engineers, Savannah, Georgia",2026-06-30,2026-06-30,1,0,49000000,49000000,,true,2026-09-02 18:11:08
0a4c41113f6e1df0,W5168W-26-D-A030,"ASJ-NASCO JV2 LLC,*",,ARMY,"Construction work including administrative, recreational, billeting, workshops, maintenance and training facilities, and general construction trades.","Army Field Directorate Office, Fort Sam Houston, Texas",2026-07-15,2026-07-15,1,0,193000000,193000000,,true,2026-09-02 18:11:08
0d235b56eb5dfada,N6600126R0094,ActioNet Inc.,,NAVY,"Operational exercise design and construction, operations and requirements analysis, concept formulation and development, feasibility demonstrations, and operational and technical support including systems engineering, requirements verification and validation, software and hardware design, systems integration, test and evaluation, and DevSecOps methodologies.","Naval Information Warfare Center Pacific, San Diego, California",2026-08-13,2026-08-13,1,0,278000000,278000000,400000000,true,2026-09-02 18:11:08
36ff7596f0e1f9fe,SPE605-26-D-8522,All American Express Solutions LLC,,DEFENSE LOGISTICS AGENCY,Various types of fuel.,"Defense Logistics Agency Energy, Fort Belvoir, Virginia",2026-08-21,2026-08-21,1,0,17929854,17929854,,true,2026-09-02 18:11:08
258474277511df89,W50S8H-26-D-A011,"Aventus NV Inc.,*",,ARMY,"Maintenance, repair, and construction services at various locations.","U.S. Property and Fiscal Office, New York",2026-06-29,2026-06-29,1,0,45000000,45000000,,true,2026-09-02 18:11:08
244313eb803b975d,FA853226DB005,Aviation Ground Equipment,,AIR FORCE,Next generation aerospace and ground equipment to modernize and source aerospace and ground equipment.,"Air Force Material Command Air Force Life Cycle Management Center, Support Equipment and Vehicles, Robins Air Force Base, Warner Robins, Georgia",2026-08-17,2026-08-17,1,0,920000000,920000000,,true,2026-09-02 18:11:08
b153dc18a8a32582,N00024-25-C-2301,BAE Systems Ship Repair Inc.,BA,NAVY,Post shakedown availability for USS Patrick Gallagher (DDG 127).,"Naval Sea Systems Command, Washington, D.C.",2026-07-17,2026-07-17,1,1,,24361392,,false,2026-09-02 18:11:08
79d74ca69690c07d,N0042126C1012,BAE Systems Technology Solutions & Services Inc.,BA,NAVY,"Engineering, technical, logistics, integration, training, and testing support services for fully integrated and tested electronic radio communication systems for shipboard installation.","Naval Air Warfare Center Aircraft Division, St. Inigoes, Maryland",2026-08-20,2026-08-20,1,0,32089503,32089503,,true,2026-09-02 18:11:08
cef7b6531c3c8565,W9128F-26-D-A038,"Bering Weston JV LLC,*",,ARMY,"Design-build and design-bid-build construction services in support of the Petroleum, Oil, and Lubricants Mandatory Center of Expertise.","U.S. Army Corps of Engineers, Omaha, Nebraska",2026-08-06,2026-08-06,1,0,699000000,699000000,,true,2026-09-02 18:11:08
2ea6682af880a88a,W15QKN-26-D-A080,"Blue Skies Inc.,*",,ARMY,Ammunition industrial base engineering support services.,"Army Contracting Command, Newark, New Jersey",2026-07-09,2026-07-09,1,0,44622497,44622497,,true,2026-09-02 18:11:08
f03b8ce48556212c,N0001926G1002,The Boeing Co.,BA,NAVY,"Procurement of retrofit A-kits for P-8A aircraft with Increment Three Block Two capabilities, installations, and non-recurring engineering for diminishing manufacturing sources and material shortages.","Naval Air Systems Command, Patuxent River, Maryland",2026-06-22,2026-08-11,3,0,121195041,164858148,,true,2026-09-02 18:11:08
a2dae43974127c6a,N6449826D1014,"Canadian Commercial Corp., Standard Aero Engineering",SAR,NAVY,Commercial depot-level overhaul of Navy 501K17 marine gas turbine engines.,"Naval Surface Warfare Center Philadelphia Division, Philadelphia, Pennsylvania",2026-08-05,2026-08-05,1,0,38156283,38156283,,true,2026-09-02 18:11:08
b06e072ee7b13d38,W5168W-26-D-A018,"Carlisle Construction LLC,*",,ARMY,"Construction work including administrative, recreational, billeting, workshops, maintenance and training facilities, and general construction trades.","Army Field Directorate Office, Fort Sam Houston, Texas",2026-07-15,2026-07-15,1,0,193000000,193000000,,true,2026-09-02 18:11:08
625693ac19daf8c7,N00189-26-D-L017,"Chance Technologies LLC,*",,NAVY,High-resolution ocean floor mapping services using long-endurance unmanned surface vehicles for the Naval Oceanographic Office (NAVOCEANO).,"Naval Supply Systems Command Fleet Logistics Center Norfolk, Norfolk, Virginia",2026-07-30,2026-07-30,1,0,40000000,40000000,,true,2026-09-02 18:11:08
4d30e1873d7f5bbf,W50S8H-26-D-A014,"Con Tech Building Systems Inc.,*",,ARMY,"Maintenance, repair, and construction services at various locations.","U.S. Property and Fiscal Office, New York",2026-06-29,2026-06-29,1,0,45000000,45000000,,true,2026-09-02 18:11:08
db8bbd496a831e05,FA8903-26-D-0049,Consolidated Enterprises Inc.,,AIR FORCE,"Roofing, repair, and replacement services including low-slope, steep-slope, and metal roofing system work.","772nd Enterprise Sourcing Squadron, Joint Base San Antonio–Lackland, Texas",2026-06-29,2026-06-29,1,0,450000000,450000000,,true,2026-09-02 18:11:08
1d07ca4570047d52,SP0600-18-C-8326,Dominion Energy South Carolina Inc.,D,DEFENSE LOGISTICS AGENCY,Modification to incorporate tariff rate adjustments as authorized by the South Carolina Public Service Commission for a 50-year utility contract.,"Defense Logistics Agency Energy, Fort Belvoir, Virginia",2026-08-03,2026-08-03,1,1,,27448885,,false,2026-09-02 18:11:08
14d2ac21492bd0ab,N42158-23-D-S002,"East Coast Repair & Fabrication LLC,*",,NAVY,"Overhaul services to service craft (barges), small boats, and camel systems (fendering) under custodianship of Norfolk Naval Shipyard.","Norfolk Naval Shipyard, Portsmouth, Virginia",2026-06-26,2026-06-26,1,1,,14242839,43600000,false,2026-09-02 18:11:08
4b8ab74740c5c7fa,FA1809-26-D-B012,"Eaton Aerospace LLC, doing business as Eaton INOAC",ETN,AIR FORCE,Exchange or repair of commercial and non-commercial aircraft parts for the KC-46 aircraft weapon system.,"Air Force Sustainment Center, Materiel Support Contracting Division, Strategic Contracting Section, Tinker Air Force Base, Oklahoma",2026-06-29,2026-06-29,1,0,470978031,470978031,,true,2026-09-02 18:11:08
7ebbdd5724df5c89,W9124G-24-C-0001,"FSCX Inc.,*",,ARMY,"Full Spectrum Survival, Evasion, Resistance and Escape Level-C instruction and support services.","Army Field Directorate Office, Fort Eustis, Virginia",2026-08-25,2026-08-25,1,1,,12259163,37594288,false,2026-09-02 18:11:08
64c3735feea38f03,N3220526C1244,Federated Maritime LLC,,NAVY,"Time charter of one clean, Coast Guard approved double hull tanker with inert gas system capable of carrying a minimum of 240,000 barrels of clean petroleum products for worldwide performance.","Military Sealift Command, Norfolk, Virginia",2026-06-24,2026-06-24,1,0,21557995,21557995,,true,2026-09-02 18:11:08
0fc7141a44d8204a,W912CH-26-D-A109,Foster-Miller Inc.,LHX,ARMY,Post-production software sustainment and maintenance services of the Common Robotic System-Individual.,"Army Contracting Command, Detroit Arsenal, Michigan",2026-08-20,2026-08-27,2,0,36448495,72896990,,true,2026-09-02 18:11:08
f37382a16d583c2e,FA853226DB015,GS Engineering,,AIR FORCE,Next generation aerospace and ground equipment to modernize and source aerospace and ground equipment.,"Air Force Material Command Air Force Life Cycle Management Center, Support Equipment and Vehicles, Robins Air Force Base, Warner Robins, Georgia",2026-08-17,2026-08-17,1,0,920000000,920000000,,true,2026-09-02 18:11:08
8077f4f7283b0181,W56HZV-22-C-0012,General Dynamics Land Systems Inc.,GD,ARMY,Systems technical support and sustainment for the Abrams family of vehicles.,"Army Contracting Command, Detroit Arsenal, Michigan",2026-07-02,2026-07-02,1,1,,16070549,1201531043,false,2026-09-02 18:11:08
6c56243b0e351c72,FA9300-26-C-6005,Geneva Technologies Inc.,,AIR FORCE,"Space experimentation of novel thrusters, electronics, and techniques for on-orbit resiliency experiments focused on space-propulsion technology.","The Air Force Test Center, Edwards Air Force Base, California",2026-06-24,2026-06-24,1,0,665000,665000,,true,2026-09-02 18:11:08
7489471a0306780b,W912P8-26-C-A040,Great Lakes Dredge and Dock Co.,GLDD,ARMY,One fully crewed and equipped self-propelled trailing suction type hopper for regional dredging.,"U.S. Army Corps of Engineers, New Orleans, Louisiana",2026-08-20,2026-08-20,1,0,16097425,16097425,16460725,true,2026-09-02 18:11:08
32d8200932488ac7,W911NF-26-D-A009,"Guardians of Honor,*",,ARMY,"Establish and strengthen networks connecting the United States Department of War, United States Army Combat Capabilities Development Command Army Research Laboratory, and government partners with academia, industry, and other government agencies through science and technology education outreach initiatives.","U.S. Army Contracting Command, Aberdeen Proving Ground, Maryland",2026-06-26,2026-06-26,1,0,49000000,49000000,,true,2026-09-02 18:11:08
d0d61756ee68a14d,W9127N-26-C-A028,"HME Construction Inc.,*",,ARMY,Clamshell maintenance dredging and associated hydrographic and land survey work.,"U.S. Army Corps of Engineers, Portland, Oregon",2026-07-28,2026-07-28,1,0,11502000,11502000,12999900,true,2026-09-02 18:11:08
41a73622750b4106,FA2391-26-B-B027,Honeywell International Inc.,HON,AIR FORCE,Development of advanced computational tools and processes for designing a fan module in an embedded propulsion installation for the Aggressive Embedded Propulsion Operability program.,"Air Force Research Lab, Air Warfare Directorate, Wright-Patterson Air Force Base, Ohio",2026-08-19,2026-08-19,1,0,19814712,19814712,,true,2026-09-02 18:11:08
a5702972026c9827,N66604-26-D-P600,L3 Technologies Inc.,LHX,NAVY,Hardware and services for towed array programs using towed array integrated product team telemetry.,"Naval Undersea Warfare Center, Division Newport, Newport, Rhode Island",2026-07-10,2026-07-10,1,0,42677977,42677977,,true,2026-09-02 18:11:08
5cb3bd985103cf90,N6600126R0108,LATG Inc.,,NAVY,"Operational exercise design and construction, operations and requirements analysis, concept formulation and development, feasibility demonstrations, and operational and technical support including systems engineering, requirements verification and validation, software and hardware design, systems integration, test and evaluation, and DevSecOps methodologies.","Naval Information Warfare Center Pacific, San Diego, California",2026-08-13,2026-08-13,1,0,278000000,278000000,400000000,true,2026-09-02 18:11:08
c17330ecc709a536,W50S8H-26-D-A021,"Lawman Heating & Cooling Inc.,*",,ARMY,"Maintenance, repair, and construction services at various locations.","U.S. Property and Fiscal Office, New York",2026-06-29,2026-06-29,1,0,45000000,45000000,,true,2026-09-02 18:11:08
9823fd2bdd8a4812,HTC71124DW009/P0008,Liberty Global Logistics LLC,,OTHER,"International ocean and intermodal, time definite, port-to-port, and door-to-door transportation services for containerized and breakbulk cargo under the Universal Services Contract-10 program.","The U.S. Transportation Command, Directorate of Acquisition, Scott Air Force Base, Illinois",2026-07-15,2026-07-15,1,0,800000000,800000000,2325000000,true,2026-09-02 18:11:08
68bd26bc2a4d0730,N00189-26-D-L018,"Link Technologies Inc.,*",,NAVY,High-resolution ocean floor mapping services using long-endurance unmanned surface vehicles for the Naval Oceanographic Office (NAVOCEANO).,"Naval Supply Systems Command Fleet Logistics Center Norfolk, Norfolk, Virginia",2026-07-30,2026-07-30,1,0,40000000,40000000,,true,2026-09-02 18:11:08
2374e930aa3cc396,W5168W-26-D-A025,"MSAB LLC,*",,ARMY,"Construction work including administrative, recreational, billeting, workshops, maintenance and training facilities, and general construction trades.","Army Field Directorate Office, Fort Sam Houston, Texas",2026-07-15,2026-07-15,1,0,193000000,193000000,,true,2026-09-02 18:11:08
b5411e028fe397b0,W911NF-26-D-A010,"Millburn Harbor Inc.,*",,ARMY,"Establish and strengthen networks connecting the United States Department of War, United States Army Combat Capabilities Development Command Army Research Laboratory, and government partners with academia, industry, and other government agencies through science and technology education outreach initiatives.","U.S. Army Contracting Command, Aberdeen Proving Ground, Maryland",2026-06-26,2026-06-26,1,0,49000000,49000000,,true,2026-09-02 18:11:08
b34df4d09826aba1,FA853226DB021,Newton Corp.,,AIR FORCE,Next generation aerospace and ground equipment to modernize and source aerospace and ground equipment.,"Air Force Material Command Air Force Life Cycle Management Center, Support Equipment and Vehicles, Robins Air Force Base, Warner Robins, Georgia",2026-08-17,2026-08-17,1,0,920000000,920000000,,true,2026-09-02 18:11:08
c2260513a18f6953,FA8750-26-C-B021,Next Semiconductor Technologies Inc.,,AIR FORCE,Development of heterogeneous microelectronics components for Assured Non-Kinetics.,"Air Force Research Laboratory, Rome, New York",2026-07-16,2026-07-16,1,0,34142054,34142054,,true,2026-09-02 18:11:08
29deb6a290bc0f24,N40084-26-D-1506,Nippo Corp.,,NAVY,"Project design, construction, renovation, modernization, repair, and maintenance projects at U.S. government installations.","Naval Facilities Engineering Systems Command, Far East, Yokosuka, Japan",2026-07-30,2026-07-30,1,0,1000000000,1000000000,,true,2026-09-02 18:11:08
76d9587c7ec13a0b,HTC71124DW013/P0007,Northcliffe Ocean Shipping & Trading Co. Inc.,,OTHER,"International ocean and intermodal, time definite, port-to-port, and door-to-door transportation services for containerized and breakbulk cargo under the Universal Services Contract-10 program.","The U.S. Transportation Command, Directorate of Acquisition, Scott Air Force Base, Illinois",2026-07-15,2026-07-15,1,0,800000000,800000000,2325000000,true,2026-09-02 18:11:08
54e8f25da260487e,SPE2DE-26-D-0009,"OJH Services Inc.,**",,DEFENSE LOGISTICS AGENCY,Supply of medical and surgical supplies for the Defense Logistics Agency Electronic Catalog.,"Defense Logistics Agency Troop Support, Philadelphia, Pennsylvania",2026-08-05,2026-08-05,1,0,46000000,46000000,,true,2026-09-02 18:11:08
9f72a12481bd0106,N6893626D5014,"OSI Federal Technologies Inc.,*",,NAVY,"Procurement of commercial laptops and associated peripherals including Getac S510 laptops, solid-state drives, docking stations, and carrying cases to support the Joint Mission Planning System for the Navy and Marine Corps.","Naval Air Warfare Center Weapons Division, China Lake, California",2026-07-01,2026-07-01,1,0,14064650,14064650,,true,2026-09-02 18:11:08
7cc5ae596970d3f3,SPRDL1-26-D-0032,Oshkosh Defense LLC,OSK,DEFENSE LOGISTICS AGENCY,Requirements contract for pneumatic tire wheel assemblies.,"Defense Logistics Agency Weapons Support, Warren, Michigan",2026-06-25,2026-06-25,1,0,9266404,9266404,,true,2026-09-02 18:11:08
c00811b90ea0dfcd,FA8132-26-D-0001,PCX Inc.,,AIR FORCE,Plasma spray guns and miscellaneous plasma spray system components.,"Air Force Sustainment Center, Maintenance Contracting Branch, Tinker AFB, Oklahoma",2026-07-23,2026-07-23,1,0,14000000,14000000,,true,2026-09-02 18:11:08
3aca43c3e8fc05ea,N69450-26-C-0017,"Red Eagle 3 JV,*",,NAVY,"Construction of a P620 engine test cell facility at Naval Air Station Jacksonville, Florida.","Naval Facilities Engineering Systems Command Southeast, Jacksonville, Florida",2026-08-20,2026-08-20,1,0,117780470,117780470,130000428,true,2026-09-02 18:11:08
a598587afd40d891,N0001926C0110,Rolls-Royce Corp.,RR,NAVY,Production and delivery of 10 1107C Lot 28 production engines for the CMV-22 aircraft.,"Naval Air Systems Command, Patuxent River, Maryland",2026-07-13,2026-07-13,1,0,36500000,36500000,,true,2026-09-02 18:11:08
5ddb98c115c62834,W911QX-26-D-A009,"Sandtable Inc.,*",,ARMY,Integrated mission planning and wargaming support.,"Army Contracting Command, Aberdeen Proving Ground, Maryland",2026-08-21,2026-08-21,1,0,45291762,45291762,,true,2026-09-02 18:11:08
7e2d1bac204c72be,FA8121-26-D-B001,Segers Aero Corp.,,AIR FORCE,Repair and overhaul of non-commercial aircraft parts for T56 engines used on C-130 aircraft.,"Air Force Sustainment Center, Tinker Air Force Base, Oklahoma",2026-07-23,2026-07-23,1,0,343201556,343201556,,true,2026-09-02 18:11:08
6a597c097651935b,N0017326D2425,"Space Ground System Solutions, Inc",,NAVY,"US Naval Research Laboratory Blossom Point Tracking Facility satellite software and operations support, including information technology infrastructure support and cybersecurity.","U.S. Naval Research Laboratory, Washington, District of Columbia",2026-06-26,2026-06-26,1,0,245000000,245000000,,true,2026-09-02 18:11:08
ca2fc37db23e25a3,N44255-21-D-5006,Staite Engineering Inc.,,NAVY,"New construction, repair, alteration, renovation, demolition, dredging, and related construction services for marine waterfront facilities and supporting infrastructure within NAVFAC Northwest area of responsibility.","NAVFAC Northwest, Silverdale, Washington",2026-08-07,2026-08-07,1,1,,54000000,380000000,false,2026-09-02 18:11:08
9dbf271c20ff6b18,SPE300-26-D-3018,Sysco Seattle Inc.,SYY,DEFENSE LOGISTICS AGENCY,Full-line food and beverage items.,"Defense Logistics Agency Troop Support, Philadelphia, Pennsylvania",2026-06-30,2026-06-30,1,0,281019046,281019046,,true,2026-09-02 18:11:08
a610ad383d5d387d,W56KGY-26-F-A002,TCOM LP,,ARMY,"Production, fielding, sustainment and lifecycle support of the Persistent Surveillance Systems-Tethered (PSS-T) family of systems.","Army Contracting Command, Aberdeen Proving Ground, Maryland",2026-07-21,2026-07-21,1,0,446736050,446736050,,true,2026-09-02 18:11:08
9f2b17fbb897ca12,N00024-19-C-2216,"Thoma-Sea Marine Constructors LLC,*",,NAVY,"Engineering change related to shore power configuration and capability for NOAA Auxiliary general Oceanographic Research Variant Ships 1 and 2, and settlement of other ship changes.","Naval Sea Systems Command, Washington, D.C.",2026-07-02,2026-07-02,1,1,,26625622,,false,2026-09-02 18:11:08
0bbf64bd8fc8aec3,W31P4Q-21-F-0038,Torch Technologies Inc.,,ARMY,Hardware-in-the-Loop systems of systems to acquire engineering services technical directive efforts.,"Army Contracting Command, Redstone Arsenal, Alabama",2026-06-24,2026-07-22,2,2,,22717425,659292704,false,2026-09-02 18:11:08
3b111341a3d8548b,FA9453-20-C-0040,Toyon Research Corp.,,AIR FORCE,Algorithm development for resilient on-orbit image processing.,"Air Force Research Laboratory, Kirtland Air Force Base, New Mexico",2026-08-20,2026-08-20,1,1,,13055200,21708479,false,2026-09-02 18:11:08
907cedaf6e3e8826,W15QKN-26-D-A102,UTM Ltd.,,ARMY,Procurement of 5.56mm M1042 loose and M1071 linked marking ammunition cartridges for use in the Close Combat Mission Capability Kit.,"Army Contracting Command, Newark, New Jersey",2026-08-25,2026-08-25,1,0,257402691,257402691,,true,2026-09-02 18:11:08
7322186caa8a944a,FA8903-26-D-0023,Vincent Jones Roofing Inc.,,AIR FORCE,"Roofing, repair, and replacement services including low-slope, steep-slope, and metal roofing system work.","772nd Enterprise Sourcing Squadron, Joint Base San Antonio–Lackland, Texas",2026-06-29,2026-06-29,1,0,450000000,450000000,,true,2026-09-02 18:11:08
81f8bf52061260ee,HTC711-26-D-E137,Virginia International Terminals LLC,,OTHER,Stevedoring and related terminal services at the Ports of Virginia.,"U.S. Transportation Command Directorate of Acquisition, Scott Air Force Base, Illinois",2026-08-05,2026-08-05,1,0,19778309,19778309,24722886,true,2026-09-02 18:11:08
075bffb4984d97a5,FA8723-26-9-B002,WildStar LLC,,AIR FORCE,Ground-based radar digitization and modernization efforts to create a common architecture and design for upgrade of ground-based radars.,"Space Systems Command, Colorado Springs, Colorado",2026-07-17,2026-07-17,1,0,20226551,20226551,,true,2026-09-02 18:11:08
d6679e357dc8e80e,HQ0860-26-C-E058,"X-Bow Launch Systems,*",,MISSILE DEFENSE AGENCY,"Design, development, and demonstration of a high-performance solid rocket motor (SRM) as part of the Missile Defense Agency's Rapid Response Small Launcher Technology program.","The Missile Defense Agency, Redstone Arsenal, Alabama",2026-07-09,2026-07-09,1,0,,,10981581,true,2026-09-02 18:11:08
40ad7d95832d9d8f,FA853226DB003,ATAP,,AIR FORCE,Next generation aerospace and ground equipment to modernize and source aerospace and ground equipment.,"Air Force Material Command Air Force Life Cycle Management Center, Support Equipment and Vehicles, Robins Air Force Base, Warner Robins, Georgia",2026-08-17,2026-08-17,1,0,920000000,920000000,,true,2026-09-02 18:11:08
f8ca59f09954aee1,W912PM-26-C-A020,ACC Construction Co. Inc.,,ARMY,"Construction of a new hangar, shops, storage, and administration building with functional spaces and supporting building systems.","U.S. Army Corps of Engineers, Wilmington, North Carolina",2026-08-27,2026-08-27,1,0,73984082,73984082,81544927,true,2026-09-02 18:11:08
6ac432b8030c3fda,W912DQ-26-D-A016,AECOM Technical Services Inc.,ACM,ARMY,"Architect-engineer services including civil planning, design, and support during construction for civil works projects and other assigned missions within the U.S. Army Corps of Engineers, Northwestern Division's area of operations.","U.S. Army Corps of Engineers, Kansas City, Missouri",2026-08-07,2026-08-07,1,0,95000000,95000000,,true,2026-09-02 18:11:08
10dae301e5d91f4d,N39430-26-D-2012,Aptim Federal Services LLC,,NAVY,"Provide petroleum, oil and lubricants engineering and design services for systems and supporting facilities at various Navy and Marine Corps installations worldwide.","Naval Facilities Engineering and Expeditionary Warfare Center, Port Hueneme, California",2026-08-31,2026-08-31,1,0,145000000,145000000,,true,2026-09-02 18:11:08
089ad3d8ca6b8ff6,M67854-25-C-0023,Kongsberg Defence & Aerospace,,NAVY,"Procurement of additional Initial Issue Provisioning Turret Spares, associated engineering change proposals, and repair and sustainment processes for the Amphibious Combat Vehicle Medium Caliber Cannon PROTECTOR Remote Turret 20.","Portfolio Acquisition Executive Marine Corps, Quantico, Virginia",2026-08-24,2026-08-24,1,1,,44267020,335904707,false,2026-09-02 18:11:08
7f4e1facc7cf48e7,W58RGZ-26-C-0006,Lockheed Martin Corp.,LMT,ARMY,"AH-64 Apache Modernized Target Acquisition Designation Sight/Pilot Night Vision Sensor (MTADS/PNVS) performance-based logistics program, including obsolescence, replacement configurations, redesigns, and ground support equipment.","Army Contracting Command, Redstone Arsenal, Alabama",2026-06-24,2026-06-24,1,0,66759431,66759431,382051127,true,2026-09-02 18:11:08
2ed287db45280247,W15QKN-26-D-0013,Northrop Grumman Systems Corp.,NOC,ARMY,"Non-recurring engineering development, manufacturing, design and testing support interoperable with 20mm, 25mm, 30mm x 113mm, 30mm x 173mm, and 50mm weapon systems.","Army Contracting Command, Newark, New Jersey",2026-06-24,2026-06-24,1,0,83600000,83600000,,true,2026-09-02 18:11:08
f790d1d148f0da85,FA8819-26-F-B026,Omni Federal LLC,,AIR FORCE,"Development of a front office tool for System Delta 89 to automate processes, streamline workflows, and enhance overall operational efficiency.","The Space Combat Power Directorate, Space Systems Command, Los Angeles Air Force Base, California",2026-07-31,2026-07-31,1,0,9489465,9489465,,true,2026-09-02 18:11:08
19c0667eb1a6bfb2,FA8818-26-C-B003,Rocket Lab USA Inc.,RKLB,AIR FORCE,"Suborbital launch of 12 suborbital launch vehicles, with six optional launches.","The Space Systems Command, Kirtland Air Force Base, Albuquerque, New Mexico",2026-07-21,2026-07-21,1,0,266000000,266000000,,true,2026-09-02 18:11:08
4bb42eee3afa876f,N6274226D1803,Stantec GS Inc.,STN,NAVY,Cultural resource technical services including archaeology monitoring and data recovery.,"NAVFAC Pacific, Pearl Harbor, Hawaii",2026-08-20,2026-08-20,1,0,70000000,70000000,,true,2026-09-02 18:11:08
ef0d62aeb7546446,W91278-26-D-A041,WSP USA Inc.,,ARMY,Architect-engineer services available through competitive order placement.,"U.S. Army Corps of Engineers, Mobile, Alabama",2026-07-22,2026-07-22,1,0,249000000,249000000,,true,2026-09-02 18:11:08
27815394df9b62b4,N0001920D0013,"RTX Corp., Pratt and Whitney Military Engines",RTX,NAVY,"Undefinitized contract action modification adding scope to procure initial spares for the F135 propulsion system, including depot and common spares for the F-35 global spares pool and country unique spares in support of the Joint Strike Fighter program.","The Naval Air Systems Command, Patuxent River, Maryland",2026-07-30,2026-07-30,1,1,,1295745898,,false,2026-09-02 18:11:08
ee247e92f745c69f,W912WJ-26-C-A017,Great Lakes Dredge & Dock Co. LLC,GLDD,ARMY,Improvement dredging associated with the New Haven Harbor Federal Navigation Project.,"U.S. Army Corps of Engineers, Concord, Massachusetts",2026-08-24,2026-08-24,1,0,68869200,68869200,,true,2026-09-02 18:11:08
55ace34d7835b119,N000104-24-G-CL01,Raytheon Co.,RTX,NAVY,Repair of 29-part numbers with various quantities for the Close-In Weapon System.,"Naval Supply Systems Command, Weapon Systems Support, Philadelphia, Pennsylvania",2026-07-21,2026-07-21,1,0,49720000,49720000,,true,2026-09-02 18:11:08
3a0b331f2079e159,FA8540-26-D-B001,Northrop Grumman Systems Corp.,NOC,AIR FORCE,"Continued sustainment, production, and modifications for the LITENING Comprehensive Advanced Targeting Pod (Laser Infrared Targeting and Navigation).","The Precision Attack Contracting Branch, Robins Air Force Base, Georgia",2026-07-30,2026-07-30,1,0,1840000000,1840000000,,true,2026-09-02 18:11:08
4ae33cee1641d9cb,N0016426DLN08,Lockheed Martin Corp.,LMT,NAVY,"Contractor support services, interim sustainment support, and engineering support associated with the Target Sight System.","The Naval Surface Warfare Center Crane, Crane, Indiana",2026-08-27,2026-08-27,1,0,48965977,48965977,,true,2026-09-02 18:11:08
951eb02be6dea6ea,N00189-26-D-L015,"AOR International LLC,*",,NAVY,High-resolution ocean floor mapping services using long-endurance unmanned surface vehicles for the Naval Oceanographic Office (NAVOCEANO).,"Naval Supply Systems Command Fleet Logistics Center Norfolk, Norfolk, Virginia",2026-07-30,2026-07-30,1,0,40000000,40000000,,true,2026-09-02 18:11:08
66c6c2aae1e6d9b5,W9124J-26-C-A020,"ASJV LLC,*",,ARMY,Respite care services.,"Army Field Directorate Office, Fort Sam Houston, Texas",2026-08-20,2026-08-20,1,0,19815070,19815070,,true,2026-09-02 18:11:08
b9defac682085bfa,N3220526C1240,Alabama Shipyard,,NAVY,91-calendar day shipyard availability for the regular overhaul and dry docking of Military Sealift Command's fleet ordinance and dry cargo vessel USNS William Mclean (T-AKE 12).,"Military Sealift Command, Norfolk, Virginia",2026-07-01,2026-07-01,1,0,31379212,31379212,31596512,true,2026-09-02 18:11:08
511690a54dbd93dc,W15QKN-21-D-0014,Alloy Surface Co.,,ARMY,"Production, testing, inspection, packaging, and delivery of M211, MJU-49, MJU-50A/B, MJU-51A/B, MJU-52A/B, MJU-64/B, MJU-66/B, and XM-219 decoys.","Army Contracting Command, Newark, New Jersey",2026-06-24,2026-06-24,1,1,,300000000,328823677,false,2026-09-02 18:11:08
1ce7109d2dd5c512,SPE605-26-D-8516,American Credence Enterprises Inc.,,DEFENSE LOGISTICS AGENCY,Various types of fuel.,"Defense Logistics Agency Energy, Fort Belvoir, Virginia",2026-08-21,2026-08-21,1,0,33695294,33695294,,true,2026-09-02 18:11:08
507aa0c30092b86e,HTC71124DW003/P0007,American Roll-On Roll-Off Carrier LLC,,OTHER,"International ocean and intermodal, time definite, port-to-port, and door-to-door transportation services for containerized and breakbulk cargo under the Universal Services Contract-10 program.","The U.S. Transportation Command, Directorate of Acquisition, Scott Air Force Base, Illinois",2026-07-15,2026-07-15,1,0,800000000,800000000,2325000000,true,2026-09-02 18:11:08
46ff0302486daf52,W58RGZ-26-D-A001,"Avion Solutions Inc.,*",,ARMY,Engineering and program management services.,"Army Contracting Command, Redstone Arsenal, Alabama",2026-07-08,2026-07-08,1,0,87223150,87223150,,true,2026-09-02 18:11:08
f0cad290c64bc893,N0002426C4428,"BAE Systems, Maritime Solutions San Diego",BA,NAVY,"Maintenance, modernization and repair of USS Boxer (LHD 4) during a fiscal 2027 selected restricted availability.","Naval Sea Systems Command, Washington, D.C.",2026-08-11,2026-08-11,1,0,149752069,149752069,180005703,true,2026-09-02 18:11:08
5b6ca929a259d1e9,N6449826D1013,Bird-Johnson Propeller Co. LLC,,NAVY,Commercial depot-level overhaul of Navy controllable-pitch propeller hubs and oil distribution boxes.,"Naval Surface Warfare Center Philadelphia Division, Philadelphia, Pennsylvania",2026-07-31,2026-07-31,1,0,98701174,98701174,,true,2026-09-02 18:11:08
cb94dbcaf089a7e5,FA4419-26-D-0007,Bowhead Base Operations LLC,,AIR FORCE,"Base telecommunications support for wired telecommunications and networked voice, video and data services.","97th Contracting Flight, Altus AFB, Oklahoma",2026-06-29,2026-06-29,1,0,30000000,30000000,,true,2026-09-02 18:11:08
a029e704c9cd8f70,FA4890-24-F-0071,Credence Dynamo Solutions LLC,,AIR FORCE,"Intelligence, surveillance, and reconnaissance services support exercising Option Year Two.","Air Combat Command Acquisition Management & Integration Center, Langley AFB, Virginia",2026-06-23,2026-06-23,1,1,,11792724,28612601,false,2026-09-02 18:11:08
e5b0b0a95bea65d7,N44255-26-D-1502,DOD Marine Constructors JV,,NAVY,"New construction, renovation, alteration, demolition, and repair work for marine piers and facilities at various locations within the Naval Facilities Engineering Systems Command Northwest area of operations.","Naval Facilities Engineering Systems Command Northwest, Silverdale, Washington",2026-07-30,2026-07-30,1,0,700000000,700000000,,true,2026-09-02 18:11:08
7462d7e5937e2690,N6449826D1025,"Delphinus Engineering Inc.,*",,NAVY,"Hull, mechanical and electrical machinery and systems services in support of surface fleet, submarine, shore-based installations, and various maritime vessels and land-based sites.","Naval Surface Warfare Center Philadelphia Division, Philadelphia, Pennsylvania",2026-08-19,2026-08-19,1,0,112833317,112833317,112833317,true,2026-09-02 18:11:08
9687442b6bb2a196,N6134026D1009,Dignitas Technologies LLC,,NAVY,"Development, procurement, modernization, technical refresh, and sustainment of Navy Surface and Undersea training devices, training systems, and associated courseware and curriculum in support of evolving fleet training requirements and maintaining operational readiness for the Navy.","Naval Air Warfare Center Training Systems Division, Orlando, Florida",2026-06-30,2026-06-30,1,0,49500000,49500000,,true,2026-09-02 18:11:08
3c306b66d5f62704,W911QX-26-D-A005,ECS Federal LLC,,ARMY,"Management, maintenance, transition, and decommissioning of a Secured Unclassified Network legacy system and infrastructure.","Army Contracting Command, Aberdeen Proving Ground, Maryland",2026-08-20,2026-08-20,1,0,147800000,147800000,,true,2026-09-02 18:11:08
840c38edcba62d29,N6600126R0103,Epsilon C5I Inc.,,NAVY,"Operational exercise design and construction, operations and requirements analysis, concept formulation and development, feasibility demonstrations, and operational and technical support including systems engineering, requirements verification and validation, software and hardware design, systems integration, test and evaluation, and DevSecOps methodologies.","Naval Information Warfare Center Pacific, San Diego, California",2026-08-13,2026-08-13,1,0,278000000,278000000,400000000,true,2026-09-02 18:11:08
424f49202fe199e2,W912QR-26-C-A024,GEM Building Contractors & Developers Inc.,,ARMY,Design-bid-build construction of an area maintenance support activity and vehicle maintenance shop.,"U.S. Army Corps of Engineers, Louisville, Kentucky",2026-08-06,2026-08-06,1,0,26080966,26080966,26122719,true,2026-09-02 18:11:08
935b1a75e2f5a3ba,W56HZV-23-C-0059,General Dynamics Land Systems Customer Service and Support Co.,GD,ARMY,Operation and maintenance of a government facility and provision of repair and sustainment services for the M1A1/M1A2 Abrams and M2A2/M3A3 Bradley family of vehicles.,"Army Contracting Command, Detroit Arsenal, Michigan",2026-08-27,2026-08-27,1,1,,13029776,,false,2026-09-02 18:11:08
47c29f1a27c335d3,N00024-24-C-6230,General Dynamics Mission Systems,GD,NAVY,"Engineering and technical support including software development, hardware and software integration for Navy Submarines.","Naval Sea Systems Command, Washington, D.C.",2026-06-22,2026-06-22,1,1,,23759208,,false,2026-09-02 18:11:08
b7162c465f935b5c,W58RGZ-19-C-0003,General Electric Co.,GE,ARMY,Engineering and manufacturing development of the Improved Turbine Engine for Apache and Black Hawk helicopters.,"Army Contracting Command, Redstone Arsenal, Alabama",2026-06-25,2026-06-30,2,2,,87560000,963769255,false,2026-09-02 18:11:08
531635371edc2940,W9128F-26-D-A041,"Goshawk LLC,*",,ARMY,"Design-build and design-bid-build construction services in support of the Petroleum, Oil, and Lubricants Mandatory Center of Expertise.","U.S. Army Corps of Engineers, Omaha, Nebraska",2026-08-06,2026-08-06,1,0,699000000,699000000,,true,2026-09-02 18:11:08
dbd17b375228f73c,N00024-21-C-2106,Huntington Ingalls Inc.,HII,NAVY,USS John C. Stennis (CVN 74) Refueling Complex Overhaul supplemental work and special incentive for schedule performance.,"Naval Sea Systems Command, Washington, D.C.",2026-06-24,2026-06-24,1,1,,15000000,,false,2026-09-02 18:11:08
11d25eccdee36129,N0001426C1309,"Hyliion Inc.,*",HYLN,NAVY,"Design, develop, build, test and deliver 2-megawatt and 3-megawatt scale power generation units, plus core technology design and manufacturing efforts.","ONL, Arlington, Virginia",2026-07-21,2026-07-21,1,0,41699946,41699946,41699946,true,2026-09-02 18:11:08
e35a4deb843d8fa9,W911QX-26-D-A007,"Ideal Innovations Inc.,*",,ARMY,Research and development to address radio-frequency sensing through obscured media.,"Army Contracting Command, Aberdeen Proving Ground, Maryland",2026-06-25,2026-06-25,1,0,71987505,71987505,,true,2026-09-02 18:11:08
f99486bd0d036090,W50S8H-26-D-A017,"Industry Standard USA LLC,*",,ARMY,"Maintenance, repair, and construction services at various locations.","U.S. Property and Fiscal Office, New York",2026-06-29,2026-06-29,1,0,45000000,45000000,,true,2026-09-02 18:11:08
9141fa5d81851933,SPRDL1-26-D-0026,"Integrated Procurement Technologies,*",,DEFENSE LOGISTICS AGENCY,Supply of engine fuel tanks under a five-year indefinite-delivery/indefinite-quantity contract.,"Defense Logistics Agency Weapons Support, Warren, Michigan",2026-06-22,2026-06-22,1,0,860700000,860700000,,true,2026-09-02 18:11:08
f1ba9d9ffbb4ff80,W9126G-26-D-A043,Jones Lang LaSalle Americas Inc.,JLL,ARMY,"Professional real estate negotiation services for properties located within Texas, Arizona, California, Louisiana, and New Mexico.","U.S. Army Corps of Engineers, Fort Worth, Texas",2026-07-02,2026-07-02,1,0,99000000,99000000,99000000,true,2026-09-02 18:11:08
067c0d639a6cc9e0,FA8691-26-C-B010,Lockheed Martin Rotary & Mission Systems,LMT,AIR FORCE,"Maintenance, repair, and sustainment of an integrated suite of mission equipment and aircraft systems for Republic of Korea Peace Krypton Prime Mission Equipment.","Air Force Life Cycle Management Center, Wright-Patterson Air Force Base, Ohio",2026-07-16,2026-07-16,1,0,101750347,101750347,,true,2026-09-02 18:11:08
75ab164a4301bbbc,N0001919G0008,"Lockheed Martin Corp., Lockheed Martin Aeronautics Co.",LMT,NAVY,"Procurement of material modification kits to support the F-35 Joint Strike Fighter aircraft retrofit and modification efforts for the Air Force, Marines, Navy, and non-U.S. Department of Defense participants.","Naval Air Systems Command, Patuxent River, Maryland",2026-06-26,2026-06-26,1,1,,23324676,,false,2026-09-02 18:11:08
f17477cf54a609cc,N6449826D1017,MTU Maintenance Berlin-Brandenburg (MTU-BB),MTX.DE,NAVY,"Commercial depot-level overhaul of Navy, Coast Guard, Military Sealift Command, and Foreign Military LM2500 and LM2500+ marine gas turbine engines.","Naval Surface Warfare Center Philadelphia Division, Philadelphia, Pennsylvania",2026-07-13,2026-07-13,1,0,370226037,370226037,370226038,true,2026-09-02 18:11:08
a9293a84a4ee7d3c,W912P4-26-D-A005,"Morrish-Wallace Construction Inc.,*",,ARMY,Toledo Harbor/River dredging.,"U.S. Army Corps of Engineers, Buffalo, New York",2026-08-03,2026-08-03,1,0,20000000,20000000,,true,2026-09-02 18:11:08
c864eec8457fc507,N39430-26-C-2001,National Institute of Building Sciences,,NAVY,Industrialized construction criteria standards and design support.,"Naval Facilities Engineering and Expeditionary Warfare Center, Port Hueneme, California",2026-07-20,2026-07-20,1,0,19697634,19697634,,true,2026-09-02 18:11:08
947188b33ae62426,N0001926C1017,"Northrop Grumman Systems Corp., Aerospace Systems",NOC,NAVY,"Production, delivery, and associated support for three E-2D Advanced Hawkeye Block II aircraft for the Navy.","Naval Air Systems Command, Patuxent River, Maryland",2026-07-22,2026-07-22,1,0,1196000000,1196000000,,true,2026-09-02 18:11:08
e273b6254414f8bc,N0042121D0034,Omega Aerial Refueling Services Inc.,,NAVY,"Contractor-owned and operated air-to-air refueling services for pilot initial qualifications, recurring pilot refresher readiness training, and supporting fleet exercises.","Naval Air Warfare Center Aircraft Division, Patuxent River, Maryland",2026-07-23,2026-07-23,1,1,,938853731,,false,2026-09-02 18:11:08
bde80b4a98d84f9b,SP0600-26-C-8380,Omega Pipeline Co. LLC,,DEFENSE LOGISTICS AGENCY,"Operation and maintenance of the natural gas utility system at Fort Leonard Wood, Missouri.","Defense Logistics Agency Energy, Fort Belvoir, Virginia",2026-07-31,2026-07-31,1,0,90732281,90732281,,true,2026-09-02 18:11:08
2b1e1a40b2455850,W50S8H-26-D-A022,"Powis Contracting Inc.,*",,ARMY,"Maintenance, repair, and construction services at various locations.","U.S. Property and Fiscal Office, New York",2026-06-29,2026-06-29,1,0,45000000,45000000,,true,2026-09-02 18:11:08
1fdb782d9a6b286f,FA9453-25-C-X055,RTX BBN Technologies Inc.,RTX,AIR FORCE,Space Data Networking Experimentation prototype.,"The Air Force Research Laboratory Space Warfare Directorate, Kirtland Air Force Base, New Mexico",2026-07-09,2026-07-09,1,1,,11048561,11518443,false,2026-09-02 18:11:08
8b2c63005b084827,FA8556-26-C-B003,Raytheon Co.,RTX,AIR FORCE,Advanced Medium Range Air-to-Air Missiles system requirements review and preliminary design review activities.,"The Air Force Lifecycle Management Center, Robins Air Force Base",2026-06-24,2026-06-24,1,0,104103634,104103634,,true,2026-09-02 18:11:08
1a6f1b017181b53f,SPE1C1-26-D-0055,"Sawasawa LLC,*",,DEFENSE LOGISTICS AGENCY,Physical fitness gear for multiple service branches and customers.,"Defense Logistics Agency Troop Support, Philadelphia, Pennsylvania",2026-07-14,2026-07-14,1,0,763082470,763082470,,true,2026-09-02 18:11:08
134bae9fa115ddab,HTC71124DW028,SeaCube Leasing International Inc.,,OTHER,"Master Lease Contract – II program for leasing and transportation services of intermodal container equipment, including IT management for leasing operations and comprehensive container support functions.","U.S. Transportation Command, Directorate of Acquisition, Scott Air Force Base, Illinois",2026-08-25,2026-08-25,1,0,,,137392873,true,2026-09-02 18:11:08
b056dac766c4ff26,HTC71124DW017/P0006,Sealift Inc. of Delaware,,OTHER,"International ocean and intermodal, time definite, port-to-port, and door-to-door transportation services for containerized and breakbulk cargo under the Universal Services Contract-10 program.","The U.S. Transportation Command, Directorate of Acquisition, Scott Air Force Base, Illinois",2026-07-15,2026-07-15,1,0,800000000,800000000,2325000000,true,2026-09-02 18:11:08
3077643f1c1a333f,N6600126R0118,Sentar Inc.,,NAVY,"Operational exercise design and construction, operations and requirements analysis, concept formulation and development, feasibility demonstrations, and operational and technical support including systems engineering, requirements verification and validation, software and hardware design, systems integration, test and evaluation, and DevSecOps methodologies.","Naval Information Warfare Center Pacific, San Diego, California",2026-08-13,2026-08-13,1,0,278000000,278000000,400000000,true,2026-09-02 18:11:08
b6dc89faaa38acdd,W58RGZ-26-C-0008,Sikorsky Aircraft Corp.,LMT,ARMY,Advanced procurement funding for UH-60M Black Hawk Army aircraft.,"Army Contracting Command, Redstone Arsenal, Alabama",2026-07-28,2026-07-28,1,1,,56789419,121789419,false,2026-09-02 18:11:08
bf2bfac30f9ec67b,N4523A-26-D-1002,"Snow & Company Inc.,*",,NAVY,"Repair and modernization of open lighter barges, utility floats, and utility float deep draft.","Puget Sound Naval Shipyard and Intermediate Maintenance Facility, Bremerton, Washington",2026-07-02,2026-07-02,1,0,24494585,24494585,,true,2026-09-02 18:11:08
0d850076cadbc7fe,W50S8H-26-D-A028,"Structural Associates Inc.,*",,ARMY,"Maintenance, repair, and construction services at various locations.","U.S. Property and Fiscal Office, New York",2026-06-29,2026-06-29,1,0,45000000,45000000,,true,2026-09-02 18:11:08
53ba0f255eea59a8,N00383-21-G-ZG01,"Symetrics Industries, doing business as Extant Aerospace",,NAVY,"Delivery order for procurement of weapon reusable assembly type, 77 units, for F/A-18E/F/G aircraft support including Foreign Military Sales to Japan and France.","Naval Supply Systems Command Weapon Systems Support, Philadelphia, Pennsylvania",2026-08-12,2026-08-12,1,0,14150000,14150000,,true,2026-09-02 18:11:08
42ae77a5caa6255f,N6893626D5010,The HON Co. LLC,,NAVY,"Procurement of commercial office furniture, furnishings, and related incidental design and installation services in support of workspace and facility requirements.","Naval Air Warfare Center Weapons Division, China Lake, California",2026-08-05,2026-08-05,1,0,24997559,24997559,,true,2026-09-02 18:11:08
514b5a382c87ef32,N6600126R0121,VSolvit LLC,,NAVY,"Operational exercise design and construction, operations and requirements analysis, concept formulation and development, feasibility demonstrations, and operational and technical support including systems engineering, requirements verification and validation, software and hardware design, systems integration, test and evaluation, and DevSecOps methodologies.","Naval Information Warfare Center Pacific, San Diego, California",2026-08-13,2026-08-13,1,0,278000000,278000000,400000000,true,2026-09-02 18:11:08
a3fef88c504df361,FA8750-23-C-0518,Vanderbilt University,,AIR FORCE,Assured Neuro-Symbolic Software Prototype through engineer change proposal modification.,"The Air Force Research Laboratory, Rome, New York",2026-07-13,2026-07-13,1,1,,10557755,16230745,false,2026-09-02 18:11:08
f603146ca98af911,N62470-20-D-0004,Vectrus Systems LLC,,NAVY,Base operating support services at Naval Support Facility Deveselu.,"Naval Facilities Engineering Systems Command, Europe, Africa, Central, Naples, Italy",2026-07-23,2026-07-23,1,1,,10055309,70597060,false,2026-09-02 18:11:08
8616d4773c1dd58f,W912P9-26-D-A033,"Widman Inc.,*",,ARMY,"Property maintenance and repairs, including paving and sealing, chip and seal work, riprap and stone placement, and grading and earthwork for wetlands, floodplains and levees.","U.S. Army Corps of Engineers, St. Louis, Missouri",2026-08-24,2026-08-24,1,0,30000000,30000000,,true,2026-09-02 18:11:08
4aae308f6f8be1ab,W9128A-26-D-A018,"Zane-SSFM LLC,*",,ARMY,Architect-engineer and construction management services for the design of miscellaneous projects in Pacific Ocean Honolulu area of responsibility.,"U.S. Army Corps of Engineers, Honolulu, Hawaii",2026-06-26,2026-06-26,1,0,9900000,9900000,,true,2026-09-02 18:11:08
c393ff8f0f1b94da,N00024-24-C-6315,General Dynamics Mission Systems,GD,NAVY,"Exercise options for Mining Expendable Delivery Unmanned Submarine Asset prototype systems, software development, Ashore Support Equipment, and Engineering Services.","Naval Sea Systems Command, Washington, D.C.",2026-07-07,2026-07-07,1,1,,13970214,,false,2026-09-02 18:11:08
10a37714174730b1,N40085-26-C-0017,"Grunley Construction Co., Inc.",,NAVY,Construction services for MQ-25 Aircraft Laydown Facilities.,"Naval Facilities Engineering Systems Command, Mid-Atlantic, Norfolk, Virginia",2026-07-17,2026-07-17,1,0,117755087,117755087,,true,2026-09-02 18:11:08
2659a6250fdca537,HR001126FE052,Guidehouse Inc.,TECH,OTHER,Advisory and assistance services and systems engineering and technical assistance support for Multi X Office programs.,"Defense Advanced Research Projects Agency, Arlington, Virginia",2026-08-28,2026-08-28,1,0,11793452,11793452,,true,2026-09-02 18:11:08
33d1cda7cda98d68,N0001919C0010,"Lockheed Martin Corp., Lockheed Martin Aeronautics Co.",LMT,NAVY,"Definitization of four contract line items to provide United Kingdom and Italy unique weapons systems integration through system functional review to development test complete on the F-35A and F-35B aircraft, and common partner scope for a tactical data recorder for F-35A, F-35B, and F-35C.","Naval Air Systems Command, Patuxent River, Maryland",2026-06-26,2026-06-26,1,1,,74220041,,false,2026-09-02 18:11:08
0b0b1d2de927ec57,N0001922G0001,"RTX Corp., Pratt and Whitney Military Engines",RTX,NAVY,"Task order for non-recurring engineering services for the F135 engine program, supporting operational issue corrections, engine maturation, component life limits evaluation, operational readiness, and maintenance/lifecycle cost reduction.","Naval Air Systems Command, Patuxent River, Maryland",2026-07-27,2026-07-27,1,0,53755700,53755700,,true,2026-09-02 18:11:08
60e46177f9f3bf98,N0001924C0032,Raytheon Co.,RTX,NAVY,"Production and delivery of AIM-9X production Lot 26 requirements including missiles, training missiles, spare components, and guidance units for Navy, Army, Air Force, and Foreign Military Sales customers.","Naval Air Systems Command, Patuxent River, Maryland",2026-06-25,2026-06-25,1,1,,1108009001,,false,2026-09-02 18:11:08
0bae2803d1fb4733,N00104-25-G-CR01,Raytheon Co.,RTX,NAVY,Procurement of 40 parts with various quantities for the Navy Multiband Terminal System.,"Naval Supply Systems Command Weapon Systems Support, Mechanicsburg, Pennsylvania",2026-06-26,2026-06-26,1,0,17834792,17834792,,true,2026-09-02 18:11:08
1f93c2c8b4d28068,W912HY-26-D-A018,The Dutra Group,,ARMY,Hopper dredging projects within the U.S. Army Corps of Engineers Galveston District boundary.,"U.S. Army Corps of Engineers, Galveston, Texas",2026-07-31,2026-07-31,1,0,95000000,95000000,,true,2026-09-02 18:11:08
c1a805feafaeaa6e,N0042124D0003,Vertex Aerospace LLC,,NAVY,"Collective bargaining agreement labor cost adjustments supporting continued organizational, selected intermediate, limited depot-level maintenance, and logistics support services for the F-5 aircraft for the Navy.","Naval Air Warfare Center Aircraft Division, Patuxent River, Maryland",2026-08-05,2026-08-05,1,1,,31807588,,false,2026-09-02 18:11:08
95c79bb751516212,W58RGZ-26-D-0052,Lockheed Martin Corp.,LMT,ARMY,Post-production support services for Modernized Target Acquisition Designation Sight/Pilot Night Vision Sight systems supporting AH-64 helicopters.,"Army Contracting Command, Redstone Arsenal, Alabama",2026-07-08,2026-07-08,1,0,502381686,502381686,,true,2026-09-02 18:11:08
95385c30286257b9,FA865126DB003,Leidos Inc.,LDOS,AIR FORCE,"Advanced research for munition readiness, providing flexible vehicle to rapidly explore, mature, and demonstrate advanced missile and munitions technologies.","Air Force Research Laboratory, Eglin Air Force Base, Florida",2026-08-14,2026-08-14,1,0,20000000,20000000,,true,2026-09-02 18:11:08
9e6edb99a02661d3,N00024-20-C-6117,Lockheed Martin Rotary and Mission Systems,LMT,NAVY,"Hardware spares procurement in support of sonar systems, exercising options.","Naval Sea Systems Command, Washington, D.C.",2026-08-14,2026-08-14,1,1,,19689621,,false,2026-09-02 18:11:08
ea5a1c2f78f7dab1,FA8634-26-D-B001,The Boeing Co.,BA,AIR FORCE,"Aircraft production, systems integration, modernization, upgrades, retrofits, sustainment, and depot maintenance capabilities for the F-15 Eagle Weapon System.","Air Force Life Cycle Management Center, Wright-Patterson Air Force Base, Ohio",2026-08-24,2026-08-24,1,0,131230000000,131230000000,,true,2026-09-02 18:11:08
e15376408465c3ae,N0042126C0012,"Applied Physical Electronics LC,*",,NAVY,"Development, fabrication, installation, and acceptance testing of upgrades to the Naval Air Warfare Center Aircraft Division's Vertical Electromagnetic Pulse Simulator in support of improved reliability, ensuring compliance with current testing standards, enhancing testing capability, and expanding the simulator's capacity to accommodate larger and taller test assets for the Navy.","Naval Air Warfare Center Aircraft Division, Patuxent River, Maryland",2026-07-06,2026-07-06,1,1,,9620094,,false,2026-09-02 18:11:08
7105cbfa98b4c1bb,FA8109-26-D-B002,Aviation Repair Technologies LLC,,AIR FORCE,Exchange or repair of commercial and non-commercial aircraft parts for the KC-46 aircraft weapon system.,"Air Force Sustainment Center, Materiel Support Contracting Division, Strategic Contracting Section, Tinker Air Force Base, Oklahoma",2026-06-29,2026-06-29,1,0,470978031,470978031,,true,2026-09-02 18:11:08
12ab88d64caaabb3,N00024-25-C-5315,BAE Systems Land & Armaments LP,BA,NAVY,MK 41 Vertical Launching System MK 29 canister and ancillary equipment production for the Navy and the government of Japan under the Foreign Military Sales program.,"Naval Sea Systems Command, Washington, D.C.",2026-07-20,2026-07-20,1,1,,22897940,,false,2026-09-02 18:11:08
aabe190da6bcc4ce,N40085-26-D-0036,"Bamforth Engineers + Surveyors Inc.,*",,NAVY,Architect-engineer services for Navy and Marine Corps installations.,"Naval Facilities Engineering Command Mid-Atlantic, Norfolk, Virginia",2026-07-02,2026-07-02,1,0,5000,5000,,true,2026-09-02 18:11:08
a1a3b38269a4654a,FA8109-26-D-B007,Barfield Inc.,,AIR FORCE,Exchange or repair of commercial and non-commercial aircraft parts for the KC-46 aircraft weapon system.,"Air Force Sustainment Center, Materiel Support Contracting Division, Strategic Contracting Section, Tinker Air Force Base, Oklahoma",2026-06-29,2026-06-29,1,0,470978031,470978031,,true,2026-09-02 18:11:08
956453c9d918b89d,SPE1C1-26-D-0060,"Belleville Shoe Manufacturing Co.,*",,DEFENSE LOGISTICS AGENCY,Hot weather boots.,"Defense Logistics Agency Troop Support, Philadelphia, Pennsylvania",2026-06-26,2026-06-26,1,0,19810440,19810440,,true,2026-09-02 18:11:08
0330433235973cbb,FA8903-26-D-0009,C. Ortiz Corp.,,AIR FORCE,"Roofing, repair, and replacement services including low-slope, steep-slope, and metal roofing system work.","772nd Enterprise Sourcing Squadron, Joint Base San Antonio–Lackland, Texas",2026-06-29,2026-06-29,1,0,450000000,450000000,,true,2026-09-02 18:11:08
8e9be392c58b2424,N39430-26-D-4001,Childs Engineering Corp.*,,NAVY,Architect-engineering services for routine inspection of waterfront facilities.,"Naval Facilities Engineering and Expeditionary Warfare Center, Port Hueneme, California",2026-08-10,2026-08-10,1,0,,,,true,2026-09-02 18:11:08
f9b1da34502f3034,SPE8E6-26-D-0005,DIRICKX Systems Ltd.,,DEFENSE LOGISTICS AGENCY,Expeditionary barrier systems under a maximum shared contract.,"Defense Logistics Agency Troop Support, Philadelphia, Pennsylvania",2026-08-04,2026-08-04,1,0,200000000,200000000,,true,2026-09-02 18:11:08
233b474954018d09,W9128F-26-D-A030,"Dawson Solutions LLC,*",,ARMY,Environmental remediation services under a multi-award indefinite-delivery contract.,"U.S. Army Corps of Engineers, Omaha, Nebraska",2026-07-10,2026-07-10,1,0,249000000,249000000,,true,2026-09-02 18:11:08
b242477cd4fe7c77,W912BU-26-C-A021,"Derecktor Florida Inc.,*",,ARMY,Aluminum catamaran hydrographic survey vessel.,"U.S. Army Corps of Engineers, Philadelphia, Pennsylvania",2026-07-01,2026-07-01,1,0,9100000,9100000,,true,2026-09-02 18:11:08
aef62964d95d9a6a,N0017426D1008,"Design West Technologies,*",,NAVY,M98 gas-particulate filter sets under indefinite-delivery/indefinite-quantity multiple award contract for five-year ordering period.,"The Naval Surface Warfare Center, Indian Head Division, Indian Head, Maryland",2026-06-23,2026-06-23,1,0,53000000,53000000,,true,2026-09-02 18:11:08
c8fe7971bf36c2ed,W5168W-26-D-A023,"Don Jones Construction Co. Inc.,*",,ARMY,"Construction work including administrative, recreational, billeting, workshops, maintenance and training facilities, and general construction trades.","Army Field Directorate Office, Fort Sam Houston, Texas",2026-07-15,2026-07-15,1,0,193000000,193000000,,true,2026-09-02 18:11:08
dd734b9eee8e35ec,W900KK-25-F-0024,"Downrange Operations and Training LLC,*",,ARMY,"Training, technical support, and advice for THAAD missile air defense firing units.","U.S. Army Contracting Command, Orlando, Florida",2026-08-19,2026-08-19,1,1,,9455466,24358729,false,2026-09-02 18:11:08
f6a2d5ad539ef8b5,FA8109-26-D-B009,"Eaton Corp., doing business as Eaton Aerospace Jackson",ETN,AIR FORCE,Exchange or repair of commercial and non-commercial aircraft parts for the KC-46 aircraft weapon system.,"Air Force Sustainment Center, Materiel Support Contracting Division, Strategic Contracting Section, Tinker Air Force Base, Oklahoma",2026-06-29,2026-06-29,1,0,470978031,470978031,,true,2026-09-02 18:11:08
766b6f175f8dcd80,W9126G-26-D-A042,"Emerald Energy & Exploration Land Co.,*",,ARMY,"Professional real estate negotiation services for properties located within Texas, Arizona, California, Louisiana, and New Mexico.","U.S. Army Corps of Engineers, Fort Worth, Texas",2026-07-02,2026-07-02,1,0,99000000,99000000,99000000,true,2026-09-02 18:11:08
e93c24605387a6cb,W56HZV-22-D-0038,Fontaine Commercial Trailer Inc.,,ARMY,Increase maximum ordering quantity of M172A2 trailers and extend contract ordering period.,"Army Contracting Command, Detroit Arsenal, Michigan",2026-06-25,2026-06-25,1,1,,17627799,51452120,false,2026-09-02 18:11:08
6bdc97c326fb7a8b,N4523A-26-D-1005,"Global Coatings LLC,*",,NAVY,"Repair and modernization of open lighter barges, utility floats, and utility float deep draft.","Puget Sound Naval Shipyard and Intermediate Maintenance Facility, Bremerton, Washington",2026-07-02,2026-07-02,1,0,24494585,24494585,,true,2026-09-02 18:11:08
df0df0935fd38baa,SPE1C1-26-D-N018,"Goodwill Industries of South Florida Inc.,**",,DEFENSE LOGISTICS AGENCY,"Joint Service Lightweight Integrated Suit Technology coats and trousers for Air Force, Army, Marine Corps, and Navy.","Defense Logistics Agency Troop Support, Philadelphia, Pennsylvania",2026-07-15,2026-07-15,1,0,35589015,35589015,,true,2026-09-02 18:11:08
58f19afc9e5010e2,W9128F-26-D-A032,"Hydrogeologic Inc.,*",,ARMY,Environmental remediation services under a multi-award indefinite-delivery contract.,"U.S. Army Corps of Engineers, Omaha, Nebraska",2026-07-10,2026-07-10,1,0,249000000,249000000,,true,2026-09-02 18:11:08
9fc45cfd878785df,N62742-26-D-1212,InSynergy Engineering Inc.,,NAVY,Architect-engineer services for utility system studies in the Naval Facilities Engineering Systems Command Pacific area of responsibility.,"NAVFAC Pacific, Joint Base Pearl Harbor-Hickam, Hawaii",2026-08-03,2026-08-03,1,0,30000000,30000000,,true,2026-09-02 18:11:08
ea5e7ca291950d55,FA8903-26-D-0038,Interior Alaska Roofing Inc.,,AIR FORCE,"Roofing, repair, and replacement services including low-slope, steep-slope, and metal roofing system work.","772nd Enterprise Sourcing Squadron, Joint Base San Antonio–Lackland, Texas",2026-06-29,2026-06-29,1,0,450000000,450000000,,true,2026-09-02 18:11:08
5f45bce8d7202bee,W31P4Q-21-F-B001,"Iron Mountain Solutions,*",,ARMY,Technical support for the utility helicopters project office.,"Army Contracting Command, Redstone Arsenal, Alabama",2026-08-17,2026-08-17,1,1,,19036240,199758455,false,2026-09-02 18:11:08
85510e61b32acb99,W9126G-26-D-A044,"K. Johnson & Co. LLC,*",,ARMY,"Professional real estate negotiation services for properties located within Texas, Arizona, California, Louisiana, and New Mexico.","U.S. Army Corps of Engineers, Fort Worth, Texas",2026-07-02,2026-07-02,1,0,99000000,99000000,99000000,true,2026-09-02 18:11:08
184db43a1c06f084,SPE300-26-D-3022,Labatt Institutional Supply Co.,,DEFENSE LOGISTICS AGENCY,Full-line food and beverage items.,"Defense Logistics Agency Troop Support, Philadelphia, Pennsylvania",2026-07-30,2026-07-30,1,0,69928930,69928930,,true,2026-09-02 18:11:08
13442d1f2771b1df,SP8000-26-D-0016,"Largo Resources USA Inc.,*",,DEFENSE LOGISTICS AGENCY,Vanadium Pentoxide.,"Defense Logistics Agency Contracting Services Office, Columbus, Ohio",2026-06-30,2026-06-30,1,0,125000000,125000000,,true,2026-09-02 18:11:08
ef7f9696590f477d,FA8730-21-C-0022,Lockheed Martin Rotary and Mission Systems,LMT,AIR FORCE,"Three-Dimensional Expeditionary Long-Range Radar program, including interim contractor support and additional spares.","The Air Force Life Cycle Management Center, Hanscom Air Force Base, Massachusetts",2026-06-24,2026-06-24,1,1,,11826317,592949700,false,2026-09-02 18:11:08
d84773c4a97fbd97,FA853226DB020,MCT Industries,,AIR FORCE,Next generation aerospace and ground equipment to modernize and source aerospace and ground equipment.,"Air Force Material Command Air Force Life Cycle Management Center, Support Equipment and Vehicles, Robins Air Force Base, Warner Robins, Georgia",2026-08-17,2026-08-17,1,0,920000000,920000000,,true,2026-09-02 18:11:08
69b1cd83cd04827d,W5168W-26-D-A033,"McKenzie Construction & Site Development LLC,*",,ARMY,"Construction work including administrative, recreational, billeting, workshops, maintenance and training facilities, and general construction trades.","Army Field Directorate Office, Fort Sam Houston, Texas",2026-07-15,2026-07-15,1,0,193000000,193000000,,true,2026-09-02 18:11:08
d9551eada24bf397,W912HN-26-D-A015,Michael Baker International Inc.,,ARMY,"Disaster response, emergency repair, and infrastructure stabilization or reconstruction missions across civil works, military, and international and interagency services programs.","U.S. Army Corps of Engineers, Savannah, Georgia",2026-06-30,2026-06-30,1,0,49000000,49000000,,true,2026-09-02 18:11:08
17f942aea2410017,N44255-26-D-1504,Michels Construction Inc.,,NAVY,"New construction, renovation, alteration, demolition, and repair work for marine piers and facilities at various locations within the Naval Facilities Engineering Systems Command Northwest area of operations.","Naval Facilities Engineering Systems Command Northwest, Silverdale, Washington",2026-07-30,2026-07-30,1,0,700000000,700000000,,true,2026-09-02 18:11:08
f2c17e8bee597416,W912HY-26-D-A027,Mike Hooks LLC,,ARMY,Pipeline dredging projects within the U.S. Army Corps of Engineers Galveston District boundary.,"U.S. Army Corps of Engineers, Galveston, Texas",2026-08-03,2026-08-03,1,0,95000000,95000000,,true,2026-09-02 18:11:08
1690c8506f545978,SPE4A1-22-G-0008,Moog Military Aircraft LLC,MOG,DEFENSE LOGISTICS AGENCY,F-16 hydraulic drive units under a delivery order issued against a basic ordering agreement.,"Defense Logistics Agency Weapons Support, Tinker Air Force Base, Oklahoma",2026-06-22,2026-06-22,1,0,17284178,17284178,,true,2026-09-02 18:11:08
5551bda5aa8cd981,W912HY-26-D-A028,Muddy Water Dredging LP,,ARMY,Pipeline dredging projects within the U.S. Army Corps of Engineers Galveston District boundary.,"U.S. Army Corps of Engineers, Galveston, Texas",2026-08-03,2026-08-03,1,0,95000000,95000000,,true,2026-09-02 18:11:08
df4db21c8bb1eff4,W912HY-26-D-A029,Orion Marine Construction Inc.,,ARMY,Pipeline dredging projects within the U.S. Army Corps of Engineers Galveston District boundary.,"U.S. Army Corps of Engineers, Galveston, Texas",2026-08-03,2026-08-03,1,0,95000000,95000000,,true,2026-09-02 18:11:08
3aefa23f69184510,FA252326D0003,Ramboll Greenland Aktieselskab,,AIR FORCE,"Architectural and engineering services including Title I, Title II and other services in support of real property at Pituffik Space Base, Greenland.","Detachment 1, 21st Contracting Squadron, Copenhagen, Denmark",2026-08-07,2026-08-07,1,0,9000000,9000000,,true,2026-09-02 18:11:08
66486564a3a26f8a,W51DQV-26-D-A006,Relyant Global LLC,,ARMY,"Design, repair and construction support for real property, facilities and their systems and components for construction in Central America.","U.S. Army Corps of Engineers, Mobile, Alabama",2026-07-13,2026-07-13,1,0,99000000,99000000,99000000,true,2026-09-02 18:11:08
33da667661aa0692,N44255-20-D-0002,"Rogers, Lovelock & Fritz Inc.",,NAVY,Multi-discipline projects at various activities in the Naval Facilities Engineering Systems Command Northwest area of responsibility.,"Naval Facilities Engineering Systems Command Northwest, Silverdale, Washington",2026-08-06,2026-08-06,1,1,,27000000,127000000,false,2026-09-02 18:11:08
cc350635fb6856d4,FA8109-26-D-B021,S&K Aerospace LLC,,AIR FORCE,Exchange or repair of commercial and non-commercial aircraft parts for the KC-46 aircraft weapon system.,"Air Force Sustainment Center, Materiel Support Contracting Division, Strategic Contracting Section, Tinker Air Force Base, Oklahoma",2026-06-29,2026-06-29,1,0,470978031,470978031,,true,2026-09-02 18:11:08
7bbadec434ff0c30,FA8773-26-D-0001,STS Government Solutions LLC,,AIR FORCE,"Operation support services providing mission support for cyber defense, network security, and information protection for the 33rd Cyber Operations Squadron.","The Air Combat Command Acquisition Management and Integration Center, Tinker Air Force Base, Oklahoma",2026-06-23,2026-06-23,1,0,53470084,53470084,,true,2026-09-02 18:11:08
9f8aac6f4517fe6a,N40084-26-D-1507,Sanken-Witco JV,,NAVY,"Project design, construction, renovation, modernization, repair, and maintenance projects at U.S. government installations.","Naval Facilities Engineering Systems Command, Far East, Yokosuka, Japan",2026-07-30,2026-07-30,1,0,1000000000,1000000000,,true,2026-09-02 18:11:08
b2104c4f6b23c259,W50S8H-26-D-A026,"Seybren Construction LLC,*",,ARMY,"Maintenance, repair, and construction services at various locations.","U.S. Property and Fiscal Office, New York",2026-06-29,2026-06-29,1,0,45000000,45000000,,true,2026-09-02 18:11:08
69f39467398874c3,FA7014-26-C-0022,Sigmatech Inc.,,AIR FORCE,Systems engineering and technical assistance in support of the Office of the Assistant Secretary for Space Acquisition and Integration.,"Air Force District of Washington, Joint Base Andrews, Maryland",2026-07-17,2026-07-17,1,0,108862926,108862926,,true,2026-09-02 18:11:08
7a1e964ada952864,HTC71124DW019/P0007,Superior Maritime Services Inc.,,OTHER,"International ocean and intermodal, time definite, port-to-port, and door-to-door transportation services for containerized and breakbulk cargo under the Universal Services Contract-10 program.","The U.S. Transportation Command, Directorate of Acquisition, Scott Air Force Base, Illinois",2026-07-15,2026-07-15,1,0,800000000,800000000,2325000000,true,2026-09-02 18:11:08
5415974ee7874b17,SPE8E3-23-D-0005,"SupplyCore Inc.,*",,DEFENSE LOGISTICS AGENCY,"Commercial maintenance, repair and operations products.","Defense Logistics Agency Troop Support, Philadelphia, Pennsylvania",2026-07-16,2026-07-16,1,1,,112500000,,false,2026-09-02 18:11:08
66ab847cb0afdc2d,W9128F-26-D-A023,"TUI America JV LLC,*",,ARMY,Environmental remediation services under a multi-award indefinite-delivery contract.,"U.S. Army Corps of Engineers, Omaha, Nebraska",2026-07-10,2026-07-10,1,0,249000000,249000000,,true,2026-09-02 18:11:08
a1a768a4983aec63,N39430-26-D-2008,"Tepa & Pond Constructors JV,*",,NAVY,"Construction, maintenance, repair, and engineering services for pipelines, fuel storage tanks, and associated petroleum oil lubricant facilities and equipment.","Naval Facilities Engineering and Expeditionary Warfare Center, Port Hueneme, California",2026-08-21,2026-08-21,1,0,997000000,997000000,,true,2026-09-02 18:11:08
51ec0a31b8729152,W91238-26-D-A002,"Tierra Data Inc.,*",,ARMY,Mitigation and vegetation clearing efforts within the Sacramento District Civil Works Area of Responsibility.,"U.S. Army Corps of Engineers, Sacramento, California",2026-06-25,2026-06-25,1,0,99000000,99000000,,true,2026-09-02 18:11:08
b8a6713c4089d5c4,SPRTA1-25-C-0198,Transaero Inc.,,DEFENSE LOGISTICS AGENCY,Manufacture of TF33 fuel housing inserts.,"Defense Logistics Agency Weapons Support, Tinker Air Force Base, Oklahoma",2026-08-17,2026-08-17,1,0,11516347,11516347,,true,2026-09-02 18:11:08
e9b7165964fb593d,SP8000-25-D-0007,"United States Antimony Corp.,*",,DEFENSE LOGISTICS AGENCY,Antimony metal ingots.,"Defense Logistics Agency Contracting Services Office, Columbus, Ohio",2026-06-26,2026-06-26,1,0,29978736,29978736,,true,2026-09-02 18:11:08
a42b82079c3c6536,HT003826DE013,"Vista Global Solutions LLC,*",,OTHER,"All services and materials necessary to support the on-demand deployment of products within the Program Executive Office, Defense Healthcare Management Systems portfolio and related supporting components.","The Defense Health Agency Contracting Office, Arlington, Virginia",2026-07-30,2026-07-30,1,0,300000000,300000000,,true,2026-09-02 18:11:08
e261de6441aa823b,W912HN-26-D-A010,WSP USA Inc.,,ARMY,"Disaster response, emergency repair, and infrastructure stabilization or reconstruction missions across civil works, military, and international and interagency services programs.","U.S. Army Corps of Engineers, Savannah, Georgia",2026-06-30,2026-06-30,1,0,49000000,49000000,,true,2026-09-02 18:11:08
41506ed49901e484,N66001-24-A-0048,World Wide Technology,,OTHER,"Riverbed hardware, software, maintenance, and professional services in support of U.S. Special Operations Command.","USSOCOM, MacDill Air Force Base, Florida",2026-07-23,2026-07-23,1,0,65443610,65443610,,true,2026-09-02 18:11:08
b5d337dcd60c267a,FA853226DB010,CVI,,AIR FORCE,Next generation aerospace and ground equipment to modernize and source aerospace and ground equipment.,"Air Force Material Command Air Force Life Cycle Management Center, Support Equipment and Vehicles, Robins Air Force Base, Warner Robins, Georgia",2026-08-17,2026-08-17,1,0,920000000,920000000,,true,2026-09-02 18:11:08
6e32a6f0ffb483ba,SPE8E6-26-D-0007,Maccaferri Inc.,,DEFENSE LOGISTICS AGENCY,Expeditionary barrier systems under a maximum shared contract.,"Defense Logistics Agency Troop Support, Philadelphia, Pennsylvania",2026-08-04,2026-08-04,1,0,200000000,200000000,,true,2026-09-02 18:11:08
7d847f60bdd57026,N44255-21-D-5003,Contrack Watts Inc.,,NAVY,"New construction, repair, alteration, renovation, demolition, dredging, and related construction services for marine waterfront facilities and supporting infrastructure within NAVFAC Northwest area of responsibility.","NAVFAC Northwest, Silverdale, Washington",2026-08-07,2026-08-07,1,1,,54000000,380000000,false,2026-09-02 18:11:08
265a7b7efd4ac6ce,HTC71124DW026P00008,Schuyler Line Navigation Co. LLC,,OTHER,"Continued ocean liner service between Jacksonville/Blount Island, Florida and U.S. Naval Station Guantanamo Bay, Cuba.","U.S. Transportation Command, Scott Air Force Base, Illinois",2026-06-25,2026-06-25,1,1,,15550760,46606669,false,2026-09-02 18:11:08
0fe1f98940c2197d,FA877326D0004,World Wide Technology LLC,,AIR FORCE,"Cyberspace Wing cybersecurity service provider assurance, risk, governance, and innovation systems security with professional cybersecurity and engineering services.","The Air Combat Command, Acquisition Management and Integration Center, Tinker Air Force Base, Oklahoma",2026-08-27,2026-08-27,1,0,99000000,99000000,,true,2026-09-02 18:11:08
31ca4dd2deac6631,FA8628-26-D-B001,Raytheon,RTX,AIR FORCE,"B-52 radar production and sustainment, equipping aircraft with the new AN/APQ-188 radar.","Air Force Life Cycle Management Center, Wright-Patterson Air Force Base, Ohio",2026-08-25,2026-08-25,1,0,603000000,603000000,,true,2026-09-02 18:11:08
3db99bb75dbaa4ed,W912HY-26-D-A020,Manson Construction Co.,,ARMY,Hopper dredging projects within the U.S. Army Corps of Engineers Galveston District boundary.,"U.S. Army Corps of Engineers, Galveston, Texas",2026-07-31,2026-07-31,1,0,95000000,95000000,,true,2026-09-02 18:11:08
387992fd89b4665c,FA4890-22-C-0018,Raytheon Co.,RTX,AIR FORCE,Mission Video Distribution System services support under Option Year Four.,"Headquarters Air Combat Command Acquisition Management and Integration Center, Langley Air Force Base, Virginia",2026-07-10,2026-07-10,1,1,,10921796,53441223,false,2026-09-02 18:11:08
0394d3d00718d4c2,W31P4Q-26-F-0154,Parsons Government Services Inc.,PSN,ARMY,"Technical, logistics, and program management support.","Army Contracting Command, Redstone Arsenal, Alabama",2026-08-17,2026-08-17,1,0,664805774,664805774,,true,2026-09-02 18:11:08
b0dbb1645c82e914,W31P4Q-26-C-0019,Lockheed Martin Corp.,LMT,ARMY,Procurement of the ATACMS guided missile and launching assembly.,"Army Contracting Command, Redstone Arsenal, Alabama",2026-07-15,2026-07-15,1,0,439387261,439387261,896708696,true,2026-09-02 18:11:08
07789c3cf30795ad,N00024-22-C-5520,Northrop Grumman Systems Corp.,NOC,NAVY,Design agent engineering support of Surface Electronic Warfare Improvement Program Block Three systems under an option exercise.,"Naval Sea Systems Command, Washington, D.C.",2026-07-10,2026-07-10,1,1,,39400521,,false,2026-09-02 18:11:08
dcae58ada4a4aa5d,N00024-25-D-6211,Lockheed Martin Corp.,LMT,NAVY,Technical insertion-26 production material for submarine electronic warfare systems on new construction and in-service submarines.,"Naval Sea Systems Command, Washington, D.C.",2026-07-23,2026-08-26,2,1,44640840,59213776,,true,2026-09-02 18:11:08
8d924993926f2b32,N0001923C0001,Northrop Grumman Systems Corp.,NOC,NAVY,"Fabrication, assembly, testing, and delivery of AN/APR-39 D(V)2 Radar Warning Receiver/Electronic Warfare Management Systems hardware and associated technical, engineering, management, and logistics support.","Naval Air Systems Command, Patuxent River, Maryland",2026-07-14,2026-07-14,1,1,,42007410,,false,2026-09-02 18:11:08
19b75808e9db67d0,N0003026C0100,Lockheed Martin Corp.,LMT,NAVY,"Long lead material and labor, planning, and scheduling necessary to support the fiscal 2027 TRIDENT II (D5) Missile production schedule.","Strategic Systems Programs, Washington, D.C.",2026-07-24,2026-07-24,1,0,15862050,15862050,,true,2026-09-02 18:11:08
74a6ffe48be5a22f,FA3002-25-D-0003,Lockheed Martin Corp.,LMT,AIR FORCE,C-130J aircrew and maintenance simulator training.,"338th Specialized Contracting Squadron, Joint Base San Antonio-Randolph, Texas",2026-08-11,2026-08-11,1,1,,22676621,54222868,false,2026-09-02 18:11:08
