award_uid,score,tier,rationale,drivers,scored_at,scorer_model,llm_cache_key,skills_version
39a5c6e4f8676b6b,34,routine,Routine: $49.9M small-business set-aside; a set-aside awardee is by statute not a large listed company. Filtered deterministically; no model call.,"[""prefilter:small_business_setaside"", ""unlisted_contractor"", ""below_size_floor""]",2026-09-02 20:49:14,deterministic,,sk-5d396ec5
ad82997b3b9241e7,34,routine,Routine: $49.9M small-business set-aside; a set-aside awardee is by statute not a large listed company. Filtered deterministically; no model call.,"[""prefilter:small_business_setaside"", ""unlisted_contractor"", ""below_size_floor""]",2026-09-02 20:49:14,deterministic,,sk-5d396ec5
021e347a49eaa0cb,34,routine,Routine: $49.3M small-business set-aside; a set-aside awardee is by statute not a large listed company. Filtered deterministically; no model call.,"[""prefilter:small_business_setaside"", ""unlisted_contractor"", ""below_size_floor""]",2026-09-02 20:49:14,deterministic,,sk-5d396ec5
cef47e3ab92164f1,33,routine,Routine: $49.1M small-business set-aside; a set-aside awardee is by statute not a large listed company. Filtered deterministically; no model call.,"[""prefilter:small_business_setaside"", ""unlisted_contractor"", ""below_size_floor""]",2026-09-02 20:49:14,deterministic,,sk-5d396ec5
0dbe536db0a80706,33,routine,Routine: $49.0M small-business set-aside; a set-aside awardee is by statute not a large listed company. Filtered deterministically; no model call.,"[""prefilter:small_business_setaside"", ""unlisted_contractor"", ""below_size_floor""]",2026-09-02 20:49:14,deterministic,,sk-5d396ec5
2ea7cc3d439c50ed,33,routine,Routine: $49.0M small-business set-aside; a set-aside awardee is by statute not a large listed company. Filtered deterministically; no model call.,"[""prefilter:small_business_setaside"", ""unlisted_contractor"", ""below_size_floor""]",2026-09-02 20:49:14,deterministic,,sk-5d396ec5
3416ad85497fbc28,33,routine,Routine: $49.0M small-business set-aside; a set-aside awardee is by statute not a large listed company. Filtered deterministically; no model call.,"[""prefilter:small_business_setaside"", ""unlisted_contractor"", ""below_size_floor""]",2026-09-02 20:49:14,deterministic,,sk-5d396ec5
4224dd960834ffcf,33,routine,Routine: $49.0M small-business set-aside; a set-aside awardee is by statute not a large listed company. Filtered deterministically; no model call.,"[""prefilter:small_business_setaside"", ""unlisted_contractor"", ""below_size_floor""]",2026-09-02 20:49:14,deterministic,,sk-5d396ec5
4729ea47e24ec157,33,routine,Routine: $49.0M small-business set-aside; a set-aside awardee is by statute not a large listed company. Filtered deterministically; no model call.,"[""prefilter:small_business_setaside"", ""unlisted_contractor"", ""below_size_floor""]",2026-09-02 20:49:14,deterministic,,sk-5d396ec5
4b5b03c1aed8e170,33,routine,Routine: $49.0M small-business set-aside; a set-aside awardee is by statute not a large listed company. Filtered deterministically; no model call.,"[""prefilter:small_business_setaside"", ""unlisted_contractor"", ""below_size_floor""]",2026-09-02 20:49:14,deterministic,,sk-5d396ec5
88aede0d18652aaa,33,routine,Routine: $49.0M small-business set-aside; a set-aside awardee is by statute not a large listed company. Filtered deterministically; no model call.,"[""prefilter:small_business_setaside"", ""unlisted_contractor"", ""below_size_floor""]",2026-09-02 20:49:14,deterministic,,sk-5d396ec5
c9434eea708a356d,33,routine,Routine: $49.0M small-business set-aside; a set-aside awardee is by statute not a large listed company. Filtered deterministically; no model call.,"[""prefilter:small_business_setaside"", ""unlisted_contractor"", ""below_size_floor""]",2026-09-02 20:49:14,deterministic,,sk-5d396ec5
d4be5e3eb7336077,33,routine,Routine: $49.0M small-business set-aside; a set-aside awardee is by statute not a large listed company. Filtered deterministically; no model call.,"[""prefilter:small_business_setaside"", ""unlisted_contractor"", ""below_size_floor""]",2026-09-02 20:49:14,deterministic,,sk-5d396ec5
e445bf3a33fde31d,33,routine,Routine: $49.0M small-business set-aside; a set-aside awardee is by statute not a large listed company. Filtered deterministically; no model call.,"[""prefilter:small_business_setaside"", ""unlisted_contractor"", ""below_size_floor""]",2026-09-02 20:49:14,deterministic,,sk-5d396ec5
09a7b018835c9884,33,routine,Routine: $48.0M small-business set-aside; a set-aside awardee is by statute not a large listed company. Filtered deterministically; no model call.,"[""prefilter:small_business_setaside"", ""unlisted_contractor"", ""below_size_floor""]",2026-09-02 20:49:14,deterministic,,sk-5d396ec5
e1a33ffe401f073f,31,routine,Routine: $46.1M small-business set-aside; a set-aside awardee is by statute not a large listed company. Filtered deterministically; no model call.,"[""prefilter:small_business_setaside"", ""unlisted_contractor"", ""below_size_floor""]",2026-09-02 20:49:14,deterministic,,sk-5d396ec5
79a2d589574dfe15,31,routine,Routine: $46.0M small-business set-aside; a set-aside awardee is by statute not a large listed company. Filtered deterministically; no model call.,"[""prefilter:small_business_setaside"", ""unlisted_contractor"", ""below_size_floor""]",2026-09-02 20:49:14,deterministic,,sk-5d396ec5
4cf53e5ec143ea97,31,routine,Routine: $45.3M small-business set-aside; a set-aside awardee is by statute not a large listed company. Filtered deterministically; no model call.,"[""prefilter:small_business_setaside"", ""unlisted_contractor"", ""below_size_floor""]",2026-09-02 20:49:14,deterministic,,sk-5d396ec5
2c318da8d6b51d21,31,routine,Routine: $45.0M small-business set-aside; a set-aside awardee is by statute not a large listed company. Filtered deterministically; no model call.,"[""prefilter:small_business_setaside"", ""unlisted_contractor"", ""below_size_floor""]",2026-09-02 20:49:14,deterministic,,sk-5d396ec5
277523c3acf5033d,31,routine,Routine: $45.0M small-business set-aside; a set-aside awardee is by statute not a large listed company. Filtered deterministically; no model call.,"[""prefilter:small_business_setaside"", ""unlisted_contractor"", ""below_size_floor""]",2026-09-02 20:49:14,deterministic,,sk-5d396ec5
38e1f5ff69ba2a54,31,routine,Routine: $45.0M small-business set-aside; a set-aside awardee is by statute not a large listed company. Filtered deterministically; no model call.,"[""prefilter:small_business_setaside"", ""unlisted_contractor"", ""below_size_floor""]",2026-09-02 20:49:14,deterministic,,sk-5d396ec5
3f64473634a6744f,31,routine,Routine: $45.0M small-business set-aside; a set-aside awardee is by statute not a large listed company. Filtered deterministically; no model call.,"[""prefilter:small_business_setaside"", ""unlisted_contractor"", ""below_size_floor""]",2026-09-02 20:49:14,deterministic,,sk-5d396ec5
46c947a30d04c762,31,routine,Routine: $45.0M small-business set-aside; a set-aside awardee is by statute not a large listed company. Filtered deterministically; no model call.,"[""prefilter:small_business_setaside"", ""unlisted_contractor"", ""below_size_floor""]",2026-09-02 20:49:14,deterministic,,sk-5d396ec5
49aaa473231e64b7,31,routine,Routine: $45.0M small-business set-aside; a set-aside awardee is by statute not a large listed company. Filtered deterministically; no model call.,"[""prefilter:small_business_setaside"", ""unlisted_contractor"", ""below_size_floor""]",2026-09-02 20:49:14,deterministic,,sk-5d396ec5
4ddad366d04beb0a,31,routine,Routine: $45.0M small-business set-aside; a set-aside awardee is by statute not a large listed company. Filtered deterministically; no model call.,"[""prefilter:small_business_setaside"", ""unlisted_contractor"", ""below_size_floor""]",2026-09-02 20:49:14,deterministic,,sk-5d396ec5
685dbdba29f4e735,31,routine,Routine: $45.0M small-business set-aside; a set-aside awardee is by statute not a large listed company. Filtered deterministically; no model call.,"[""prefilter:small_business_setaside"", ""unlisted_contractor"", ""below_size_floor""]",2026-09-02 20:49:14,deterministic,,sk-5d396ec5
687b00011c060ebc,31,routine,Routine: $45.0M small-business set-aside; a set-aside awardee is by statute not a large listed company. Filtered deterministically; no model call.,"[""prefilter:small_business_setaside"", ""unlisted_contractor"", ""below_size_floor""]",2026-09-02 20:49:14,deterministic,,sk-5d396ec5
6e2661842cf0a1ba,31,routine,Routine: $45.0M small-business set-aside; a set-aside awardee is by statute not a large listed company. Filtered deterministically; no model call.,"[""prefilter:small_business_setaside"", ""unlisted_contractor"", ""below_size_floor""]",2026-09-02 20:49:14,deterministic,,sk-5d396ec5
6e850858fc02785b,31,routine,Routine: $45.0M small-business set-aside; a set-aside awardee is by statute not a large listed company. Filtered deterministically; no model call.,"[""prefilter:small_business_setaside"", ""unlisted_contractor"", ""below_size_floor""]",2026-09-02 20:49:14,deterministic,,sk-5d396ec5
76f57e635b485f66,31,routine,Routine: $45.0M small-business set-aside; a set-aside awardee is by statute not a large listed company. Filtered deterministically; no model call.,"[""prefilter:small_business_setaside"", ""unlisted_contractor"", ""below_size_floor""]",2026-09-02 20:49:14,deterministic,,sk-5d396ec5
82740e088e8cd168,31,routine,Routine: $45.0M small-business set-aside; a set-aside awardee is by statute not a large listed company. Filtered deterministically; no model call.,"[""prefilter:small_business_setaside"", ""unlisted_contractor"", ""below_size_floor""]",2026-09-02 20:49:14,deterministic,,sk-5d396ec5
8ac5ca967b25f674,31,routine,Routine: $45.0M small-business set-aside; a set-aside awardee is by statute not a large listed company. Filtered deterministically; no model call.,"[""prefilter:small_business_setaside"", ""unlisted_contractor"", ""below_size_floor""]",2026-09-02 20:49:14,deterministic,,sk-5d396ec5
95729624d446943c,31,routine,Routine: $45.0M small-business set-aside; a set-aside awardee is by statute not a large listed company. Filtered deterministically; no model call.,"[""prefilter:small_business_setaside"", ""unlisted_contractor"", ""below_size_floor""]",2026-09-02 20:49:14,deterministic,,sk-5d396ec5
a686c08737ea2da7,31,routine,Routine: $45.0M small-business set-aside; a set-aside awardee is by statute not a large listed company. Filtered deterministically; no model call.,"[""prefilter:small_business_setaside"", ""unlisted_contractor"", ""below_size_floor""]",2026-09-02 20:49:14,deterministic,,sk-5d396ec5
aec5b23ca17a51c9,31,routine,Routine: $45.0M small-business set-aside; a set-aside awardee is by statute not a large listed company. Filtered deterministically; no model call.,"[""prefilter:small_business_setaside"", ""unlisted_contractor"", ""below_size_floor""]",2026-09-02 20:49:14,deterministic,,sk-5d396ec5
bc1225b1e7715045,31,routine,Routine: $45.0M small-business set-aside; a set-aside awardee is by statute not a large listed company. Filtered deterministically; no model call.,"[""prefilter:small_business_setaside"", ""unlisted_contractor"", ""below_size_floor""]",2026-09-02 20:49:14,deterministic,,sk-5d396ec5
bee88a236d0d2759,31,routine,Routine: $45.0M small-business set-aside; a set-aside awardee is by statute not a large listed company. Filtered deterministically; no model call.,"[""prefilter:small_business_setaside"", ""unlisted_contractor"", ""below_size_floor""]",2026-09-02 20:49:14,deterministic,,sk-5d396ec5
c1224dc75db4d4bb,31,routine,Routine: $45.0M small-business set-aside; a set-aside awardee is by statute not a large listed company. Filtered deterministically; no model call.,"[""prefilter:small_business_setaside"", ""unlisted_contractor"", ""below_size_floor""]",2026-09-02 20:49:14,deterministic,,sk-5d396ec5
c3bbba9374559183,31,routine,Routine: $45.0M small-business set-aside; a set-aside awardee is by statute not a large listed company. Filtered deterministically; no model call.,"[""prefilter:small_business_setaside"", ""unlisted_contractor"", ""below_size_floor""]",2026-09-02 20:49:14,deterministic,,sk-5d396ec5
e1aba5889f912953,31,routine,Routine: $45.0M small-business set-aside; a set-aside awardee is by statute not a large listed company. Filtered deterministically; no model call.,"[""prefilter:small_business_setaside"", ""unlisted_contractor"", ""below_size_floor""]",2026-09-02 20:49:14,deterministic,,sk-5d396ec5
e2bbdf56a1eaeda3,31,routine,Routine: $45.0M small-business set-aside; a set-aside awardee is by statute not a large listed company. Filtered deterministically; no model call.,"[""prefilter:small_business_setaside"", ""unlisted_contractor"", ""below_size_floor""]",2026-09-02 20:49:14,deterministic,,sk-5d396ec5
ee20dcb8c591dd73,31,routine,Routine: $45.0M small-business set-aside; a set-aside awardee is by statute not a large listed company. Filtered deterministically; no model call.,"[""prefilter:small_business_setaside"", ""unlisted_contractor"", ""below_size_floor""]",2026-09-02 20:49:14,deterministic,,sk-5d396ec5
f806963535874100,31,routine,Routine: $45.0M small-business set-aside; a set-aside awardee is by statute not a large listed company. Filtered deterministically; no model call.,"[""prefilter:small_business_setaside"", ""unlisted_contractor"", ""below_size_floor""]",2026-09-02 20:49:14,deterministic,,sk-5d396ec5
fc2837faa58c23a2,31,routine,Routine: $45.0M small-business set-aside; a set-aside awardee is by statute not a large listed company. Filtered deterministically; no model call.,"[""prefilter:small_business_setaside"", ""unlisted_contractor"", ""below_size_floor""]",2026-09-02 20:49:14,deterministic,,sk-5d396ec5
0d60e99afb10defe,30,routine,Routine: $44.6M small-business set-aside; a set-aside awardee is by statute not a large listed company. Filtered deterministically; no model call.,"[""prefilter:small_business_setaside"", ""unlisted_contractor"", ""below_size_floor""]",2026-09-02 20:49:14,deterministic,,sk-5d396ec5
5b4f93d1bc203827,30,routine,Routine: $44.6M small-business set-aside; a set-aside awardee is by statute not a large listed company. Filtered deterministically; no model call.,"[""prefilter:small_business_setaside"", ""unlisted_contractor"", ""below_size_floor""]",2026-09-02 20:49:14,deterministic,,sk-5d396ec5
71acca615f438fab,30,routine,Routine: $44.6M small-business set-aside; a set-aside awardee is by statute not a large listed company. Filtered deterministically; no model call.,"[""prefilter:small_business_setaside"", ""unlisted_contractor"", ""below_size_floor""]",2026-09-02 20:49:14,deterministic,,sk-5d396ec5
dabcd756df1865f7,30,routine,Routine: $44.6M small-business set-aside; a set-aside awardee is by statute not a large listed company. Filtered deterministically; no model call.,"[""prefilter:small_business_setaside"", ""unlisted_contractor"", ""below_size_floor""]",2026-09-02 20:49:14,deterministic,,sk-5d396ec5
32250c72dfe08f06,29,routine,Routine: $42.5M small-business set-aside; a set-aside awardee is by statute not a large listed company. Filtered deterministically; no model call.,"[""prefilter:small_business_setaside"", ""unlisted_contractor"", ""below_size_floor""]",2026-09-02 20:49:14,deterministic,,sk-5d396ec5
56581cb7ed5412f7,29,routine,Routine: $42.1M small-business set-aside; a set-aside awardee is by statute not a large listed company. Filtered deterministically; no model call.,"[""prefilter:small_business_setaside"", ""unlisted_contractor"", ""below_size_floor""]",2026-09-02 20:49:14,deterministic,,sk-5d396ec5
7217521916ca952d,29,routine,Routine: $42.0M small-business set-aside; a set-aside awardee is by statute not a large listed company. Filtered deterministically; no model call.,"[""prefilter:small_business_setaside"", ""unlisted_contractor"", ""below_size_floor""]",2026-09-02 20:49:14,deterministic,,sk-5d396ec5
dc6a9d090facf269,28,routine,Routine: $41.4M small-business set-aside; a set-aside awardee is by statute not a large listed company. Filtered deterministically; no model call.,"[""prefilter:small_business_setaside"", ""unlisted_contractor"", ""below_size_floor""]",2026-09-02 20:49:14,deterministic,,sk-5d396ec5
f4ca63d0c6c05032,28,routine,Routine: $41.0M small-business set-aside; a set-aside awardee is by statute not a large listed company. Filtered deterministically; no model call.,"[""prefilter:small_business_setaside"", ""unlisted_contractor"", ""below_size_floor""]",2026-09-02 20:49:14,deterministic,,sk-5d396ec5
769df4bca8bcf32d,27,routine,Routine: $40.0M small-business set-aside; a set-aside awardee is by statute not a large listed company. Filtered deterministically; no model call.,"[""prefilter:small_business_setaside"", ""unlisted_contractor"", ""below_size_floor""]",2026-09-02 20:49:14,deterministic,,sk-5d396ec5
9d6e949f06793420,27,routine,Routine: $40.0M small-business set-aside; a set-aside awardee is by statute not a large listed company. Filtered deterministically; no model call.,"[""prefilter:small_business_setaside"", ""unlisted_contractor"", ""below_size_floor""]",2026-09-02 20:49:14,deterministic,,sk-5d396ec5
bf77447b155aa94f,27,routine,Routine: $40.0M small-business set-aside; a set-aside awardee is by statute not a large listed company. Filtered deterministically; no model call.,"[""prefilter:small_business_setaside"", ""unlisted_contractor"", ""below_size_floor""]",2026-09-02 20:49:14,deterministic,,sk-5d396ec5
c696d6a81999dc42,27,routine,Routine: $40.0M small-business set-aside; a set-aside awardee is by statute not a large listed company. Filtered deterministically; no model call.,"[""prefilter:small_business_setaside"", ""unlisted_contractor"", ""below_size_floor""]",2026-09-02 20:49:14,deterministic,,sk-5d396ec5
c7abfde40746d11f,27,routine,Routine: $40.0M small-business set-aside; a set-aside awardee is by statute not a large listed company. Filtered deterministically; no model call.,"[""prefilter:small_business_setaside"", ""unlisted_contractor"", ""below_size_floor""]",2026-09-02 20:49:14,deterministic,,sk-5d396ec5
3719a8c4f9fa34ee,26,routine,Routine: $38.0M small-business set-aside; a set-aside awardee is by statute not a large listed company. Filtered deterministically; no model call.,"[""prefilter:small_business_setaside"", ""unlisted_contractor"", ""below_size_floor""]",2026-09-02 20:49:14,deterministic,,sk-5d396ec5
22488ee5bdfcaa59,25,routine,Routine: $37.4M small-business set-aside; a set-aside awardee is by statute not a large listed company. Filtered deterministically; no model call.,"[""prefilter:small_business_setaside"", ""unlisted_contractor"", ""below_size_floor""]",2026-09-02 20:49:14,deterministic,,sk-5d396ec5
00738fcb5f75fdf5,24,routine,Routine: $35.6M small-business set-aside; a set-aside awardee is by statute not a large listed company. Filtered deterministically; no model call.,"[""prefilter:small_business_setaside"", ""unlisted_contractor"", ""below_size_floor""]",2026-09-02 20:49:14,deterministic,,sk-5d396ec5
7277f1d9ccf35b1d,24,routine,Routine: $35.4M small-business set-aside; a set-aside awardee is by statute not a large listed company. Filtered deterministically; no model call.,"[""prefilter:small_business_setaside"", ""unlisted_contractor"", ""below_size_floor""]",2026-09-02 20:49:14,deterministic,,sk-5d396ec5
0b6d762d042b1def,24,routine,Routine: $35.0M small-business set-aside; a set-aside awardee is by statute not a large listed company. Filtered deterministically; no model call.,"[""prefilter:small_business_setaside"", ""unlisted_contractor"", ""below_size_floor""]",2026-09-02 20:49:14,deterministic,,sk-5d396ec5
e96ee0bb6da713a8,24,routine,Routine: $35.0M small-business set-aside; a set-aside awardee is by statute not a large listed company. Filtered deterministically; no model call.,"[""prefilter:small_business_setaside"", ""unlisted_contractor"", ""below_size_floor""]",2026-09-02 20:49:14,deterministic,,sk-5d396ec5
2415127250253276,23,routine,Routine: $33.8M small-business set-aside; a set-aside awardee is by statute not a large listed company. Filtered deterministically; no model call.,"[""prefilter:small_business_setaside"", ""unlisted_contractor"", ""below_size_floor""]",2026-09-02 20:49:14,deterministic,,sk-5d396ec5
4c18ea83174f4d41,23,routine,Routine: $33.8M small-business set-aside; a set-aside awardee is by statute not a large listed company. Filtered deterministically; no model call.,"[""prefilter:small_business_setaside"", ""unlisted_contractor"", ""below_size_floor""]",2026-09-02 20:49:14,deterministic,,sk-5d396ec5
1861895fe2391435,22,routine,Routine: $33.0M small-business set-aside; a set-aside awardee is by statute not a large listed company. Filtered deterministically; no model call.,"[""prefilter:small_business_setaside"", ""unlisted_contractor"", ""below_size_floor""]",2026-09-02 20:49:14,deterministic,,sk-5d396ec5
907d39d2edf21fa1,22,routine,Routine: $32.4M small-business set-aside; a set-aside awardee is by statute not a large listed company. Filtered deterministically; no model call.,"[""prefilter:small_business_setaside"", ""unlisted_contractor"", ""below_size_floor""]",2026-09-02 20:49:14,deterministic,,sk-5d396ec5
4b9d192291073dcb,22,routine,Routine: $31.7M small-business set-aside; a set-aside awardee is by statute not a large listed company. Filtered deterministically; no model call.,"[""prefilter:small_business_setaside"", ""unlisted_contractor"", ""below_size_floor""]",2026-09-02 20:49:14,deterministic,,sk-5d396ec5
e3c0c064244bbb3e,21,routine,Routine: $31.6M small-business set-aside; a set-aside awardee is by statute not a large listed company. Filtered deterministically; no model call.,"[""prefilter:small_business_setaside"", ""unlisted_contractor"", ""below_size_floor""]",2026-09-02 20:49:14,deterministic,,sk-5d396ec5
14c9f0299d84ee17,21,routine,Routine: $31.2M small-business set-aside; a set-aside awardee is by statute not a large listed company. Filtered deterministically; no model call.,"[""prefilter:small_business_setaside"", ""unlisted_contractor"", ""below_size_floor""]",2026-09-02 20:49:14,deterministic,,sk-5d396ec5
964a56e8dd35f78b,21,routine,Routine: $30.8M small-business set-aside; a set-aside awardee is by statute not a large listed company. Filtered deterministically; no model call.,"[""prefilter:small_business_setaside"", ""unlisted_contractor"", ""below_size_floor""]",2026-09-02 20:49:14,deterministic,,sk-5d396ec5
b5109ff34249c849,21,routine,Routine: $30.3M small-business set-aside; a set-aside awardee is by statute not a large listed company. Filtered deterministically; no model call.,"[""prefilter:small_business_setaside"", ""unlisted_contractor"", ""below_size_floor""]",2026-09-02 20:49:14,deterministic,,sk-5d396ec5
7787b164d7f8ffaa,20,routine,Routine: $30.0M small-business set-aside; a set-aside awardee is by statute not a large listed company. Filtered deterministically; no model call.,"[""prefilter:small_business_setaside"", ""unlisted_contractor"", ""below_size_floor""]",2026-09-02 20:49:14,deterministic,,sk-5d396ec5
c4f392d351c5eb4a,20,routine,Routine: $30.0M small-business set-aside; a set-aside awardee is by statute not a large listed company. Filtered deterministically; no model call.,"[""prefilter:small_business_setaside"", ""unlisted_contractor"", ""below_size_floor""]",2026-09-02 20:49:14,deterministic,,sk-5d396ec5
46a1e65cfb1cf05e,19,routine,Routine: $28.0M small-business set-aside; a set-aside awardee is by statute not a large listed company. Filtered deterministically; no model call.,"[""prefilter:small_business_setaside"", ""unlisted_contractor"", ""below_size_floor""]",2026-09-02 20:49:14,deterministic,,sk-5d396ec5
349a17230812ac22,19,routine,Routine: $27.8M small-business set-aside; a set-aside awardee is by statute not a large listed company. Filtered deterministically; no model call.,"[""prefilter:small_business_setaside"", ""unlisted_contractor"", ""below_size_floor""]",2026-09-02 20:49:14,deterministic,,sk-5d396ec5
1cc197b5322f1752,19,routine,Routine: $27.8M small-business set-aside; a set-aside awardee is by statute not a large listed company. Filtered deterministically; no model call.,"[""prefilter:small_business_setaside"", ""unlisted_contractor"", ""below_size_floor""]",2026-09-02 20:49:14,deterministic,,sk-5d396ec5
0d2897f12152107b,19,routine,Routine: $27.7M small-business set-aside; a set-aside awardee is by statute not a large listed company. Filtered deterministically; no model call.,"[""prefilter:small_business_setaside"", ""unlisted_contractor"", ""below_size_floor""]",2026-09-02 20:49:14,deterministic,,sk-5d396ec5
832548d3dfc7a65e,19,routine,Routine: $27.7M small-business set-aside; a set-aside awardee is by statute not a large listed company. Filtered deterministically; no model call.,"[""prefilter:small_business_setaside"", ""unlisted_contractor"", ""below_size_floor""]",2026-09-02 20:49:14,deterministic,,sk-5d396ec5
03589de465073e46,18,routine,Routine: $26.9M small-business set-aside; a set-aside awardee is by statute not a large listed company. Filtered deterministically; no model call.,"[""prefilter:small_business_setaside"", ""unlisted_contractor"", ""below_size_floor""]",2026-09-02 20:49:14,deterministic,,sk-5d396ec5
e8b5789e7ca7cbb1,18,routine,Routine: $26.6M small-business set-aside; a set-aside awardee is by statute not a large listed company. Filtered deterministically; no model call.,"[""prefilter:small_business_setaside"", ""unlisted_contractor"", ""below_size_floor""]",2026-09-02 20:49:14,deterministic,,sk-5d396ec5
4ff9d12736463e43,18,routine,Routine: $26.6M small-business set-aside; a set-aside awardee is by statute not a large listed company. Filtered deterministically; no model call.,"[""prefilter:small_business_setaside"", ""unlisted_contractor"", ""below_size_floor""]",2026-09-02 20:49:14,deterministic,,sk-5d396ec5
f8ddc1b3aa92e43f,18,routine,Routine: $26.6M small-business set-aside; a set-aside awardee is by statute not a large listed company. Filtered deterministically; no model call.,"[""prefilter:small_business_setaside"", ""unlisted_contractor"", ""below_size_floor""]",2026-09-02 20:49:14,deterministic,,sk-5d396ec5
264f150f333ff56f,17,routine,Routine: $25.0M small-business set-aside; a set-aside awardee is by statute not a large listed company. Filtered deterministically; no model call.,"[""prefilter:small_business_setaside"", ""unlisted_contractor"", ""below_size_floor""]",2026-09-02 20:49:14,deterministic,,sk-5d396ec5
61117f3a85a14723,34,routine,Routine: $25.0M is below the $25.0M floor and the contractor maps to no listed company. Filtered deterministically; no model call.,"[""prefilter:sub_floor_unlisted"", ""unlisted_contractor"", ""below_size_floor""]",2026-09-02 20:49:14,deterministic,,sk-5d396ec5
09fe76e5040f40e1,34,routine,Routine: $25.0M is below the $25.0M floor and the contractor maps to no listed company. Filtered deterministically; no model call.,"[""prefilter:sub_floor_unlisted"", ""unlisted_contractor"", ""below_size_floor""]",2026-09-02 20:49:14,deterministic,,sk-5d396ec5
3382af88a829a94a,17,routine,Routine: $25.0M small-business set-aside; a set-aside awardee is by statute not a large listed company. Filtered deterministically; no model call.,"[""prefilter:small_business_setaside"", ""unlisted_contractor"", ""below_size_floor""]",2026-09-02 20:49:14,deterministic,,sk-5d396ec5
85063dea31fba6aa,34,routine,Routine: $24.9M is below the $25.0M floor and the contractor maps to no listed company. Filtered deterministically; no model call.,"[""prefilter:sub_floor_unlisted"", ""unlisted_contractor"", ""below_size_floor""]",2026-09-02 20:49:14,deterministic,,sk-5d396ec5
78c8bf2684a5a223,34,routine,Routine: $24.7M is below the $25.0M floor and the contractor maps to no listed company. Filtered deterministically; no model call.,"[""prefilter:sub_floor_unlisted"", ""unlisted_contractor"", ""below_size_floor""]",2026-09-02 20:49:14,deterministic,,sk-5d396ec5
1c6138705a3a7a59,33,routine,Routine: $24.5M is below the $25.0M floor and the contractor maps to no listed company. Filtered deterministically; no model call.,"[""prefilter:sub_floor_unlisted"", ""unlisted_contractor"", ""below_size_floor""]",2026-09-02 20:49:14,deterministic,,sk-5d396ec5
159491ee3dc9f6c4,17,routine,Routine: $24.5M small-business set-aside; a set-aside awardee is by statute not a large listed company. Filtered deterministically; no model call.,"[""prefilter:small_business_setaside"", ""unlisted_contractor"", ""below_size_floor""]",2026-09-02 20:49:14,deterministic,,sk-5d396ec5
1f5b293e4ae2d29b,17,routine,Routine: $24.5M small-business set-aside; a set-aside awardee is by statute not a large listed company. Filtered deterministically; no model call.,"[""prefilter:small_business_setaside"", ""unlisted_contractor"", ""below_size_floor""]",2026-09-02 20:49:14,deterministic,,sk-5d396ec5
50dfefc532313cef,17,routine,Routine: $24.5M small-business set-aside; a set-aside awardee is by statute not a large listed company. Filtered deterministically; no model call.,"[""prefilter:small_business_setaside"", ""unlisted_contractor"", ""below_size_floor""]",2026-09-02 20:49:14,deterministic,,sk-5d396ec5
851ab8d809b16c3b,17,routine,Routine: $24.5M small-business set-aside; a set-aside awardee is by statute not a large listed company. Filtered deterministically; no model call.,"[""prefilter:small_business_setaside"", ""unlisted_contractor"", ""below_size_floor""]",2026-09-02 20:49:14,deterministic,,sk-5d396ec5
a26df5a49bfc215a,17,routine,Routine: $24.5M small-business set-aside; a set-aside awardee is by statute not a large listed company. Filtered deterministically; no model call.,"[""prefilter:small_business_setaside"", ""unlisted_contractor"", ""below_size_floor""]",2026-09-02 20:49:14,deterministic,,sk-5d396ec5
8e812f7d7173c86c,16,routine,Routine: $24.2M small-business set-aside; a set-aside awardee is by statute not a large listed company. Filtered deterministically; no model call.,"[""prefilter:small_business_setaside"", ""unlisted_contractor"", ""below_size_floor""]",2026-09-02 20:49:14,deterministic,,sk-5d396ec5
8b29dea9cb6e30fe,32,routine,Routine: $23.6M is below the $25.0M floor and the contractor maps to no listed company. Filtered deterministically; no model call.,"[""prefilter:sub_floor_unlisted"", ""unlisted_contractor"", ""below_size_floor""]",2026-09-02 20:49:14,deterministic,,sk-5d396ec5
bc4f680b21a7b8b1,31,routine,Routine: $23.1M is below the $25.0M floor and the contractor maps to no listed company. Filtered deterministically; no model call.,"[""prefilter:sub_floor_unlisted"", ""unlisted_contractor"", ""below_size_floor""]",2026-09-02 20:49:14,deterministic,,sk-5d396ec5
79ef9f94818a3bc3,31,routine,Routine: $23.0M is below the $25.0M floor and the contractor maps to no listed company. Filtered deterministically; no model call.,"[""prefilter:sub_floor_unlisted"", ""unlisted_contractor"", ""below_size_floor""]",2026-09-02 20:49:14,deterministic,,sk-5d396ec5
4900fc1f7338f73d,16,routine,Routine: $23.0M small-business set-aside; a set-aside awardee is by statute not a large listed company. Filtered deterministically; no model call.,"[""prefilter:small_business_setaside"", ""unlisted_contractor"", ""below_size_floor""]",2026-09-02 20:49:14,deterministic,,sk-5d396ec5
5c95f91858284abb,31,routine,Routine: $22.9M is below the $25.0M floor and the contractor maps to no listed company. Filtered deterministically; no model call.,"[""prefilter:sub_floor_unlisted"", ""unlisted_contractor"", ""below_size_floor""]",2026-09-02 20:49:14,deterministic,,sk-5d396ec5
833e2edd3a2fa368,31,routine,Routine: $22.7M is below the $25.0M floor and the contractor maps to no listed company. Filtered deterministically; no model call.,"[""prefilter:sub_floor_unlisted"", ""unlisted_contractor"", ""below_size_floor""]",2026-09-02 20:49:14,deterministic,,sk-5d396ec5
5d1754ccb47a96f9,31,routine,Routine: $22.6M is below the $25.0M floor and the contractor maps to no listed company. Filtered deterministically; no model call.,"[""prefilter:sub_floor_unlisted"", ""unlisted_contractor"", ""below_size_floor""]",2026-09-02 20:49:14,deterministic,,sk-5d396ec5
38d73173d7c76f9b,30,routine,Routine: $22.1M is below the $25.0M floor and the contractor maps to no listed company. Filtered deterministically; no model call.,"[""prefilter:sub_floor_unlisted"", ""unlisted_contractor"", ""below_size_floor""]",2026-09-02 20:49:14,deterministic,,sk-5d396ec5
8f2f742841e1cdfc,29,routine,Routine: $21.6M is below the $25.0M floor and the contractor maps to no listed company. Filtered deterministically; no model call.,"[""prefilter:sub_floor_unlisted"", ""unlisted_contractor"", ""below_size_floor""]",2026-09-02 20:49:14,deterministic,,sk-5d396ec5
60acb1ad9e03d230,29,routine,Routine: $21.5M is below the $25.0M floor and the contractor maps to no listed company. Filtered deterministically; no model call.,"[""prefilter:sub_floor_unlisted"", ""unlisted_contractor"", ""below_size_floor""]",2026-09-02 20:49:14,deterministic,,sk-5d396ec5
9106c49a7f7ecb6d,29,routine,Routine: $21.4M is below the $25.0M floor and the contractor maps to no listed company. Filtered deterministically; no model call.,"[""prefilter:sub_floor_unlisted"", ""unlisted_contractor"", ""below_size_floor""]",2026-09-02 20:49:14,deterministic,,sk-5d396ec5
6ff8510b96451f9e,29,routine,Routine: $21.0M is below the $25.0M floor and the contractor maps to no listed company. Filtered deterministically; no model call.,"[""prefilter:sub_floor_unlisted"", ""unlisted_contractor"", ""below_size_floor""]",2026-09-02 20:49:14,deterministic,,sk-5d396ec5
c381cfea029522ad,28,routine,Routine: $20.9M is below the $25.0M floor and the contractor maps to no listed company. Filtered deterministically; no model call.,"[""prefilter:sub_floor_unlisted"", ""unlisted_contractor"", ""below_size_floor""]",2026-09-02 20:49:14,deterministic,,sk-5d396ec5
95a03805f4ba3be9,14,routine,Routine: $20.9M small-business set-aside; a set-aside awardee is by statute not a large listed company. Filtered deterministically; no model call.,"[""prefilter:small_business_setaside"", ""unlisted_contractor"", ""below_size_floor""]",2026-09-02 20:49:14,deterministic,,sk-5d396ec5
0aa09c8cc8e829c7,28,routine,Routine: $20.9M is below the $25.0M floor and the contractor maps to no listed company. Filtered deterministically; no model call.,"[""prefilter:sub_floor_unlisted"", ""unlisted_contractor"", ""below_size_floor""]",2026-09-02 20:49:14,deterministic,,sk-5d396ec5
7cc61a98bc4b48c6,14,routine,Routine: $20.8M small-business set-aside; a set-aside awardee is by statute not a large listed company. Filtered deterministically; no model call.,"[""prefilter:small_business_setaside"", ""unlisted_contractor"", ""below_size_floor""]",2026-09-02 20:49:14,deterministic,,sk-5d396ec5
4312bef080fd3951,28,routine,Routine: $20.8M is below the $25.0M floor and the contractor maps to no listed company. Filtered deterministically; no model call.,"[""prefilter:sub_floor_unlisted"", ""unlisted_contractor"", ""below_size_floor""]",2026-09-02 20:49:14,deterministic,,sk-5d396ec5
9f03a01a3cc02a83,14,routine,Routine: $20.7M small-business set-aside; a set-aside awardee is by statute not a large listed company. Filtered deterministically; no model call.,"[""prefilter:small_business_setaside"", ""unlisted_contractor"", ""below_size_floor""]",2026-09-02 20:49:14,deterministic,,sk-5d396ec5
1e8d67eaf55b6a6d,28,routine,Routine: $20.5M is below the $25.0M floor and the contractor maps to no listed company. Filtered deterministically; no model call.,"[""prefilter:sub_floor_unlisted"", ""unlisted_contractor"", ""below_size_floor""]",2026-09-02 20:49:14,deterministic,,sk-5d396ec5
7c41401a6335d07d,28,routine,Routine: $20.4M is below the $25.0M floor and the contractor maps to no listed company. Filtered deterministically; no model call.,"[""prefilter:sub_floor_unlisted"", ""unlisted_contractor"", ""below_size_floor""]",2026-09-02 20:49:14,deterministic,,sk-5d396ec5
ead01b645dac1a12,28,routine,Routine: $20.4M is below the $25.0M floor and the contractor maps to no listed company. Filtered deterministically; no model call.,"[""prefilter:sub_floor_unlisted"", ""unlisted_contractor"", ""below_size_floor""]",2026-09-02 20:49:14,deterministic,,sk-5d396ec5
df33f2962906eb09,28,routine,Routine: $20.3M is below the $25.0M floor and the contractor maps to no listed company. Filtered deterministically; no model call.,"[""prefilter:sub_floor_unlisted"", ""unlisted_contractor"", ""below_size_floor""]",2026-09-02 20:49:14,deterministic,,sk-5d396ec5
d925920beab7426c,28,routine,Routine: $20.2M is below the $25.0M floor and the contractor maps to no listed company. Filtered deterministically; no model call.,"[""prefilter:sub_floor_unlisted"", ""unlisted_contractor"", ""below_size_floor""]",2026-09-02 20:49:14,deterministic,,sk-5d396ec5
731b239915aaacfd,28,routine,Routine: $20.2M is below the $25.0M floor and the contractor maps to no listed company. Filtered deterministically; no model call.,"[""prefilter:sub_floor_unlisted"", ""unlisted_contractor"", ""below_size_floor""]",2026-09-02 20:49:14,deterministic,,sk-5d396ec5
0d1bd2301b847439,28,routine,Routine: $20.2M is below the $25.0M floor and the contractor maps to no listed company. Filtered deterministically; no model call.,"[""prefilter:sub_floor_unlisted"", ""unlisted_contractor"", ""below_size_floor""]",2026-09-02 20:49:14,deterministic,,sk-5d396ec5
2297675d14fd4b5a,14,routine,Routine: $20.0M small-business set-aside; a set-aside awardee is by statute not a large listed company. Filtered deterministically; no model call.,"[""prefilter:small_business_setaside"", ""unlisted_contractor"", ""below_size_floor""]",2026-09-02 20:49:14,deterministic,,sk-5d396ec5
664530620b7943ac,27,routine,Routine: $20.0M is below the $25.0M floor and the contractor maps to no listed company. Filtered deterministically; no model call.,"[""prefilter:sub_floor_unlisted"", ""unlisted_contractor"", ""below_size_floor""]",2026-09-02 20:49:14,deterministic,,sk-5d396ec5
c5a0a95177555c79,27,routine,Routine: $20.0M is below the $25.0M floor and the contractor maps to no listed company. Filtered deterministically; no model call.,"[""prefilter:sub_floor_unlisted"", ""unlisted_contractor"", ""below_size_floor""]",2026-09-02 20:49:14,deterministic,,sk-5d396ec5
be838a1444ae8432,27,routine,Routine: $19.9M is below the $25.0M floor and the contractor maps to no listed company. Filtered deterministically; no model call.,"[""prefilter:sub_floor_unlisted"", ""unlisted_contractor"", ""below_size_floor""]",2026-09-02 20:49:14,deterministic,,sk-5d396ec5
d9a1083cb77a9db6,13,routine,Routine: $19.8M small-business set-aside; a set-aside awardee is by statute not a large listed company. Filtered deterministically; no model call.,"[""prefilter:small_business_setaside"", ""unlisted_contractor"", ""below_size_floor""]",2026-09-02 20:49:14,deterministic,,sk-5d396ec5
424d99829f558061,13,routine,Routine: $19.8M small-business set-aside; a set-aside awardee is by statute not a large listed company. Filtered deterministically; no model call.,"[""prefilter:small_business_setaside"", ""unlisted_contractor"", ""below_size_floor""]",2026-09-02 20:49:14,deterministic,,sk-5d396ec5
2d45673b53ac0a9d,27,routine,Routine: $19.8M is below the $25.0M floor and the contractor maps to no listed company. Filtered deterministically; no model call.,"[""prefilter:sub_floor_unlisted"", ""unlisted_contractor"", ""below_size_floor""]",2026-09-02 20:49:14,deterministic,,sk-5d396ec5
d2f617de1ecd9091,27,routine,Routine: $19.8M is below the $25.0M floor and the contractor maps to no listed company. Filtered deterministically; no model call.,"[""prefilter:sub_floor_unlisted"", ""unlisted_contractor"", ""below_size_floor""]",2026-09-02 20:49:14,deterministic,,sk-5d396ec5
e532f1b90686387c,27,routine,Routine: $19.7M is below the $25.0M floor and the contractor maps to no listed company. Filtered deterministically; no model call.,"[""prefilter:sub_floor_unlisted"", ""unlisted_contractor"", ""below_size_floor""]",2026-09-02 20:49:14,deterministic,,sk-5d396ec5
6546f0005ded120e,27,routine,Routine: $19.7M is below the $25.0M floor and the contractor maps to no listed company. Filtered deterministically; no model call.,"[""prefilter:sub_floor_unlisted"", ""unlisted_contractor"", ""below_size_floor""]",2026-09-02 20:49:14,deterministic,,sk-5d396ec5
8f614a10f6bea0e5,13,routine,Routine: $19.7M small-business set-aside; a set-aside awardee is by statute not a large listed company. Filtered deterministically; no model call.,"[""prefilter:small_business_setaside"", ""unlisted_contractor"", ""below_size_floor""]",2026-09-02 20:49:14,deterministic,,sk-5d396ec5
d746dd366d4871f2,27,routine,Routine: $19.6M is below the $25.0M floor and the contractor maps to no listed company. Filtered deterministically; no model call.,"[""prefilter:sub_floor_unlisted"", ""unlisted_contractor"", ""below_size_floor""]",2026-09-02 20:49:14,deterministic,,sk-5d396ec5
62f48db91da10861,26,routine,Routine: $19.4M is below the $25.0M floor and the contractor maps to no listed company. Filtered deterministically; no model call.,"[""prefilter:sub_floor_unlisted"", ""unlisted_contractor"", ""below_size_floor""]",2026-09-02 20:49:14,deterministic,,sk-5d396ec5
69ff4c3354460c09,26,routine,Routine: $19.3M is below the $25.0M floor and the contractor maps to no listed company. Filtered deterministically; no model call.,"[""prefilter:sub_floor_unlisted"", ""unlisted_contractor"", ""below_size_floor""]",2026-09-02 20:49:14,deterministic,,sk-5d396ec5
02d3a35623712173,26,routine,Routine: $19.2M is below the $25.0M floor and the contractor maps to no listed company. Filtered deterministically; no model call.,"[""prefilter:sub_floor_unlisted"", ""unlisted_contractor"", ""below_size_floor""]",2026-09-02 20:49:14,deterministic,,sk-5d396ec5
f45daddf16fe9999,26,routine,Routine: $19.1M is below the $25.0M floor and the contractor maps to no listed company. Filtered deterministically; no model call.,"[""prefilter:sub_floor_unlisted"", ""unlisted_contractor"", ""below_size_floor""]",2026-09-02 20:49:14,deterministic,,sk-5d396ec5
5016c1d18dec3a7e,26,routine,Routine: $19.1M is below the $25.0M floor and the contractor maps to no listed company. Filtered deterministically; no model call.,"[""prefilter:sub_floor_unlisted"", ""unlisted_contractor"", ""below_size_floor""]",2026-09-02 20:49:14,deterministic,,sk-5d396ec5
911d581b200ea6ce,13,routine,Routine: $19.0M small-business set-aside; a set-aside awardee is by statute not a large listed company. Filtered deterministically; no model call.,"[""prefilter:small_business_setaside"", ""unlisted_contractor"", ""below_size_floor""]",2026-09-02 20:49:14,deterministic,,sk-5d396ec5
0a7c3a3c06a07d61,13,routine,Routine: $19.0M small-business set-aside; a set-aside awardee is by statute not a large listed company. Filtered deterministically; no model call.,"[""prefilter:small_business_setaside"", ""unlisted_contractor"", ""below_size_floor""]",2026-09-02 20:49:14,deterministic,,sk-5d396ec5
97606471e6cdff53,26,routine,Routine: $19.0M is below the $25.0M floor and the contractor maps to no listed company. Filtered deterministically; no model call.,"[""prefilter:sub_floor_unlisted"", ""unlisted_contractor"", ""below_size_floor""]",2026-09-02 20:49:14,deterministic,,sk-5d396ec5
b296c81b7b811ee8,13,routine,Routine: $19.0M small-business set-aside; a set-aside awardee is by statute not a large listed company. Filtered deterministically; no model call.,"[""prefilter:small_business_setaside"", ""unlisted_contractor"", ""below_size_floor""]",2026-09-02 20:49:14,deterministic,,sk-5d396ec5
ec17f2eb7243dc38,26,routine,Routine: $19.0M is below the $25.0M floor and the contractor maps to no listed company. Filtered deterministically; no model call.,"[""prefilter:sub_floor_unlisted"", ""unlisted_contractor"", ""below_size_floor""]",2026-09-02 20:49:14,deterministic,,sk-5d396ec5
bcbe54a5f4f70a3c,13,routine,Routine: $19.0M small-business set-aside; a set-aside awardee is by statute not a large listed company. Filtered deterministically; no model call.,"[""prefilter:small_business_setaside"", ""unlisted_contractor"", ""below_size_floor""]",2026-09-02 20:49:14,deterministic,,sk-5d396ec5
32ad4ca778315fd4,13,routine,Routine: $19.0M small-business set-aside; a set-aside awardee is by statute not a large listed company. Filtered deterministically; no model call.,"[""prefilter:small_business_setaside"", ""unlisted_contractor"", ""below_size_floor""]",2026-09-02 20:49:14,deterministic,,sk-5d396ec5
0eebf7121845aa44,26,routine,Routine: $18.9M is below the $25.0M floor and the contractor maps to no listed company. Filtered deterministically; no model call.,"[""prefilter:sub_floor_unlisted"", ""unlisted_contractor"", ""below_size_floor""]",2026-09-02 20:49:14,deterministic,,sk-5d396ec5
5259e52975f60bc9,13,routine,Routine: $18.8M small-business set-aside; a set-aside awardee is by statute not a large listed company. Filtered deterministically; no model call.,"[""prefilter:small_business_setaside"", ""unlisted_contractor"", ""below_size_floor""]",2026-09-02 20:49:14,deterministic,,sk-5d396ec5
1b53a820df4ea08f,13,routine,Routine: $18.7M small-business set-aside; a set-aside awardee is by statute not a large listed company. Filtered deterministically; no model call.,"[""prefilter:small_business_setaside"", ""unlisted_contractor"", ""below_size_floor""]",2026-09-02 20:49:14,deterministic,,sk-5d396ec5
1f6848af72f50b11,13,routine,Routine: $18.5M small-business set-aside; a set-aside awardee is by statute not a large listed company. Filtered deterministically; no model call.,"[""prefilter:small_business_setaside"", ""unlisted_contractor"", ""below_size_floor""]",2026-09-02 20:49:14,deterministic,,sk-5d396ec5
206b4fa8cbd56350,25,routine,Routine: $18.5M is below the $25.0M floor and the contractor maps to no listed company. Filtered deterministically; no model call.,"[""prefilter:sub_floor_unlisted"", ""unlisted_contractor"", ""below_size_floor""]",2026-09-02 20:49:14,deterministic,,sk-5d396ec5
7cfed6b60507b516,13,routine,Routine: $18.5M small-business set-aside; a set-aside awardee is by statute not a large listed company. Filtered deterministically; no model call.,"[""prefilter:small_business_setaside"", ""unlisted_contractor"", ""below_size_floor""]",2026-09-02 20:49:14,deterministic,,sk-5d396ec5
f13927469c89c8ca,25,routine,Routine: $18.3M is below the $25.0M floor and the contractor maps to no listed company. Filtered deterministically; no model call.,"[""prefilter:sub_floor_unlisted"", ""unlisted_contractor"", ""below_size_floor""]",2026-09-02 20:49:14,deterministic,,sk-5d396ec5
bcf0dc2b8e5b0b5f,25,routine,Routine: $18.2M is below the $25.0M floor and the contractor maps to no listed company. Filtered deterministically; no model call.,"[""prefilter:sub_floor_unlisted"", ""unlisted_contractor"", ""below_size_floor""]",2026-09-02 20:49:14,deterministic,,sk-5d396ec5
ec6e265ede3110f5,24,routine,Routine: $17.9M is below the $25.0M floor and the contractor maps to no listed company. Filtered deterministically; no model call.,"[""prefilter:sub_floor_unlisted"", ""unlisted_contractor"", ""below_size_floor""]",2026-09-02 20:49:14,deterministic,,sk-5d396ec5
97695667a5da1b50,12,routine,Routine: $17.9M small-business set-aside; a set-aside awardee is by statute not a large listed company. Filtered deterministically; no model call.,"[""prefilter:small_business_setaside"", ""unlisted_contractor"", ""below_size_floor""]",2026-09-02 20:49:14,deterministic,,sk-5d396ec5
32a981600533308c,12,routine,Routine: $17.9M small-business set-aside; a set-aside awardee is by statute not a large listed company. Filtered deterministically; no model call.,"[""prefilter:small_business_setaside"", ""unlisted_contractor"", ""below_size_floor""]",2026-09-02 20:49:14,deterministic,,sk-5d396ec5
f814fc2d528029f3,24,routine,Routine: $17.9M is below the $25.0M floor and the contractor maps to no listed company. Filtered deterministically; no model call.,"[""prefilter:sub_floor_unlisted"", ""unlisted_contractor"", ""below_size_floor""]",2026-09-02 20:49:14,deterministic,,sk-5d396ec5
4a86e30d4e35bd7d,24,routine,Routine: $17.6M is below the $25.0M floor and the contractor maps to no listed company. Filtered deterministically; no model call.,"[""prefilter:sub_floor_unlisted"", ""unlisted_contractor"", ""below_size_floor""]",2026-09-02 20:49:14,deterministic,,sk-5d396ec5
d29bdb75c606b745,24,routine,Routine: $17.6M is below the $25.0M floor and the contractor maps to no listed company. Filtered deterministically; no model call.,"[""prefilter:sub_floor_unlisted"", ""unlisted_contractor"", ""below_size_floor""]",2026-09-02 20:49:14,deterministic,,sk-5d396ec5
d8c6a786300ae68e,12,routine,Routine: $17.3M small-business set-aside; a set-aside awardee is by statute not a large listed company. Filtered deterministically; no model call.,"[""prefilter:small_business_setaside"", ""unlisted_contractor"", ""below_size_floor""]",2026-09-02 20:49:14,deterministic,,sk-5d396ec5
42d9d6894e40fc4c,23,routine,Routine: $17.1M is below the $25.0M floor and the contractor maps to no listed company. Filtered deterministically; no model call.,"[""prefilter:sub_floor_unlisted"", ""unlisted_contractor"", ""below_size_floor""]",2026-09-02 20:49:14,deterministic,,sk-5d396ec5
b57cbe0309eb6e1a,11,routine,Routine: $16.9M small-business set-aside; a set-aside awardee is by statute not a large listed company. Filtered deterministically; no model call.,"[""prefilter:small_business_setaside"", ""unlisted_contractor"", ""below_size_floor""]",2026-09-02 20:49:14,deterministic,,sk-5d396ec5
ae7a61afe77eb0de,23,routine,Routine: $16.6M is below the $25.0M floor and the contractor maps to no listed company. Filtered deterministically; no model call.,"[""prefilter:sub_floor_unlisted"", ""unlisted_contractor"", ""below_size_floor""]",2026-09-02 20:49:14,deterministic,,sk-5d396ec5
c91d9f184e600496,11,routine,Routine: $16.5M small-business set-aside; a set-aside awardee is by statute not a large listed company. Filtered deterministically; no model call.,"[""prefilter:small_business_setaside"", ""unlisted_contractor"", ""below_size_floor""]",2026-09-02 20:49:14,deterministic,,sk-5d396ec5
2db607054283e01a,11,routine,Routine: $16.5M small-business set-aside; a set-aside awardee is by statute not a large listed company. Filtered deterministically; no model call.,"[""prefilter:small_business_setaside"", ""unlisted_contractor"", ""below_size_floor""]",2026-09-02 20:49:14,deterministic,,sk-5d396ec5
dbe6d4a58a167bfc,22,routine,Routine: $16.4M is below the $25.0M floor and the contractor maps to no listed company. Filtered deterministically; no model call.,"[""prefilter:sub_floor_unlisted"", ""unlisted_contractor"", ""below_size_floor""]",2026-09-02 20:49:14,deterministic,,sk-5d396ec5
c20e64bdc439589b,22,routine,Routine: $16.3M is below the $25.0M floor and the contractor maps to no listed company. Filtered deterministically; no model call.,"[""prefilter:sub_floor_unlisted"", ""unlisted_contractor"", ""below_size_floor""]",2026-09-02 20:49:14,deterministic,,sk-5d396ec5
ae93cbbc1e5028f7,11,routine,Routine: $16.2M small-business set-aside; a set-aside awardee is by statute not a large listed company. Filtered deterministically; no model call.,"[""prefilter:small_business_setaside"", ""unlisted_contractor"", ""below_size_floor""]",2026-09-02 20:49:14,deterministic,,sk-5d396ec5
e823a5e7a06d9d4c,22,routine,Routine: $16.0M is below the $25.0M floor and the contractor maps to no listed company. Filtered deterministically; no model call.,"[""prefilter:sub_floor_unlisted"", ""unlisted_contractor"", ""below_size_floor""]",2026-09-02 20:49:14,deterministic,,sk-5d396ec5
b8cd138442ced8af,22,routine,Routine: $16.0M is below the $25.0M floor and the contractor maps to no listed company. Filtered deterministically; no model call.,"[""prefilter:sub_floor_unlisted"", ""unlisted_contractor"", ""below_size_floor""]",2026-09-02 20:49:14,deterministic,,sk-5d396ec5
eeaa7f2c2dd655d1,11,routine,Routine: $16.0M small-business set-aside; a set-aside awardee is by statute not a large listed company. Filtered deterministically; no model call.,"[""prefilter:small_business_setaside"", ""unlisted_contractor"", ""below_size_floor""]",2026-09-02 20:49:14,deterministic,,sk-5d396ec5
31ad856a7a1b74da,22,routine,Routine: $16.0M is below the $25.0M floor and the contractor maps to no listed company. Filtered deterministically; no model call.,"[""prefilter:sub_floor_unlisted"", ""unlisted_contractor"", ""below_size_floor""]",2026-09-02 20:49:14,deterministic,,sk-5d396ec5
b361457fc61bbdd1,21,routine,Routine: $15.7M is below the $25.0M floor and the contractor maps to no listed company. Filtered deterministically; no model call.,"[""prefilter:sub_floor_unlisted"", ""unlisted_contractor"", ""below_size_floor""]",2026-09-02 20:49:14,deterministic,,sk-5d396ec5
6122b254cf1762dd,21,routine,Routine: $15.6M is below the $25.0M floor and the contractor maps to no listed company. Filtered deterministically; no model call.,"[""prefilter:sub_floor_unlisted"", ""unlisted_contractor"", ""below_size_floor""]",2026-09-02 20:49:14,deterministic,,sk-5d396ec5
fe3ea208e487b118,21,routine,Routine: $15.6M is below the $25.0M floor and the contractor maps to no listed company. Filtered deterministically; no model call.,"[""prefilter:sub_floor_unlisted"", ""unlisted_contractor"", ""below_size_floor""]",2026-09-02 20:49:14,deterministic,,sk-5d396ec5
9d68b0b8f0dcd3ab,10,routine,Routine: $15.3M small-business set-aside; a set-aside awardee is by statute not a large listed company. Filtered deterministically; no model call.,"[""prefilter:small_business_setaside"", ""unlisted_contractor"", ""below_size_floor""]",2026-09-02 20:49:14,deterministic,,sk-5d396ec5
e9aaf3f214c298de,21,routine,Routine: $15.3M is below the $25.0M floor and the contractor maps to no listed company. Filtered deterministically; no model call.,"[""prefilter:sub_floor_unlisted"", ""unlisted_contractor"", ""below_size_floor""]",2026-09-02 20:49:14,deterministic,,sk-5d396ec5
93bee875732c8a58,21,routine,Routine: $15.1M is below the $25.0M floor and the contractor maps to no listed company. Filtered deterministically; no model call.,"[""prefilter:sub_floor_unlisted"", ""unlisted_contractor"", ""below_size_floor""]",2026-09-02 20:49:14,deterministic,,sk-5d396ec5
8539dabaa526cd5d,10,routine,Routine: $15.0M small-business set-aside; a set-aside awardee is by statute not a large listed company. Filtered deterministically; no model call.,"[""prefilter:small_business_setaside"", ""unlisted_contractor"", ""below_size_floor""]",2026-09-02 20:49:14,deterministic,,sk-5d396ec5
c7d19742b1ccc304,20,routine,Routine: $15.0M is below the $25.0M floor and the contractor maps to no listed company. Filtered deterministically; no model call.,"[""prefilter:sub_floor_unlisted"", ""unlisted_contractor"", ""below_size_floor""]",2026-09-02 20:49:14,deterministic,,sk-5d396ec5
fcbc5b51f6f66c1d,20,routine,Routine: $15.0M is below the $25.0M floor and the contractor maps to no listed company. Filtered deterministically; no model call.,"[""prefilter:sub_floor_unlisted"", ""unlisted_contractor"", ""below_size_floor""]",2026-09-02 20:49:14,deterministic,,sk-5d396ec5
e938d40d7f5cd688,20,routine,Routine: $14.9M is below the $25.0M floor and the contractor maps to no listed company. Filtered deterministically; no model call.,"[""prefilter:sub_floor_unlisted"", ""unlisted_contractor"", ""below_size_floor""]",2026-09-02 20:49:14,deterministic,,sk-5d396ec5
cf6755fe6237bc82,20,routine,Routine: $14.9M is below the $25.0M floor and the contractor maps to no listed company. Filtered deterministically; no model call.,"[""prefilter:sub_floor_unlisted"", ""unlisted_contractor"", ""below_size_floor""]",2026-09-02 20:49:14,deterministic,,sk-5d396ec5
66b45b4823231a26,20,routine,Routine: $14.8M is below the $25.0M floor and the contractor maps to no listed company. Filtered deterministically; no model call.,"[""prefilter:sub_floor_unlisted"", ""unlisted_contractor"", ""below_size_floor""]",2026-09-02 20:49:14,deterministic,,sk-5d396ec5
b1c70173e020e7e5,20,routine,Routine: $14.6M is below the $25.0M floor and the contractor maps to no listed company. Filtered deterministically; no model call.,"[""prefilter:sub_floor_unlisted"", ""unlisted_contractor"", ""below_size_floor""]",2026-09-02 20:49:14,deterministic,,sk-5d396ec5
3a10bc29f7008df9,10,routine,Routine: $14.6M small-business set-aside; a set-aside awardee is by statute not a large listed company. Filtered deterministically; no model call.,"[""prefilter:small_business_setaside"", ""unlisted_contractor"", ""below_size_floor""]",2026-09-02 20:49:14,deterministic,,sk-5d396ec5
1d63583845f1cd9f,20,routine,Routine: $14.5M is below the $25.0M floor and the contractor maps to no listed company. Filtered deterministically; no model call.,"[""prefilter:sub_floor_unlisted"", ""unlisted_contractor"", ""below_size_floor""]",2026-09-02 20:49:14,deterministic,,sk-5d396ec5
be2ce929e856cfc1,10,routine,Routine: $14.3M small-business set-aside; a set-aside awardee is by statute not a large listed company. Filtered deterministically; no model call.,"[""prefilter:small_business_setaside"", ""unlisted_contractor"", ""below_size_floor""]",2026-09-02 20:49:14,deterministic,,sk-5d396ec5
276593437f5d961a,10,routine,Routine: $14.2M small-business set-aside; a set-aside awardee is by statute not a large listed company. Filtered deterministically; no model call.,"[""prefilter:small_business_setaside"", ""unlisted_contractor"", ""below_size_floor""]",2026-09-02 20:49:14,deterministic,,sk-5d396ec5
32c002645e1737bb,10,routine,Routine: $14.2M small-business set-aside; a set-aside awardee is by statute not a large listed company. Filtered deterministically; no model call.,"[""prefilter:small_business_setaside"", ""unlisted_contractor"", ""below_size_floor""]",2026-09-02 20:49:14,deterministic,,sk-5d396ec5
53cae66513f004bf,10,routine,Routine: $14.2M small-business set-aside; a set-aside awardee is by statute not a large listed company. Filtered deterministically; no model call.,"[""prefilter:small_business_setaside"", ""unlisted_contractor"", ""below_size_floor""]",2026-09-02 20:49:14,deterministic,,sk-5d396ec5
6cff5d0c27414f3e,10,routine,Routine: $14.2M small-business set-aside; a set-aside awardee is by statute not a large listed company. Filtered deterministically; no model call.,"[""prefilter:small_business_setaside"", ""unlisted_contractor"", ""below_size_floor""]",2026-09-02 20:49:14,deterministic,,sk-5d396ec5
811b2f632a46e844,10,routine,Routine: $14.2M small-business set-aside; a set-aside awardee is by statute not a large listed company. Filtered deterministically; no model call.,"[""prefilter:small_business_setaside"", ""unlisted_contractor"", ""below_size_floor""]",2026-09-02 20:49:14,deterministic,,sk-5d396ec5
22a98cff7ec6da29,19,routine,Routine: $14.2M is below the $25.0M floor and the contractor maps to no listed company. Filtered deterministically; no model call.,"[""prefilter:sub_floor_unlisted"", ""unlisted_contractor"", ""below_size_floor""]",2026-09-02 20:49:14,deterministic,,sk-5d396ec5
5fd163442a8e24b5,19,routine,Routine: $14.1M is below the $25.0M floor and the contractor maps to no listed company. Filtered deterministically; no model call.,"[""prefilter:sub_floor_unlisted"", ""unlisted_contractor"", ""below_size_floor""]",2026-09-02 20:49:14,deterministic,,sk-5d396ec5
790dc13fff09f6e6,19,routine,Routine: $14.1M is below the $25.0M floor and the contractor maps to no listed company. Filtered deterministically; no model call.,"[""prefilter:sub_floor_unlisted"", ""unlisted_contractor"", ""below_size_floor""]",2026-09-02 20:49:14,deterministic,,sk-5d396ec5
4d9b440623495539,10,routine,Routine: $14.1M small-business set-aside; a set-aside awardee is by statute not a large listed company. Filtered deterministically; no model call.,"[""prefilter:small_business_setaside"", ""unlisted_contractor"", ""below_size_floor""]",2026-09-02 20:49:14,deterministic,,sk-5d396ec5
18583f4fc69b6ec9,19,routine,Routine: $14.1M is below the $25.0M floor and the contractor maps to no listed company. Filtered deterministically; no model call.,"[""prefilter:sub_floor_unlisted"", ""unlisted_contractor"", ""below_size_floor""]",2026-09-02 20:49:14,deterministic,,sk-5d396ec5
cccbbac96515a367,19,routine,Routine: $14.0M is below the $25.0M floor and the contractor maps to no listed company. Filtered deterministically; no model call.,"[""prefilter:sub_floor_unlisted"", ""unlisted_contractor"", ""below_size_floor""]",2026-09-02 20:49:14,deterministic,,sk-5d396ec5
d9983c06613b6437,9,routine,Routine: $13.9M small-business set-aside; a set-aside awardee is by statute not a large listed company. Filtered deterministically; no model call.,"[""prefilter:small_business_setaside"", ""unlisted_contractor"", ""below_size_floor""]",2026-09-02 20:49:14,deterministic,,sk-5d396ec5
2a72f3bff5286897,9,routine,Routine: $13.9M small-business set-aside; a set-aside awardee is by statute not a large listed company. Filtered deterministically; no model call.,"[""prefilter:small_business_setaside"", ""unlisted_contractor"", ""below_size_floor""]",2026-09-02 20:49:14,deterministic,,sk-5d396ec5
34aafb8fbc39f15a,19,routine,Routine: $13.9M is below the $25.0M floor and the contractor maps to no listed company. Filtered deterministically; no model call.,"[""prefilter:sub_floor_unlisted"", ""unlisted_contractor"", ""below_size_floor""]",2026-09-02 20:49:14,deterministic,,sk-5d396ec5
f2de33ac577b73e5,9,routine,Routine: $13.8M small-business set-aside; a set-aside awardee is by statute not a large listed company. Filtered deterministically; no model call.,"[""prefilter:small_business_setaside"", ""unlisted_contractor"", ""below_size_floor""]",2026-09-02 20:49:14,deterministic,,sk-5d396ec5
29f20c3a31c19cec,19,routine,Routine: $13.6M is below the $25.0M floor and the contractor maps to no listed company. Filtered deterministically; no model call.,"[""prefilter:sub_floor_unlisted"", ""unlisted_contractor"", ""below_size_floor""]",2026-09-02 20:49:14,deterministic,,sk-5d396ec5
cf9bde46746909d7,19,routine,Routine: $13.6M is below the $25.0M floor and the contractor maps to no listed company. Filtered deterministically; no model call.,"[""prefilter:sub_floor_unlisted"", ""unlisted_contractor"", ""below_size_floor""]",2026-09-02 20:49:14,deterministic,,sk-5d396ec5
edac1ca2f0996daa,19,routine,Routine: $13.6M is below the $25.0M floor and the contractor maps to no listed company. Filtered deterministically; no model call.,"[""prefilter:sub_floor_unlisted"", ""unlisted_contractor"", ""below_size_floor""]",2026-09-02 20:49:14,deterministic,,sk-5d396ec5
68059a7f05be8c38,9,routine,Routine: $13.5M small-business set-aside; a set-aside awardee is by statute not a large listed company. Filtered deterministically; no model call.,"[""prefilter:small_business_setaside"", ""unlisted_contractor"", ""below_size_floor""]",2026-09-02 20:49:14,deterministic,,sk-5d396ec5
b509909591f0b77f,18,routine,Routine: $13.4M is below the $25.0M floor and the contractor maps to no listed company. Filtered deterministically; no model call.,"[""prefilter:sub_floor_unlisted"", ""unlisted_contractor"", ""below_size_floor""]",2026-09-02 20:49:14,deterministic,,sk-5d396ec5
28d8701e1e14f445,18,routine,Routine: $13.3M is below the $25.0M floor and the contractor maps to no listed company. Filtered deterministically; no model call.,"[""prefilter:sub_floor_unlisted"", ""unlisted_contractor"", ""below_size_floor""]",2026-09-02 20:49:14,deterministic,,sk-5d396ec5
227922912876f40e,18,routine,Routine: $13.3M is below the $25.0M floor and the contractor maps to no listed company. Filtered deterministically; no model call.,"[""prefilter:sub_floor_unlisted"", ""unlisted_contractor"", ""below_size_floor""]",2026-09-02 20:49:14,deterministic,,sk-5d396ec5
cb76791564e66f2d,9,routine,Routine: $13.2M small-business set-aside; a set-aside awardee is by statute not a large listed company. Filtered deterministically; no model call.,"[""prefilter:small_business_setaside"", ""unlisted_contractor"", ""below_size_floor""]",2026-09-02 20:49:14,deterministic,,sk-5d396ec5
4931e91e44be9104,18,routine,Routine: $13.1M is below the $25.0M floor and the contractor maps to no listed company. Filtered deterministically; no model call.,"[""prefilter:sub_floor_unlisted"", ""unlisted_contractor"", ""below_size_floor""]",2026-09-02 20:49:14,deterministic,,sk-5d396ec5
b82e4d42fdd04963,9,routine,Routine: $13.0M small-business set-aside; a set-aside awardee is by statute not a large listed company. Filtered deterministically; no model call.,"[""prefilter:small_business_setaside"", ""unlisted_contractor"", ""below_size_floor""]",2026-09-02 20:49:14,deterministic,,sk-5d396ec5
dff5901f74472457,9,routine,Routine: $13.0M small-business set-aside; a set-aside awardee is by statute not a large listed company. Filtered deterministically; no model call.,"[""prefilter:small_business_setaside"", ""unlisted_contractor"", ""below_size_floor""]",2026-09-02 20:49:14,deterministic,,sk-5d396ec5
b6e3cbfe29b00030,18,routine,Routine: $13.0M is below the $25.0M floor and the contractor maps to no listed company. Filtered deterministically; no model call.,"[""prefilter:sub_floor_unlisted"", ""unlisted_contractor"", ""below_size_floor""]",2026-09-02 20:49:14,deterministic,,sk-5d396ec5
55601926387549e7,9,routine,Routine: $12.9M small-business set-aside; a set-aside awardee is by statute not a large listed company. Filtered deterministically; no model call.,"[""prefilter:small_business_setaside"", ""unlisted_contractor"", ""below_size_floor""]",2026-09-02 20:49:14,deterministic,,sk-5d396ec5
21c2f25d523dad62,9,routine,Routine: $12.9M small-business set-aside; a set-aside awardee is by statute not a large listed company. Filtered deterministically; no model call.,"[""prefilter:small_business_setaside"", ""unlisted_contractor"", ""below_size_floor""]",2026-09-02 20:49:14,deterministic,,sk-5d396ec5
ea2a7b0bbd6feb9f,18,routine,Routine: $12.9M is below the $25.0M floor and the contractor maps to no listed company. Filtered deterministically; no model call.,"[""prefilter:sub_floor_unlisted"", ""unlisted_contractor"", ""below_size_floor""]",2026-09-02 20:49:14,deterministic,,sk-5d396ec5
fa19c5f2536a64b8,9,routine,Routine: $12.8M small-business set-aside; a set-aside awardee is by statute not a large listed company. Filtered deterministically; no model call.,"[""prefilter:small_business_setaside"", ""unlisted_contractor"", ""below_size_floor""]",2026-09-02 20:49:14,deterministic,,sk-5d396ec5
53237e218c4da508,17,routine,Routine: $12.7M is below the $25.0M floor and the contractor maps to no listed company. Filtered deterministically; no model call.,"[""prefilter:sub_floor_unlisted"", ""unlisted_contractor"", ""below_size_floor""]",2026-09-02 20:49:14,deterministic,,sk-5d396ec5
b427629823a8cafd,17,routine,Routine: $12.6M is below the $25.0M floor and the contractor maps to no listed company. Filtered deterministically; no model call.,"[""prefilter:sub_floor_unlisted"", ""unlisted_contractor"", ""below_size_floor""]",2026-09-02 20:49:14,deterministic,,sk-5d396ec5
850509e892771023,8,routine,Routine: $12.5M small-business set-aside; a set-aside awardee is by statute not a large listed company. Filtered deterministically; no model call.,"[""prefilter:small_business_setaside"", ""unlisted_contractor"", ""below_size_floor""]",2026-09-02 20:49:14,deterministic,,sk-5d396ec5
9f3b5a100f6473cd,8,routine,Routine: $12.5M small-business set-aside; a set-aside awardee is by statute not a large listed company. Filtered deterministically; no model call.,"[""prefilter:small_business_setaside"", ""unlisted_contractor"", ""below_size_floor""]",2026-09-02 20:49:14,deterministic,,sk-5d396ec5
f9d7ac34e53e6d06,8,routine,Routine: $12.5M small-business set-aside; a set-aside awardee is by statute not a large listed company. Filtered deterministically; no model call.,"[""prefilter:small_business_setaside"", ""unlisted_contractor"", ""below_size_floor""]",2026-09-02 20:49:14,deterministic,,sk-5d396ec5
fb64cda4dc6fc691,17,routine,Routine: $12.5M is below the $25.0M floor and the contractor maps to no listed company. Filtered deterministically; no model call.,"[""prefilter:sub_floor_unlisted"", ""unlisted_contractor"", ""below_size_floor""]",2026-09-02 20:49:14,deterministic,,sk-5d396ec5
c0d8853ff1132f90,17,routine,Routine: $12.4M is below the $25.0M floor and the contractor maps to no listed company. Filtered deterministically; no model call.,"[""prefilter:sub_floor_unlisted"", ""unlisted_contractor"", ""below_size_floor""]",2026-09-02 20:49:14,deterministic,,sk-5d396ec5
e1ef1bb83912f1e3,8,routine,Routine: $12.4M small-business set-aside; a set-aside awardee is by statute not a large listed company. Filtered deterministically; no model call.,"[""prefilter:small_business_setaside"", ""unlisted_contractor"", ""below_size_floor""]",2026-09-02 20:49:14,deterministic,,sk-5d396ec5
69ae57ccc3a3017a,8,routine,Routine: $12.3M small-business set-aside; a set-aside awardee is by statute not a large listed company. Filtered deterministically; no model call.,"[""prefilter:small_business_setaside"", ""unlisted_contractor"", ""below_size_floor""]",2026-09-02 20:49:14,deterministic,,sk-5d396ec5
409bf47e7d063153,17,routine,Routine: $12.3M is below the $25.0M floor and the contractor maps to no listed company. Filtered deterministically; no model call.,"[""prefilter:sub_floor_unlisted"", ""unlisted_contractor"", ""below_size_floor""]",2026-09-02 20:49:14,deterministic,,sk-5d396ec5
459394b9d601608d,17,routine,Routine: $12.2M is below the $25.0M floor and the contractor maps to no listed company. Filtered deterministically; no model call.,"[""prefilter:sub_floor_unlisted"", ""unlisted_contractor"", ""below_size_floor""]",2026-09-02 20:49:14,deterministic,,sk-5d396ec5
95684b8f72936805,8,routine,Routine: $12.2M small-business set-aside; a set-aside awardee is by statute not a large listed company. Filtered deterministically; no model call.,"[""prefilter:small_business_setaside"", ""unlisted_contractor"", ""below_size_floor""]",2026-09-02 20:49:14,deterministic,,sk-5d396ec5
b64bcf7c04196f37,17,routine,Routine: $12.2M is below the $25.0M floor and the contractor maps to no listed company. Filtered deterministically; no model call.,"[""prefilter:sub_floor_unlisted"", ""unlisted_contractor"", ""below_size_floor""]",2026-09-02 20:49:14,deterministic,,sk-5d396ec5
466e75ac77744371,16,routine,Routine: $12.0M is below the $25.0M floor and the contractor maps to no listed company. Filtered deterministically; no model call.,"[""prefilter:sub_floor_unlisted"", ""unlisted_contractor"", ""below_size_floor""]",2026-09-02 20:49:14,deterministic,,sk-5d396ec5
7364c7de0f7316dc,16,routine,Routine: $12.0M is below the $25.0M floor and the contractor maps to no listed company. Filtered deterministically; no model call.,"[""prefilter:sub_floor_unlisted"", ""unlisted_contractor"", ""below_size_floor""]",2026-09-02 20:49:14,deterministic,,sk-5d396ec5
4b90d94c00e3feda,16,routine,Routine: $12.0M is below the $25.0M floor and the contractor maps to no listed company. Filtered deterministically; no model call.,"[""prefilter:sub_floor_unlisted"", ""unlisted_contractor"", ""below_size_floor""]",2026-09-02 20:49:14,deterministic,,sk-5d396ec5
4472e117b929fc4e,16,routine,Routine: $12.0M is below the $25.0M floor and the contractor maps to no listed company. Filtered deterministically; no model call.,"[""prefilter:sub_floor_unlisted"", ""unlisted_contractor"", ""below_size_floor""]",2026-09-02 20:49:14,deterministic,,sk-5d396ec5
07abc3d92cbfeb40,8,routine,Routine: $11.8M small-business set-aside; a set-aside awardee is by statute not a large listed company. Filtered deterministically; no model call.,"[""prefilter:small_business_setaside"", ""unlisted_contractor"", ""below_size_floor""]",2026-09-02 20:49:14,deterministic,,sk-5d396ec5
9f3878560b1e5d2f,16,routine,Routine: $11.8M is below the $25.0M floor and the contractor maps to no listed company. Filtered deterministically; no model call.,"[""prefilter:sub_floor_unlisted"", ""unlisted_contractor"", ""below_size_floor""]",2026-09-02 20:49:14,deterministic,,sk-5d396ec5
4d807dbb7012aa54,16,routine,Routine: $11.7M is below the $25.0M floor and the contractor maps to no listed company. Filtered deterministically; no model call.,"[""prefilter:sub_floor_unlisted"", ""unlisted_contractor"", ""below_size_floor""]",2026-09-02 20:49:14,deterministic,,sk-5d396ec5
3084827de8ebcd43,16,routine,Routine: $11.7M is below the $25.0M floor and the contractor maps to no listed company. Filtered deterministically; no model call.,"[""prefilter:sub_floor_unlisted"", ""unlisted_contractor"", ""below_size_floor""]",2026-09-02 20:49:14,deterministic,,sk-5d396ec5
f0d987a74c36b1fd,16,routine,Routine: $11.7M is below the $25.0M floor and the contractor maps to no listed company. Filtered deterministically; no model call.,"[""prefilter:sub_floor_unlisted"", ""unlisted_contractor"", ""below_size_floor""]",2026-09-02 20:49:14,deterministic,,sk-5d396ec5
a8cb7d8b2c33fea0,16,routine,Routine: $11.7M is below the $25.0M floor and the contractor maps to no listed company. Filtered deterministically; no model call.,"[""prefilter:sub_floor_unlisted"", ""unlisted_contractor"", ""below_size_floor""]",2026-09-02 20:49:14,deterministic,,sk-5d396ec5
38f64bb427f5ce06,16,routine,Routine: $11.7M is below the $25.0M floor and the contractor maps to no listed company. Filtered deterministically; no model call.,"[""prefilter:sub_floor_unlisted"", ""unlisted_contractor"", ""below_size_floor""]",2026-09-02 20:49:14,deterministic,,sk-5d396ec5
86c7ee159ad12531,16,routine,Routine: $11.5M is below the $25.0M floor and the contractor maps to no listed company. Filtered deterministically; no model call.,"[""prefilter:sub_floor_unlisted"", ""unlisted_contractor"", ""below_size_floor""]",2026-09-02 20:49:14,deterministic,,sk-5d396ec5
4461dbde17195c4f,16,routine,Routine: $11.5M is below the $25.0M floor and the contractor maps to no listed company. Filtered deterministically; no model call.,"[""prefilter:sub_floor_unlisted"", ""unlisted_contractor"", ""below_size_floor""]",2026-09-02 20:49:14,deterministic,,sk-5d396ec5
ab488788d30ff76c,8,routine,Routine: $11.5M small-business set-aside; a set-aside awardee is by statute not a large listed company. Filtered deterministically; no model call.,"[""prefilter:small_business_setaside"", ""unlisted_contractor"", ""below_size_floor""]",2026-09-02 20:49:14,deterministic,,sk-5d396ec5
12ad977099b50fe4,16,routine,Routine: $11.5M is below the $25.0M floor and the contractor maps to no listed company. Filtered deterministically; no model call.,"[""prefilter:sub_floor_unlisted"", ""unlisted_contractor"", ""below_size_floor""]",2026-09-02 20:49:14,deterministic,,sk-5d396ec5
95ec0cd2738da9d3,15,routine,Routine: $11.3M is below the $25.0M floor and the contractor maps to no listed company. Filtered deterministically; no model call.,"[""prefilter:sub_floor_unlisted"", ""unlisted_contractor"", ""below_size_floor""]",2026-09-02 20:49:14,deterministic,,sk-5d396ec5
cac597df89dcb841,15,routine,Routine: $11.3M is below the $25.0M floor and the contractor maps to no listed company. Filtered deterministically; no model call.,"[""prefilter:sub_floor_unlisted"", ""unlisted_contractor"", ""below_size_floor""]",2026-09-02 20:49:14,deterministic,,sk-5d396ec5
145e0e7b0a2cc8a5,8,routine,Routine: $11.1M small-business set-aside; a set-aside awardee is by statute not a large listed company. Filtered deterministically; no model call.,"[""prefilter:small_business_setaside"", ""unlisted_contractor"", ""below_size_floor""]",2026-09-02 20:49:14,deterministic,,sk-5d396ec5
06275c90f13dfaa8,7,routine,Routine: $10.9M small-business set-aside; a set-aside awardee is by statute not a large listed company. Filtered deterministically; no model call.,"[""prefilter:small_business_setaside"", ""unlisted_contractor"", ""below_size_floor""]",2026-09-02 20:49:14,deterministic,,sk-5d396ec5
8546a101bb77eeb2,7,routine,Routine: $10.8M small-business set-aside; a set-aside awardee is by statute not a large listed company. Filtered deterministically; no model call.,"[""prefilter:small_business_setaside"", ""unlisted_contractor"", ""below_size_floor""]",2026-09-02 20:49:14,deterministic,,sk-5d396ec5
20c8a67495825548,14,routine,Routine: $10.7M is below the $25.0M floor and the contractor maps to no listed company. Filtered deterministically; no model call.,"[""prefilter:sub_floor_unlisted"", ""unlisted_contractor"", ""below_size_floor""]",2026-09-02 20:49:14,deterministic,,sk-5d396ec5
bdc144f6575f6a73,14,routine,Routine: $10.6M is below the $25.0M floor and the contractor maps to no listed company. Filtered deterministically; no model call.,"[""prefilter:sub_floor_unlisted"", ""unlisted_contractor"", ""below_size_floor""]",2026-09-02 20:49:14,deterministic,,sk-5d396ec5
951034635e404bfd,14,routine,Routine: $10.6M is below the $25.0M floor and the contractor maps to no listed company. Filtered deterministically; no model call.,"[""prefilter:sub_floor_unlisted"", ""unlisted_contractor"", ""below_size_floor""]",2026-09-02 20:49:14,deterministic,,sk-5d396ec5
62a9cd8622c5e18f,7,routine,Routine: $10.4M small-business set-aside; a set-aside awardee is by statute not a large listed company. Filtered deterministically; no model call.,"[""prefilter:small_business_setaside"", ""unlisted_contractor"", ""below_size_floor""]",2026-09-02 20:49:14,deterministic,,sk-5d396ec5
b0b3631a46b04f16,7,routine,Routine: $10.4M small-business set-aside; a set-aside awardee is by statute not a large listed company. Filtered deterministically; no model call.,"[""prefilter:small_business_setaside"", ""unlisted_contractor"", ""below_size_floor""]",2026-09-02 20:49:14,deterministic,,sk-5d396ec5
c6fa204f523807ab,14,routine,Routine: $10.3M is below the $25.0M floor and the contractor maps to no listed company. Filtered deterministically; no model call.,"[""prefilter:sub_floor_unlisted"", ""unlisted_contractor"", ""below_size_floor""]",2026-09-02 20:49:14,deterministic,,sk-5d396ec5
28835c67b8f4a030,14,routine,Routine: $10.3M is below the $25.0M floor and the contractor maps to no listed company. Filtered deterministically; no model call.,"[""prefilter:sub_floor_unlisted"", ""unlisted_contractor"", ""below_size_floor""]",2026-09-02 20:49:14,deterministic,,sk-5d396ec5
df993c5e7082b62d,14,routine,Routine: $10.3M is below the $25.0M floor and the contractor maps to no listed company. Filtered deterministically; no model call.,"[""prefilter:sub_floor_unlisted"", ""unlisted_contractor"", ""below_size_floor""]",2026-09-02 20:49:14,deterministic,,sk-5d396ec5
566e27ddfcec0d83,14,routine,Routine: $10.3M is below the $25.0M floor and the contractor maps to no listed company. Filtered deterministically; no model call.,"[""prefilter:sub_floor_unlisted"", ""unlisted_contractor"", ""below_size_floor""]",2026-09-02 20:49:14,deterministic,,sk-5d396ec5
d85b6ea347a3a8dc,14,routine,Routine: $10.3M is below the $25.0M floor and the contractor maps to no listed company. Filtered deterministically; no model call.,"[""prefilter:sub_floor_unlisted"", ""unlisted_contractor"", ""below_size_floor""]",2026-09-02 20:49:14,deterministic,,sk-5d396ec5
b099571399051625,14,routine,Routine: $10.2M is below the $25.0M floor and the contractor maps to no listed company. Filtered deterministically; no model call.,"[""prefilter:sub_floor_unlisted"", ""unlisted_contractor"", ""below_size_floor""]",2026-09-02 20:49:14,deterministic,,sk-5d396ec5
8098f0fe3781bce8,14,routine,Routine: $10.2M is below the $25.0M floor and the contractor maps to no listed company. Filtered deterministically; no model call.,"[""prefilter:sub_floor_unlisted"", ""unlisted_contractor"", ""below_size_floor""]",2026-09-02 20:49:14,deterministic,,sk-5d396ec5
dc89508f7c606b14,7,routine,Routine: $10.2M small-business set-aside; a set-aside awardee is by statute not a large listed company. Filtered deterministically; no model call.,"[""prefilter:small_business_setaside"", ""unlisted_contractor"", ""below_size_floor""]",2026-09-02 20:49:14,deterministic,,sk-5d396ec5
2ec37996694d98bc,7,routine,Routine: $10.2M small-business set-aside; a set-aside awardee is by statute not a large listed company. Filtered deterministically; no model call.,"[""prefilter:small_business_setaside"", ""unlisted_contractor"", ""below_size_floor""]",2026-09-02 20:49:14,deterministic,,sk-5d396ec5
c56ea0f7816dfa49,14,routine,Routine: $10.1M is below the $25.0M floor and the contractor maps to no listed company. Filtered deterministically; no model call.,"[""prefilter:sub_floor_unlisted"", ""unlisted_contractor"", ""below_size_floor""]",2026-09-02 20:49:14,deterministic,,sk-5d396ec5
efdf4d2cc8cb1431,14,routine,Routine: $10.1M is below the $25.0M floor and the contractor maps to no listed company. Filtered deterministically; no model call.,"[""prefilter:sub_floor_unlisted"", ""unlisted_contractor"", ""below_size_floor""]",2026-09-02 20:49:14,deterministic,,sk-5d396ec5
02adcf8dbca478e1,14,routine,Routine: $10.0M is below the $25.0M floor and the contractor maps to no listed company. Filtered deterministically; no model call.,"[""prefilter:sub_floor_unlisted"", ""unlisted_contractor"", ""below_size_floor""]",2026-09-02 20:49:14,deterministic,,sk-5d396ec5
5f2ddc052ccf3a81,14,routine,Routine: $10.0M is below the $25.0M floor and the contractor maps to no listed company. Filtered deterministically; no model call.,"[""prefilter:sub_floor_unlisted"", ""unlisted_contractor"", ""below_size_floor""]",2026-09-02 20:49:14,deterministic,,sk-5d396ec5
8311137f240b640b,7,routine,Routine: $10.0M small-business set-aside; a set-aside awardee is by statute not a large listed company. Filtered deterministically; no model call.,"[""prefilter:small_business_setaside"", ""unlisted_contractor"", ""below_size_floor""]",2026-09-02 20:49:14,deterministic,,sk-5d396ec5
94255d76a3628c3e,7,routine,Routine: $10.0M small-business set-aside; a set-aside awardee is by statute not a large listed company. Filtered deterministically; no model call.,"[""prefilter:small_business_setaside"", ""unlisted_contractor"", ""below_size_floor""]",2026-09-02 20:49:14,deterministic,,sk-5d396ec5
b76fb3b0480d3629,7,routine,Routine: $10.0M small-business set-aside; a set-aside awardee is by statute not a large listed company. Filtered deterministically; no model call.,"[""prefilter:small_business_setaside"", ""unlisted_contractor"", ""below_size_floor""]",2026-09-02 20:49:14,deterministic,,sk-5d396ec5
c8b704be4f6a457c,14,routine,Routine: $10.0M is below the $25.0M floor and the contractor maps to no listed company. Filtered deterministically; no model call.,"[""prefilter:sub_floor_unlisted"", ""unlisted_contractor"", ""below_size_floor""]",2026-09-02 20:49:14,deterministic,,sk-5d396ec5
d463cda05e00ad55,7,routine,Routine: $10.0M small-business set-aside; a set-aside awardee is by statute not a large listed company. Filtered deterministically; no model call.,"[""prefilter:small_business_setaside"", ""unlisted_contractor"", ""below_size_floor""]",2026-09-02 20:49:14,deterministic,,sk-5d396ec5
7e961722852200f2,14,routine,Routine: $10.0M is below the $25.0M floor and the contractor maps to no listed company. Filtered deterministically; no model call.,"[""prefilter:sub_floor_unlisted"", ""unlisted_contractor"", ""below_size_floor""]",2026-09-02 20:49:14,deterministic,,sk-5d396ec5
e728aa33400bc81c,7,routine,Routine: $10.0M small-business set-aside; a set-aside awardee is by statute not a large listed company. Filtered deterministically; no model call.,"[""prefilter:small_business_setaside"", ""unlisted_contractor"", ""below_size_floor""]",2026-09-02 20:49:14,deterministic,,sk-5d396ec5
72379657ef596947,14,routine,Routine: $10.0M is below the $25.0M floor and the contractor maps to no listed company. Filtered deterministically; no model call.,"[""prefilter:sub_floor_unlisted"", ""unlisted_contractor"", ""below_size_floor""]",2026-09-02 20:49:14,deterministic,,sk-5d396ec5
4d137dd9a78bf46a,13,routine,Routine: $9.9M is below the $25.0M floor and the contractor maps to no listed company. Filtered deterministically; no model call.,"[""prefilter:sub_floor_unlisted"", ""unlisted_contractor"", ""below_size_floor""]",2026-09-02 20:49:14,deterministic,,sk-5d396ec5
2ffeebdf5729661d,13,routine,Routine: $9.9M is below the $25.0M floor and the contractor maps to no listed company. Filtered deterministically; no model call.,"[""prefilter:sub_floor_unlisted"", ""unlisted_contractor"", ""below_size_floor""]",2026-09-02 20:49:14,deterministic,,sk-5d396ec5
3a3ca14758435e65,7,routine,Routine: $9.9M small-business set-aside; a set-aside awardee is by statute not a large listed company. Filtered deterministically; no model call.,"[""prefilter:small_business_setaside"", ""unlisted_contractor"", ""below_size_floor""]",2026-09-02 20:49:14,deterministic,,sk-5d396ec5
421c367a9d9f05f4,7,routine,Routine: $9.9M small-business set-aside; a set-aside awardee is by statute not a large listed company. Filtered deterministically; no model call.,"[""prefilter:small_business_setaside"", ""unlisted_contractor"", ""below_size_floor""]",2026-09-02 20:49:14,deterministic,,sk-5d396ec5
5213c3ec4c3f4773,7,routine,Routine: $9.9M small-business set-aside; a set-aside awardee is by statute not a large listed company. Filtered deterministically; no model call.,"[""prefilter:small_business_setaside"", ""unlisted_contractor"", ""below_size_floor""]",2026-09-02 20:49:14,deterministic,,sk-5d396ec5
53c460cadb0301b1,7,routine,Routine: $9.9M small-business set-aside; a set-aside awardee is by statute not a large listed company. Filtered deterministically; no model call.,"[""prefilter:small_business_setaside"", ""unlisted_contractor"", ""below_size_floor""]",2026-09-02 20:49:14,deterministic,,sk-5d396ec5
8fd49cb97b6b0553,7,routine,Routine: $9.9M small-business set-aside; a set-aside awardee is by statute not a large listed company. Filtered deterministically; no model call.,"[""prefilter:small_business_setaside"", ""unlisted_contractor"", ""below_size_floor""]",2026-09-02 20:49:14,deterministic,,sk-5d396ec5
a2d5fc71b4a5c97c,7,routine,Routine: $9.9M small-business set-aside; a set-aside awardee is by statute not a large listed company. Filtered deterministically; no model call.,"[""prefilter:small_business_setaside"", ""unlisted_contractor"", ""below_size_floor""]",2026-09-02 20:49:14,deterministic,,sk-5d396ec5
aa8821f2e135482b,7,routine,Routine: $9.9M small-business set-aside; a set-aside awardee is by statute not a large listed company. Filtered deterministically; no model call.,"[""prefilter:small_business_setaside"", ""unlisted_contractor"", ""below_size_floor""]",2026-09-02 20:49:14,deterministic,,sk-5d396ec5
bd6142ac83f84fa5,7,routine,Routine: $9.9M small-business set-aside; a set-aside awardee is by statute not a large listed company. Filtered deterministically; no model call.,"[""prefilter:small_business_setaside"", ""unlisted_contractor"", ""below_size_floor""]",2026-09-02 20:49:14,deterministic,,sk-5d396ec5
be472177de3f168b,7,routine,Routine: $9.9M small-business set-aside; a set-aside awardee is by statute not a large listed company. Filtered deterministically; no model call.,"[""prefilter:small_business_setaside"", ""unlisted_contractor"", ""below_size_floor""]",2026-09-02 20:49:14,deterministic,,sk-5d396ec5
c5305f3cad96bc76,7,routine,Routine: $9.9M small-business set-aside; a set-aside awardee is by statute not a large listed company. Filtered deterministically; no model call.,"[""prefilter:small_business_setaside"", ""unlisted_contractor"", ""below_size_floor""]",2026-09-02 20:49:14,deterministic,,sk-5d396ec5
c798aaac4e35f8a5,7,routine,Routine: $9.9M small-business set-aside; a set-aside awardee is by statute not a large listed company. Filtered deterministically; no model call.,"[""prefilter:small_business_setaside"", ""unlisted_contractor"", ""below_size_floor""]",2026-09-02 20:49:14,deterministic,,sk-5d396ec5
de68ff380e0e8d18,7,routine,Routine: $9.9M small-business set-aside; a set-aside awardee is by statute not a large listed company. Filtered deterministically; no model call.,"[""prefilter:small_business_setaside"", ""unlisted_contractor"", ""below_size_floor""]",2026-09-02 20:49:14,deterministic,,sk-5d396ec5
de88aac040ee99e3,7,routine,Routine: $9.9M small-business set-aside; a set-aside awardee is by statute not a large listed company. Filtered deterministically; no model call.,"[""prefilter:small_business_setaside"", ""unlisted_contractor"", ""below_size_floor""]",2026-09-02 20:49:14,deterministic,,sk-5d396ec5
e87167f0d7725b99,7,routine,Routine: $9.9M small-business set-aside; a set-aside awardee is by statute not a large listed company. Filtered deterministically; no model call.,"[""prefilter:small_business_setaside"", ""unlisted_contractor"", ""below_size_floor""]",2026-09-02 20:49:14,deterministic,,sk-5d396ec5
fe58c09cbe3da9d6,7,routine,Routine: $9.9M small-business set-aside; a set-aside awardee is by statute not a large listed company. Filtered deterministically; no model call.,"[""prefilter:small_business_setaside"", ""unlisted_contractor"", ""below_size_floor""]",2026-09-02 20:49:14,deterministic,,sk-5d396ec5
3a3d0e4d52becdaf,7,routine,Routine: $9.9M small-business set-aside; a set-aside awardee is by statute not a large listed company. Filtered deterministically; no model call.,"[""prefilter:small_business_setaside"", ""unlisted_contractor"", ""below_size_floor""]",2026-09-02 20:49:14,deterministic,,sk-5d396ec5
7ae254d415530cf8,7,routine,Routine: $9.9M small-business set-aside; a set-aside awardee is by statute not a large listed company. Filtered deterministically; no model call.,"[""prefilter:small_business_setaside"", ""unlisted_contractor"", ""below_size_floor""]",2026-09-02 20:49:14,deterministic,,sk-5d396ec5
c3931a5cec03e281,7,routine,Routine: $9.9M small-business set-aside; a set-aside awardee is by statute not a large listed company. Filtered deterministically; no model call.,"[""prefilter:small_business_setaside"", ""unlisted_contractor"", ""below_size_floor""]",2026-09-02 20:49:14,deterministic,,sk-5d396ec5
393630a1272051d8,13,routine,Routine: $9.8M is below the $25.0M floor and the contractor maps to no listed company. Filtered deterministically; no model call.,"[""prefilter:sub_floor_unlisted"", ""unlisted_contractor"", ""below_size_floor""]",2026-09-02 20:49:14,deterministic,,sk-5d396ec5
6063ce95f42ac78a,7,routine,Routine: $9.8M small-business set-aside; a set-aside awardee is by statute not a large listed company. Filtered deterministically; no model call.,"[""prefilter:small_business_setaside"", ""unlisted_contractor"", ""below_size_floor""]",2026-09-02 20:49:14,deterministic,,sk-5d396ec5
02c38a3b298cc828,13,routine,Routine: $9.8M is below the $25.0M floor and the contractor maps to no listed company. Filtered deterministically; no model call.,"[""prefilter:sub_floor_unlisted"", ""unlisted_contractor"", ""below_size_floor""]",2026-09-02 20:49:14,deterministic,,sk-5d396ec5
811b599172e4b8eb,13,routine,Routine: $9.7M is below the $25.0M floor and the contractor maps to no listed company. Filtered deterministically; no model call.,"[""prefilter:sub_floor_unlisted"", ""unlisted_contractor"", ""below_size_floor""]",2026-09-02 20:49:14,deterministic,,sk-5d396ec5
c7b0773a330f7df0,7,routine,Routine: $9.6M small-business set-aside; a set-aside awardee is by statute not a large listed company. Filtered deterministically; no model call.,"[""prefilter:small_business_setaside"", ""unlisted_contractor"", ""below_size_floor""]",2026-09-02 20:49:14,deterministic,,sk-5d396ec5
4dce136c0eafc30e,7,routine,Routine: $9.6M small-business set-aside; a set-aside awardee is by statute not a large listed company. Filtered deterministically; no model call.,"[""prefilter:small_business_setaside"", ""unlisted_contractor"", ""below_size_floor""]",2026-09-02 20:49:14,deterministic,,sk-5d396ec5
78c2a8342e2ffdcc,13,routine,Routine: $9.6M is below the $25.0M floor and the contractor maps to no listed company. Filtered deterministically; no model call.,"[""prefilter:sub_floor_unlisted"", ""unlisted_contractor"", ""below_size_floor""]",2026-09-02 20:49:14,deterministic,,sk-5d396ec5
8c04368c0fe58e54,13,routine,Routine: $9.5M is below the $25.0M floor and the contractor maps to no listed company. Filtered deterministically; no model call.,"[""prefilter:sub_floor_unlisted"", ""unlisted_contractor"", ""below_size_floor""]",2026-09-02 20:49:14,deterministic,,sk-5d396ec5
a74bfc18d9f023ff,13,routine,Routine: $9.5M is below the $25.0M floor and the contractor maps to no listed company. Filtered deterministically; no model call.,"[""prefilter:sub_floor_unlisted"", ""unlisted_contractor"", ""below_size_floor""]",2026-09-02 20:49:14,deterministic,,sk-5d396ec5
4dfc4c32e43f1fff,13,routine,Routine: $9.5M is below the $25.0M floor and the contractor maps to no listed company. Filtered deterministically; no model call.,"[""prefilter:sub_floor_unlisted"", ""unlisted_contractor"", ""below_size_floor""]",2026-09-02 20:49:14,deterministic,,sk-5d396ec5
c098e3b1b6fc3dc0,6,routine,Routine: $9.5M small-business set-aside; a set-aside awardee is by statute not a large listed company. Filtered deterministically; no model call.,"[""prefilter:small_business_setaside"", ""unlisted_contractor"", ""below_size_floor""]",2026-09-02 20:49:14,deterministic,,sk-5d396ec5
0c13998e593f4c4b,13,routine,Routine: $9.4M is below the $25.0M floor and the contractor maps to no listed company. Filtered deterministically; no model call.,"[""prefilter:sub_floor_unlisted"", ""unlisted_contractor"", ""below_size_floor""]",2026-09-02 20:49:14,deterministic,,sk-5d396ec5
5e0b73b5ec2b45ff,13,routine,Routine: $9.4M is below the $25.0M floor and the contractor maps to no listed company. Filtered deterministically; no model call.,"[""prefilter:sub_floor_unlisted"", ""unlisted_contractor"", ""below_size_floor""]",2026-09-02 20:49:14,deterministic,,sk-5d396ec5
32d4202aa8ed7fa9,6,routine,Routine: $9.3M small-business set-aside; a set-aside awardee is by statute not a large listed company. Filtered deterministically; no model call.,"[""prefilter:small_business_setaside"", ""unlisted_contractor"", ""below_size_floor""]",2026-09-02 20:49:14,deterministic,,sk-5d396ec5
f7a638c301870657,13,routine,Routine: $9.3M is below the $25.0M floor and the contractor maps to no listed company. Filtered deterministically; no model call.,"[""prefilter:sub_floor_unlisted"", ""unlisted_contractor"", ""below_size_floor""]",2026-09-02 20:49:14,deterministic,,sk-5d396ec5
32adf6b7dd084741,6,routine,Routine: $9.3M small-business set-aside; a set-aside awardee is by statute not a large listed company. Filtered deterministically; no model call.,"[""prefilter:small_business_setaside"", ""unlisted_contractor"", ""below_size_floor""]",2026-09-02 20:49:14,deterministic,,sk-5d396ec5
674588e9e450be9e,6,routine,Routine: $9.2M small-business set-aside; a set-aside awardee is by statute not a large listed company. Filtered deterministically; no model call.,"[""prefilter:small_business_setaside"", ""unlisted_contractor"", ""below_size_floor""]",2026-09-02 20:49:14,deterministic,,sk-5d396ec5
5c2436792df8d0b9,13,routine,Routine: $9.2M is below the $25.0M floor and the contractor maps to no listed company. Filtered deterministically; no model call.,"[""prefilter:sub_floor_unlisted"", ""unlisted_contractor"", ""below_size_floor""]",2026-09-02 20:49:14,deterministic,,sk-5d396ec5
7db95a581a85f3d5,13,routine,Routine: $9.2M is below the $25.0M floor and the contractor maps to no listed company. Filtered deterministically; no model call.,"[""prefilter:sub_floor_unlisted"", ""unlisted_contractor"", ""below_size_floor""]",2026-09-02 20:49:14,deterministic,,sk-5d396ec5
0a11f2fcb63bf077,6,routine,Routine: $9.1M small-business set-aside; a set-aside awardee is by statute not a large listed company. Filtered deterministically; no model call.,"[""prefilter:small_business_setaside"", ""unlisted_contractor"", ""below_size_floor""]",2026-09-02 20:49:14,deterministic,,sk-5d396ec5
b442f50a48d14a0d,6,routine,Routine: $9.1M small-business set-aside; a set-aside awardee is by statute not a large listed company. Filtered deterministically; no model call.,"[""prefilter:small_business_setaside"", ""unlisted_contractor"", ""below_size_floor""]",2026-09-02 20:49:14,deterministic,,sk-5d396ec5
9bd6faafec87f557,12,routine,Routine: $9.0M is below the $25.0M floor and the contractor maps to no listed company. Filtered deterministically; no model call.,"[""prefilter:sub_floor_unlisted"", ""unlisted_contractor"", ""below_size_floor""]",2026-09-02 20:49:14,deterministic,,sk-5d396ec5
27843c282dedf4a7,12,routine,Routine: $9.0M is below the $25.0M floor and the contractor maps to no listed company. Filtered deterministically; no model call.,"[""prefilter:sub_floor_unlisted"", ""unlisted_contractor"", ""below_size_floor""]",2026-09-02 20:49:14,deterministic,,sk-5d396ec5
a6a079da6d697d40,12,routine,Routine: $9.0M is below the $25.0M floor and the contractor maps to no listed company. Filtered deterministically; no model call.,"[""prefilter:sub_floor_unlisted"", ""unlisted_contractor"", ""below_size_floor""]",2026-09-02 20:49:14,deterministic,,sk-5d396ec5
aa7d2a67caae1a04,12,routine,Routine: $9.0M is below the $25.0M floor and the contractor maps to no listed company. Filtered deterministically; no model call.,"[""prefilter:sub_floor_unlisted"", ""unlisted_contractor"", ""below_size_floor""]",2026-09-02 20:49:14,deterministic,,sk-5d396ec5
c9cad8b55142d677,12,routine,Routine: $9.0M is below the $25.0M floor and the contractor maps to no listed company. Filtered deterministically; no model call.,"[""prefilter:sub_floor_unlisted"", ""unlisted_contractor"", ""below_size_floor""]",2026-09-02 20:49:14,deterministic,,sk-5d396ec5
c3b028304385f120,1,routine,"Routine: $665,000 is below the $25.0M floor and the contractor maps to no listed company. Filtered deterministically; no model call.","[""prefilter:sub_floor_unlisted"", ""unlisted_contractor"", ""below_size_floor""]",2026-09-02 20:49:14,deterministic,,sk-5d396ec5
4d193d2a61298230,1,routine,"Routine: $5,000 small-business set-aside; a set-aside awardee is by statute not a large listed company. Filtered deterministically; no model call.","[""prefilter:small_business_setaside"", ""unlisted_contractor"", ""below_size_floor""]",2026-09-02 20:49:14,deterministic,,sk-5d396ec5
0097054682641f95,18,routine,"G&S Test Solutions is an unlisted firm competing in a shared $300M Air Force repair services pool with 25 bidders; realistic share per competitor is ~$12M, immaterial to any listed investor.","[""ceiling_not_revenue"", ""multi_award_shared"", ""unlisted_awardee""]",2026-09-02 20:49:14,claude-haiku-4-5,7c44a11542980b0faf53e4ab5e885b5600bb142fade1e925609e039d4af7b0f4,sk-5d396ec5
00b47f02363e0de1,52,notable,"Allison Transmission (ALSN) wins sole-source production for Abrams tank transmissions with a $67.5M new award, though the $345.2M cumulative face value suggests it already holds this work, making this a sustainment order rather than a program win.","[""incumbent_retained"", ""sustainment"", ""single_bid""]",2026-09-02 20:49:14,claude-haiku-4-5,7c44a11542980b0faf53e4ab5e885b5600bb142fade1e925609e039d4af7b0f4,sk-5d396ec5
012f8fe22f1aa393,20,routine,Maccaferri is an unlisted firm in a shared $200M DLA barrier systems pool with 11 competitors; realistic share is ~$18M and no listed competitor is identifiable from the description.,"[""ceiling_not_revenue"", ""multi_award_shared"", ""unlisted_awardee""]",2026-09-02 20:49:14,claude-haiku-4-5,7c44a11542980b0faf53e4ab5e885b5600bb142fade1e925609e039d4af7b0f4,sk-5d396ec5
014f67e639ce4a96,15,routine,ASRC Federal is a small-business unlisted firm winning a $90M facilities maintenance IDIQ ceiling with no booked revenue; the work is routine DLA sustainment with no read-through to a listed prime.,"[""ceiling_not_revenue"", ""small_business"", ""sustainment""]",2026-09-02 20:49:14,claude-haiku-4-5,7c44a11542980b0faf53e4ab5e885b5600bb142fade1e925609e039d4af7b0f4,sk-5d396ec5
020acf4111cfdf69,68,notable,"Raytheon (RTX) wins a $309.5M firm-fixed-price contract for ground-based radar digitization modernization against 8 bidders, signaling a real program win on a visible modernization initiative, though RTX's $70B+ annual revenue makes this material but not transformational.","[""new_program_signal"", ""competitive_win"", ""mid_tier_size""]",2026-09-02 20:49:14,claude-haiku-4-5,7c44a11542980b0faf53e4ab5e885b5600bb142fade1e925609e039d4af7b0f4,sk-5d396ec5
02f8f2866e6949a8,28,routine,"Sigmatech is an unlisted firm winning $108.9M in systems engineering support to the Air Force with 4 bids; the work is staff augmentation for a government office, not a program of record, and the company is not tracked by equity investors.","[""unlisted_awardee"", ""sustainment"", ""staff_augmentation""]",2026-09-02 20:49:14,claude-haiku-4-5,7c44a11542980b0faf53e4ab5e885b5600bb142fade1e925609e039d4af7b0f4,sk-5d396ec5
02fb2bc794163ce4,18,routine,"Telecommunication Support Services is an unlisted firm in the same shared $300M Air Force repair services pool as award #1 with 25 competitors; realistic per-competitor share is ~$12M.","[""ceiling_not_revenue"", ""multi_award_shared"", ""unlisted_awardee""]",2026-09-02 20:49:14,claude-haiku-4-5,7c44a11542980b0faf53e4ab5e885b5600bb142fade1e925609e039d4af7b0f4,sk-5d396ec5
0344dd677a8991c7,32,routine,"Walsh Federal is a small-business firm competing in a shared $8B Navy construction IDIQ ceiling with 15 bidders; realistic share is ~$533M but as a ceiling distributed over 8 years, and the award is unlisted with no read-through to a named prime.","[""ceiling_not_revenue"", ""multi_award_shared"", ""small_business"", ""infrastructure""]",2026-09-02 20:49:14,claude-haiku-4-5,7c44a11542980b0faf53e4ab5e885b5600bb142fade1e925609e039d4af7b0f4,sk-5d396ec5
038fa94fccb0845b,22,routine,"Coherent Technical is an unlisted firm competing in a shared $920M Air Force aerospace equipment IDIQ ceiling with 66 bidders; realistic per-competitor share is ~$14M, immaterial to any listed investor.","[""ceiling_not_revenue"", ""multi_award_shared"", ""wide_competition""]",2026-09-02 20:49:14,claude-haiku-4-5,7c44a11542980b0faf53e4ab5e885b5600bb142fade1e925609e039d4af7b0f4,sk-5d396ec5
0403f4150e81318b,20,routine,"American Engineering Corp. is an unlisted firm competing in a shared $1.0B Navy construction IDIQ ceiling in Okinawa with 14 bidders; realistic per-competitor share is ~$71M over 8 years, with no listed read-through identified.","[""ceiling_not_revenue"", ""multi_award_shared"", ""infrastructure""]",2026-09-02 20:49:14,claude-haiku-4-5,7c44a11542980b0faf53e4ab5e885b5600bb142fade1e925609e039d4af7b0f4,sk-5d396ec5
042a470d5ec36b9c,25,routine,"Lockheed Martin (LMT) wins a $49M cost-plus sustainment contract for Target Sight System interim support as sole bidder, a routine sole-source follow-on to existing work on a $67.17B portfolio of awards; immaterial relative to LMT's $70B+ revenue.","[""sole_source"", ""sustainment"", ""size_vs_revenue""]",2026-09-02 20:49:14,claude-haiku-4-5,7c44a11542980b0faf53e4ab5e885b5600bb142fade1e925609e039d4af7b0f4,sk-5d396ec5
047876944b585312,24,routine,DRS Network & Imaging Systems is an unlisted firm winning $55.7M of engineering services for the Improved Bradley Acquisition Subsystem on a single-bid solicitation; staff support to an existing program is routine.,"[""unlisted_awardee"", ""sole_source"", ""sustainment""]",2026-09-02 20:49:14,claude-haiku-4-5,7c44a11542980b0faf53e4ab5e885b5600bb142fade1e925609e039d4af7b0f4,sk-5d396ec5
04ddfccd0bd9cca1,16,routine,"H.V. Collins is a small-business firm competing in a shared $90M Army design-build IDIQ ceiling with 9 bidders; realistic per-competitor share is ~$10M, and the work is routine construction services with no listed competitor identified.","[""ceiling_not_revenue"", ""multi_award_shared"", ""small_business""]",2026-09-02 20:49:14,claude-haiku-4-5,7c44a11542980b0faf53e4ab5e885b5600bb142fade1e925609e039d4af7b0f4,sk-5d396ec5
05a18e67717831ce,52,notable,"SciTec (private, but a fast-growing sensor/algorithm house often paired with listed primes) taking a competitively bid $93.7M ground-radar digitization architecture is a read-through risk to radar incumbents LMT, RTX and NOC on future upgrade share.","[""share_shift"", ""new_program"", ""read_through_to_prime""]",2026-09-02 20:49:24,claude-opus-5,1196cfd4eb4e0637b48a3e0ea910a806217d299bcf71589574f4850995f45f4d,sk-5d396ec5
05bc36c86b19b0e6,78,alert,"Space Exploration Technologies (SpaceX, unlisted) increases its National Security Space Launch Phase 3 Lane One ceiling by $11.4B with a modification (P00008) to a $17.0B cumulative contract, signaling rapid government dependency on SpaceX's capabilities and an expansion that would be material to any listed aerospace prime competitor like LMT, RTX, or NOC if they hold competing lanes.","[""modification_expands_program"", ""national_security_priority"", ""read_through_to_primes""]",2026-09-02 20:49:14,claude-haiku-4-5,7c44a11542980b0faf53e4ab5e885b5600bb142fade1e925609e039d4af7b0f4,sk-5d396ec5
0662a0c3815c29df,45,notable,"Marine Hydraulics International wins $119.4M for USS San Antonio maintenance and modernization against 4 bidders; this is real incremental sustainment revenue for a named Navy vessel on a specific fiscal-year execution, though the unlisted awardee and single-ship scope limit the investor relevance.","[""sustainment_expansion"", ""named_platform"", ""competitive_win""]",2026-09-02 20:49:14,claude-haiku-4-5,7c44a11542980b0faf53e4ab5e885b5600bb142fade1e925609e039d4af7b0f4,sk-5d396ec5
0679b856ce9500c9,42,notable,"Fincantieri (FCT) wins a $49.5M contract for ship service diesel generator support to Military Sealift Command expeditionary fast transport vessels, signaling continued Navy confidence in the vendor and a baseline for future fleet support contracts, though the ceiling structure and unlisted status limit materiality.","[""platform_support"", ""fleet_sustainment"", ""baseline_contract""]",2026-09-02 20:49:14,claude-haiku-4-5,7c44a11542980b0faf53e4ab5e885b5600bb142fade1e925609e039d4af7b0f4,sk-5d396ec5
06b67d8db38970b1,28,routine,American Roll-On Roll-Off Carrier is an unlisted firm in a shared $800M Navy/transportation IDIQ ceiling modification with an existing $2.33B cumulative value; the increment is routine sustainment of ocean cargo transport services under the Universal Services Contract with no listed competitor read-through identified.,"[""ceiling_not_revenue"", ""multi_award_shared"", ""sustainment"", ""logistics""]",2026-09-02 20:49:14,claude-haiku-4-5,7c44a11542980b0faf53e4ab5e885b5600bb142fade1e925609e039d4af7b0f4,sk-5d396ec5
06ef25cce6e0e467,15,routine,Shared multi-award IDIQ ceiling for environmental remediation; this awardee's realistic share of $249M is immaterial against the pool and $24 other competitors.,"[""ceiling_not_revenue"", ""multi_award_pool"", ""small_share""]",2026-09-02 20:49:14,claude-haiku-4-5,3ff202baa7a91612bf5036fd5d5b7682e3941acb72e7747aaeab3d7614ad3829,sk-5d396ec5
07655799a4fac79c,22,routine,"RTX receives a $9.7M IDIQ ceiling for radar gimbal support, negligible against $1.98B of other RTX awards in the window and the company's $70B+ revenue.","[""ceiling_not_revenue"", ""size_vs_revenue""]",2026-09-02 20:49:14,claude-haiku-4-5,3ff202baa7a91612bf5036fd5d5b7682e3941acb72e7747aaeab3d7614ad3829,sk-5d396ec5
077ad70cbd0146a9,18,routine,Shared multi-award IDIQ ceiling for Navy operational exercise services split across 50 awardees; this contractor's realistic share of $278M pool is immaterial.,"[""ceiling_not_revenue"", ""multi_award_pool"", ""small_share""]",2026-09-02 20:49:14,claude-haiku-4-5,3ff202baa7a91612bf5036fd5d5b7682e3941acb72e7747aaeab3d7614ad3829,sk-5d396ec5
082da8277ab16cce,25,routine,Shared multi-award dredging IDIQ ceiling; Manson's realistic share of $95M against 4 competitors is modest for a $970M window incumbency.,"[""ceiling_not_revenue"", ""multi_award_pool"", ""incumbent_retained""]",2026-09-02 20:49:14,claude-haiku-4-5,3ff202baa7a91612bf5036fd5d5b7682e3941acb72e7747aaeab3d7614ad3829,sk-5d396ec5
08498a20684517a3,67,notable,"NOC modification adds $215.9M to Deep Space Advanced Radar Capability Site 2, a space-domain program of record; $215.9M is material to a $2.64B window position but not transformational for Northrop Grumman.","[""modification"", ""program_of_record"", ""space""]",2026-09-02 20:49:14,claude-haiku-4-5,3ff202baa7a91612bf5036fd5d5b7682e3941acb72e7747aaeab3d7614ad3829,sk-5d396ec5
0866798163647ab0,68,notable,"BAE Systems option exercise adds $169.2M for MK 41 VLS production across four countries under FMS; real revenue with ally-dependent delivery risk, meaningful but not game-moving for a $100B+ prime.","[""option_exercise"", ""fms"", ""multi_country""]",2026-09-02 20:49:14,claude-haiku-4-5,3ff202baa7a91612bf5036fd5d5b7682e3941acb72e7747aaeab3d7614ad3829,sk-5d396ec5
09795ae3aa9e1997,32,routine,"GD modification of $43.9M for MK 41 in-service support is sustainment-level scope on a mature program, immaterial to General Dynamics' $60B+ revenue.","[""modification"", ""sustainment""]",2026-09-02 20:49:14,claude-haiku-4-5,3ff202baa7a91612bf5036fd5d5b7682e3941acb72e7747aaeab3d7614ad3829,sk-5d396ec5
0a00daf135859214,58,notable,"SAIC awarded shared IDIQ ceiling of $278M (pool of 50) for Navy operational exercise design and engineering; ceiling is option not revenue, but SAIC's estimated $5.6M yearly runrate on $352M window backlog confirms a strategic position in federal systems engineering.","[""ceiling_not_revenue"", ""multi_award_pool"", ""read_through_to_prime""]",2026-09-02 20:49:14,claude-haiku-4-5,3ff202baa7a91612bf5036fd5d5b7682e3941acb72e7747aaeab3d7614ad3829,sk-5d396ec5
0a31f4ccc3fcadf8,28,routine,Shared multi-award IDIQ ceiling ($920M across 66 competitors) for next-gen aerospace equipment; per-competitor share is immaterial noise in a decade-long sourcing pool.,"[""ceiling_not_revenue"", ""multi_award_pool"", ""small_share""]",2026-09-02 20:49:14,claude-haiku-4-5,3ff202baa7a91612bf5036fd5d5b7682e3941acb72e7747aaeab3d7614ad3829,sk-5d396ec5
0a4d7f9e3294352a,22,routine,"Shared multi-award IDIQ ceiling for Air Force roofing services; $450M across 40 competitors yields a sub-$12M realistic annual draw, below materiality for any listed firm.","[""ceiling_not_revenue"", ""multi_award_pool"", ""small_share""]",2026-09-02 20:49:14,claude-haiku-4-5,3ff202baa7a91612bf5036fd5d5b7682e3941acb72e7747aaeab3d7614ad3829,sk-5d396ec5
0a849299f8186b04,18,routine,"Boeing receives $11.4M for P-8A autopilot deficiency retrofit development, a minor fix against $136.4B of Boeing naval awards in the window and the company's $180B revenue.","[""size_vs_revenue"", ""sustainment""]",2026-09-02 20:49:14,claude-haiku-4-5,3ff202baa7a91612bf5036fd5d5b7682e3941acb72e7747aaeab3d7614ad3829,sk-5d396ec5
0b6e692084f4f268,35,routine,"Boeing modification of $75M for VC-25B spare parts is low-rate sustainment on a small presidential-aircraft program, immaterial to Boeing's scale.","[""modification"", ""sustainment"", ""size_vs_revenue""]",2026-09-02 20:49:14,claude-haiku-4-5,3ff202baa7a91612bf5036fd5d5b7682e3941acb72e7747aaeab3d7614ad3829,sk-5d396ec5
0beea13512c74612,28,routine,"Sysco modification of $33.2M for food service under an IDIQ ceiling is routine DLA sustainment, immaterial to a $70B+ food distributor.","[""modification"", ""sustainment"", ""ceiling_not_revenue""]",2026-09-02 20:49:14,claude-haiku-4-5,3ff202baa7a91612bf5036fd5d5b7682e3941acb72e7747aaeab3d7614ad3829,sk-5d396ec5
0c550763b24bd8b5,32,routine,"Northrop Grumman R&D contract of $14.8M for algorithm development against 7 bids is small-scale research, immaterial relative to $2.64B window position.","[""size_vs_revenue"", ""research""]",2026-09-02 20:49:14,claude-haiku-4-5,3ff202baa7a91612bf5036fd5d5b7682e3941acb72e7747aaeab3d7614ad3829,sk-5d396ec5
0c7f859707103c88,20,routine,Shared multi-award IDIQ ceiling for Army construction ($193M across 25 small-business competitors) yields per-awardee immaterial share.,"[""ceiling_not_revenue"", ""multi_award_pool"", ""small_business_setaside""]",2026-09-02 20:49:14,claude-haiku-4-5,3ff202baa7a91612bf5036fd5d5b7682e3941acb72e7747aaeab3d7614ad3829,sk-5d396ec5
0c9d94784171817c,24,routine,Shared multi-award IDIQ modification for ocean transportation under USC-10 program ($800M ceiling across unstated pool); realistic per-awardee revenue immaterial against the decade-long sustainment scope.,"[""ceiling_not_revenue"", ""multi_award_pool"", ""modification""]",2026-09-02 20:49:14,claude-haiku-4-5,3ff202baa7a91612bf5036fd5d5b7682e3941acb72e7747aaeab3d7614ad3829,sk-5d396ec5
0c9ffdfe84ecb594,58,notable,"Boeing awarded $121.2M for P-8A Increment Three retrofit engineering and kits; a definitized production order (not ceiling) on a maritime-patrol program of record, material to Boeing's naval backlog.","[""program_of_record"", ""retrofit"", ""non_ceiling""]",2026-09-02 20:49:14,claude-haiku-4-5,3ff202baa7a91612bf5036fd5d5b7682e3941acb72e7747aaeab3d7614ad3829,sk-5d396ec5
0cbb547fb7966a15,22,routine,Shared multi-award IDIQ ceiling for Navy cultural resource services ($70M across 8 competitors) is low-dollar sustainment for facility compliance.,"[""ceiling_not_revenue"", ""multi_award_pool"", ""sustainment""]",2026-09-02 20:49:14,claude-haiku-4-5,3ff202baa7a91612bf5036fd5d5b7682e3941acb72e7747aaeab3d7614ad3829,sk-5d396ec5
0d57564be8445507,28,routine,"C.H. Guernsey receives sole-source IDIQ ceiling of $48.1M for Army utility program support; sole-source signals schedule pressure, but ceiling is option not revenue, and no listed prime is displaced.","[""ceiling_not_revenue"", ""sole_source""]",2026-09-02 20:49:14,claude-haiku-4-5,3ff202baa7a91612bf5036fd5d5b7682e3941acb72e7747aaeab3d7614ad3829,sk-5d396ec5
0d6d8bfe2a6fe5cc,72,alert,"BA receives $636M modification to Apache component repair contract, a program of record expansion that matters to a company generating ~$85B annual revenue but represents meaningful backlog deepening on a core Army platform.","[""modification_expands_program"", ""depot_sustainment"", ""size_vs_revenue""]",2026-09-02 20:49:14,claude-haiku-4-5,c0aae31adbb66e62ebece3dc16afb37f1d694c5207074f01d76542166c74e375,sk-5d396ec5
0dcec259843c9063,28,routine,"Vista Global Solutions receives $300M healthcare services IDIQ ceiling shared among 29 awardees; this is an option pool, not booked revenue, and the awardee is unlisted and noncompetitive on a healthcare admin program.","[""ceiling_not_revenue"", ""multi_award_pool_shared"", ""healthcare_services""]",2026-09-02 20:49:14,claude-haiku-4-5,c0aae31adbb66e62ebece3dc16afb37f1d694c5207074f01d76542166c74e375,sk-5d396ec5
0e739b72392613ed,35,routine,"StandardAero (SARO) exercises option for $62.3M on T56 engine depot repair; routine sustainment of a program already held, modestly sized against a company with ~$800M revenue.","[""option_exercise"", ""sustainment"", ""size_vs_revenue""]",2026-09-02 20:49:14,claude-haiku-4-5,c0aae31adbb66e62ebece3dc16afb37f1d694c5207074f01d76542166c74e375,sk-5d396ec5
0f5a25ac019aefe5,26,routine,"Delphinus Engineering receives $112.8M hull/mechanical services IDIQ ceiling shared among 8 awardees in a competitive naval shipyard pool; ceiling, not revenue, divided by competition.","[""ceiling_not_revenue"", ""multi_award_pool_shared"", ""competitive_pool""]",2026-09-02 20:49:14,claude-haiku-4-5,c0aae31adbb66e62ebece3dc16afb37f1d694c5207074f01d76542166c74e375,sk-5d396ec5
0fba315ecea65b00,23,routine,ADRS LLC receives $249M architectural services IDIQ ceiling as sole bidder (1 offer received); sole-source ceiling on design work is a schedule signal but ADRS is unlisted and work is routine facility planning.,"[""ceiling_not_revenue"", ""sole_source"", ""idiq_design_services""]",2026-09-02 20:49:14,claude-haiku-4-5,c0aae31adbb66e62ebece3dc16afb37f1d694c5207074f01d76542166c74e375,sk-5d396ec5
100b1a9871c8ddfe,26,routine,"La Playa Inc. receives $112.8M hull/mechanical services IDIQ ceiling shared among 8 awardees; identical pool structure to award 4, ceiling divided by competition.","[""ceiling_not_revenue"", ""multi_award_pool_shared"", ""competitive_pool""]",2026-09-02 20:49:14,claude-haiku-4-5,c0aae31adbb66e62ebece3dc16afb37f1d694c5207074f01d76542166c74e375,sk-5d396ec5
1063f59ada24ae27,18,routine,Suntest Systems receives $920M aerospace/ground equipment IDIQ ceiling shared among 66 competitive bidders; headline number masks deep competition and multi-year ceiling for unspecified modernization.,"[""ceiling_not_revenue"", ""multi_award_pool_shared"", ""high_bid_count""]",2026-09-02 20:49:14,claude-haiku-4-5,c0aae31adbb66e62ebece3dc16afb37f1d694c5207074f01d76542166c74e375,sk-5d396ec5
10b07384694b6360,44,notable,"Integrated Procurement Technologies (small business, unlisted) receives $860.7M engine fuel tank supply ceiling sole-source on DLA; large enough to signal supply chain consolidation, but ceiling nature and small-business status limit read-through to OEMs.","[""ceiling_not_revenue"", ""sole_source"", ""supply_chain""]",2026-09-02 20:49:14,claude-haiku-4-5,c0aae31adbb66e62ebece3dc16afb37f1d694c5207074f01d76542166c74e375,sk-5d396ec5
10e108e05bd3e1d9,24,routine,Orbis Sibro receives $148M aircraft carrier readiness services IDIQ ceiling shared among 6 awardees; ceiling divided by competition on routine carrier support.,"[""ceiling_not_revenue"", ""multi_award_pool_shared"", ""sustainment""]",2026-09-02 20:49:14,claude-haiku-4-5,c0aae31adbb66e62ebece3dc16afb37f1d694c5207074f01d76542166c74e375,sk-5d396ec5
11140a53244ef827,27,routine,"KPMG LLP receives $96.7M modification to Marine Corps staff support contract shared in multi-award pool; small increment on consulting services program, unlisted awardee.","[""ceiling_not_revenue"", ""modification"", ""professional_services""]",2026-09-02 20:49:14,claude-haiku-4-5,c0aae31adbb66e62ebece3dc16afb37f1d694c5207074f01d76542166c74e375,sk-5d396ec5
11614e85a433c840,48,notable,"Neros Inc. receives $500M sole-source Archer sUAS IDIQ ceiling (1 of 1 solicited); sole-source and high bid floor suggests new program of record for small attritable drone, but ceiling structure and unlisted awardee limit alert-tier scoring.","[""new_program_of_record"", ""sole_source"", ""ceiling_not_revenue""]",2026-09-02 20:49:14,claude-haiku-4-5,c0aae31adbb66e62ebece3dc16afb37f1d694c5207074f01d76542166c74e375,sk-5d396ec5
119dbabe5399cda0,32,routine,"Tandem Defense receives $90M aerial denial UAS support IDIQ ceiling from 10 bidders; ceiling on sustainment/training work for established platform, unlisted awardee.","[""ceiling_not_revenue"", ""competitive_award"", ""sustainment""]",2026-09-02 20:49:14,claude-haiku-4-5,c0aae31adbb66e62ebece3dc16afb37f1d694c5207074f01d76542166c74e375,sk-5d396ec5
11b6b7a15b7b93c8,30,routine,"Peraton Inc. receives $300M healthcare services IDIQ ceiling shared among 29 awardees, identical pool to award 2; ceiling divided by heavy competition on healthcare admin program, and Peraton's other window wins ($409M) show routine sustainment pattern.","[""ceiling_not_revenue"", ""multi_award_pool_shared"", ""healthcare_services""]",2026-09-02 20:49:14,claude-haiku-4-5,c0aae31adbb66e62ebece3dc16afb37f1d694c5207074f01d76542166c74e375,sk-5d396ec5
12a6fb1c7fe19123,38,routine,"Lockheed Martin (LMT) receives $51.8M modification to submarine imaging system; small increment on established program, cumulative face value $63.4M shows modest total vehicle, immaterial to $165B-revenue parent.","[""modification_sustains_program"", ""size_vs_revenue"", ""naval_systems""]",2026-09-02 20:49:14,claude-haiku-4-5,c0aae31adbb66e62ebece3dc16afb37f1d694c5207074f01d76542166c74e375,sk-5d396ec5
12d2f279adf2604a,27,routine,"GMHill-Baker JV receives $249.5M facilities architect-engineering IDIQ ceiling shared among 5 small-business bidders over decade-long ordering period; ceiling divided by competition, design services only.","[""ceiling_not_revenue"", ""multi_award_pool_shared"", ""design_services""]",2026-09-02 20:49:14,claude-haiku-4-5,c0aae31adbb66e62ebece3dc16afb37f1d694c5207074f01d76542166c74e375,sk-5d396ec5
133eddcf21094e5c,18,routine,"Newton Corp. receives $920M aerospace/ground equipment IDIQ ceiling shared among 66 bidders; duplicate structure and deep competition with award 7, headline ceiling masks per-awardee share.","[""ceiling_not_revenue"", ""multi_award_pool_shared"", ""high_bid_count""]",2026-09-02 20:49:14,claude-haiku-4-5,c0aae31adbb66e62ebece3dc16afb37f1d694c5207074f01d76542166c74e375,sk-5d396ec5
134bc6546f348ea6,29,routine,"BAE Systems Land & Armaments receives $22.9M modification for MK 41 launcher canister production including FMS for Japan; small increment on established naval platform, FMS content noted but size immaterial to BAE parent.","[""modification_sustains_program"", ""fms"", ""size_vs_revenue""]",2026-09-02 20:49:14,claude-haiku-4-5,c0aae31adbb66e62ebece3dc16afb37f1d694c5207074f01d76542166c74e375,sk-5d396ec5
1367b96dce982458,45,notable,"Immaterial in size to LMT's ~$70B revenue and it is an IDIQ ceiling, but a sole-bid air-and-missile-defense prototype vehicle keeps LMT positioned on the next-generation AMD development pipeline.","[""ceiling_not_revenue"", ""sole_source"", ""incumbent_retained""]",2026-09-02 20:49:24,claude-opus-5,1196cfd4eb4e0637b48a3e0ea910a806217d299bcf71589574f4850995f45f4d,sk-5d396ec5
137bc3fbaa3f58bc,22,routine,Analog Devices Federal (ADI subsidiary) receives $15.1M sole-source cryptographic card production; small program of interest to parent (ADI ~$73B revenue) but sole-source only reflects existing form-factor locked-in design.,"[""sustainment"", ""sole_source_locked_design"", ""size_vs_revenue""]",2026-09-02 20:49:14,claude-haiku-4-5,c0aae31adbb66e62ebece3dc16afb37f1d694c5207074f01d76542166c74e375,sk-5d396ec5
13aaf48a036f8bf8,32,routine,ManTech Advanced Systems (unlisted) receives $49.8M modification to naval weaponeering engineering services under cost-plus contract; routine sustainment increment on established technical support program.,"[""modification_sustains_program"", ""engineering_services"", ""cost_plus""]",2026-09-02 20:49:14,claude-haiku-4-5,c0aae31adbb66e62ebece3dc16afb37f1d694c5207074f01d76542166c74e375,sk-5d396ec5
13e0fd880a3c7be2,28,routine,"Knight Aerospace is not listed; this is one ceiling shared among multiple award holders, so the realistic share is a small fraction of $920M, making it below-threshold noise.","[""ceiling_not_revenue"", ""multi_award_pool"", ""unlisted_awardee""]",2026-09-02 20:49:15,claude-haiku-4-5,7d3e8d78ab12e99b0f5877e8cf95e0c650d7ef10b0600650c9ea8d3eba4efcba,sk-5d396ec5
15d54de3e2e99803,31,routine,Core4ce LLC is unlisted; $278M ceiling shared across 50 bidders on a Navy exercise-support pool is a fraction per winner and carries no read-through to any listed name.,"[""ceiling_not_revenue"", ""multi_award_pool"", ""unlisted_awardee""]",2026-09-02 20:49:15,claude-haiku-4-5,7d3e8d78ab12e99b0f5877e8cf95e0c650d7ef10b0600650c9ea8d3eba4efcba,sk-5d396ec5
160b012d34f17125,72,alert,"RTX (Raytheon) exercises a $1.11B AIM-9X production option with 14 awards totaling $1.98B in the window, confirming a major recurring program already in production and expanding.","[""option_exercise"", ""production_expansion"", ""program_of_record""]",2026-09-02 20:49:15,claude-haiku-4-5,7d3e8d78ab12e99b0f5877e8cf95e0c650d7ef10b0600650c9ea8d3eba4efcba,sk-5d396ec5
16395796025187e6,34,routine,OEI-AECOM JV2 (ACM read-through) is a small-business setaside with $249.5M ceiling shared among 5 competitors on Army architecture-engineering services; realistic share per holder is immaterial.,"[""ceiling_not_revenue"", ""multi_award_pool"", ""small_business""]",2026-09-02 20:49:15,claude-haiku-4-5,7d3e8d78ab12e99b0f5877e8cf95e0c650d7ef10b0600650c9ea8d3eba4efcba,sk-5d396ec5
1647e9dd719adb68,25,routine,Tri Coast-Pac Tech JV2 is unlisted and small-business; $160M ceiling shared among 19 bidders on construction services is below-threshold noise with no listed-company read-through.,"[""ceiling_not_revenue"", ""multi_award_pool"", ""small_business""]",2026-09-02 20:49:15,claude-haiku-4-5,7d3e8d78ab12e99b0f5877e8cf95e0c650d7ef10b0600650c9ea8d3eba4efcba,sk-5d396ec5
1685335dd766d204,31,routine,"Donjon Marine is unlisted with a $180M towing/salvage IDIQ ceiling; it is new and has 2 prior awards totaling $204.7M, but the ceiling format and contractor obscurity make this routine.","[""ceiling_not_revenue"", ""idiq_sustainment"", ""unlisted_awardee""]",2026-09-02 20:49:15,claude-haiku-4-5,7d3e8d78ab12e99b0f5877e8cf95e0c650d7ef10b0600650c9ea8d3eba4efcba,sk-5d396ec5
1774c1beb9aeb709,29,routine,"Gauss Management is unlisted; $1.88B multi-award ceiling shared among undisclosed competitors on Air Force test-and-evaluation advisory services is a ceiling not booked revenue, with no listed read-through.","[""ceiling_not_revenue"", ""multi_award_pool"", ""unlisted_awardee""]",2026-09-02 20:49:15,claude-haiku-4-5,7d3e8d78ab12e99b0f5877e8cf95e0c650d7ef10b0600650c9ea8d3eba4efcba,sk-5d396ec5
17be4203adbccfe6,24,routine,Alabama Shipyard is unlisted; $31.4M for 91-day USNS William McLean overhaul is a small sustainment job with minimal program signal.,"[""sustainment"", ""routine_ship_maintenance""]",2026-09-02 20:49:15,claude-haiku-4-5,7d3e8d78ab12e99b0f5877e8cf95e0c650d7ef10b0600650c9ea8d3eba4efcba,sk-5d396ec5
17ddda69763e703b,22,routine,Ava Gov LLC is unlisted small-business; $99M ceiling shared among 17 bidders on Sacramento District vegetation clearing is below-threshold noise with no listed-company exposure.,"[""ceiling_not_revenue"", ""multi_award_pool"", ""small_business""]",2026-09-02 20:49:15,claude-haiku-4-5,7d3e8d78ab12e99b0f5877e8cf95e0c650d7ef10b0600650c9ea8d3eba4efcba,sk-5d396ec5
17e9be790dde7ac5,65,notable,"Booz Allen Hamilton (BAH) receives one of 50 awards from a $278M Navy operational-exercise pool, alongside Core4ce and Highbury Defense; BAH already holds $423.6M in the window, confirming its position on Navy exercise support.","[""multi_award_pool_share"", ""program_expansion"", ""listed_incumbent""]",2026-09-02 20:49:15,claude-haiku-4-5,7d3e8d78ab12e99b0f5877e8cf95e0c650d7ef10b0600650c9ea8d3eba4efcba,sk-5d396ec5
1867a7ac6c6a3ce5,28,routine,Highbury Defense Group is unlisted; $278M ceiling shared among 50 Navy bidders on exercise support is a fractional and immaterial allocation per holder.,"[""ceiling_not_revenue"", ""multi_award_pool"", ""unlisted_awardee""]",2026-09-02 20:49:15,claude-haiku-4-5,7d3e8d78ab12e99b0f5877e8cf95e0c650d7ef10b0600650c9ea8d3eba4efcba,sk-5d396ec5
1867bbc0481420ca,38,routine,Staite Engineering is unlisted; $54M modification to a $380M multi-award Navy construction IDIQ is incremental work under an existing contract with no material signal and no listed read-through.,"[""multi_award_pool_modification"", ""sustainment"", ""small_increment""]",2026-09-02 20:49:15,claude-haiku-4-5,7d3e8d78ab12e99b0f5877e8cf95e0c650d7ef10b0600650c9ea8d3eba4efcba,sk-5d396ec5
189a342c232d3e6b,18,routine,"Northrop Grumman (NOC) receives a $27.9M sole-source software-support mod to an existing Army contract, routine sustainment with 1 bid and 16 prior awards totaling $2.64B in the window.","[""sole_source_sustainment"", ""minor_modification""]",2026-09-02 20:49:15,claude-haiku-4-5,7d3e8d78ab12e99b0f5877e8cf95e0c650d7ef10b0600650c9ea8d3eba4efcba,sk-5d396ec5
1921cf83f6f7417c,32,routine,Carahsoft is unlisted; $82.9M for Air Force VMware Cloud Foundation license supply is a software-infrastructure order below-threshold for an unfamiliar contractor with no listed exposure.,"[""software_licensing"", ""unlisted_awardee""]",2026-09-02 20:49:15,claude-haiku-4-5,7d3e8d78ab12e99b0f5877e8cf95e0c650d7ef10b0600650c9ea8d3eba4efcba,sk-5d396ec5
1954162ebadf02f6,35,routine,"Lockheed Martin (LMT) receives a $74.2M modification to definitize F-35 weapons-integration scope for UK and Italy; with 6 prior awards totaling $1.77B in the window, this is routine sustainment on an existing program.","[""fms_allied"", ""program_continuation"", ""minor_modification""]",2026-09-02 20:49:15,claude-haiku-4-5,7d3e8d78ab12e99b0f5877e8cf95e0c650d7ef10b0600650c9ea8d3eba4efcba,sk-5d396ec5
19a84d090ded88a9,68,notable,"Impulse Space (unlisted) receives an $11.4B modification increasing the NSSL Phase 3 Lane One ceiling from $6B to $17B, signaling major Air Force commitment to commercial space launch despite the awardee being private.","[""program_expansion"", ""ceiling_increase"", ""space_launch_priority""]",2026-09-02 20:49:15,claude-haiku-4-5,7d3e8d78ab12e99b0f5877e8cf95e0c650d7ef10b0600650c9ea8d3eba4efcba,sk-5d396ec5
19b30dc91cbe8071,26,routine,Miami Marine Services is unlisted small-business; $193M ceiling shared among 25 bidders on Army construction is immaterial per holder with no read-through to listed names.,"[""ceiling_not_revenue"", ""multi_award_pool"", ""small_business""]",2026-09-02 20:49:15,claude-haiku-4-5,7d3e8d78ab12e99b0f5877e8cf95e0c650d7ef10b0600650c9ea8d3eba4efcba,sk-5d396ec5
19dda839a44427ff,24,routine,Mike Hooks is unlisted; $95M ceiling shared among undisclosed Army bidders for pipeline dredging within Galveston District is below-threshold noise.,"[""ceiling_not_revenue"", ""multi_award_pool""]",2026-09-02 20:49:15,claude-haiku-4-5,7d3e8d78ab12e99b0f5877e8cf95e0c650d7ef10b0600650c9ea8d3eba4efcba,sk-5d396ec5
1a21e8cf90c62d42,22,routine,"General Dynamics Mission Systems (GD) receives a $23.8M Navy submarine-support option exercise, routine sustainment with 6 prior awards totaling $345.2M in the window and minimal incremental materiality.","[""option_exercise_sustainment"", ""minor_increment""]",2026-09-02 20:49:15,claude-haiku-4-5,7d3e8d78ab12e99b0f5877e8cf95e0c650d7ef10b0600650c9ea8d3eba4efcba,sk-5d396ec5
1a44fd2cb2f5fd45,23,routine,Relyant Global is unlisted; $99M Central America construction IDIQ ceiling shared among 8 bidders is immaterial per allocation with no listed-company signal.,"[""ceiling_not_revenue"", ""multi_award_pool"", ""geographic_limit""]",2026-09-02 20:49:15,claude-haiku-4-5,7d3e8d78ab12e99b0f5877e8cf95e0c650d7ef10b0600650c9ea8d3eba4efcba,sk-5d396ec5
1a8872bde653aae2,28,routine,GLDD's $95M share of a 4-bidder pool for routine Army Corps dredging work is modest against the company's $315.6M in prior window awards and immaterial to the listed equity.,"[""ceiling_not_revenue"", ""multi_award_pool"", ""sustainment""]",2026-09-02 20:49:15,claude-haiku-4-5,6fad05be6f208f728f81004b12e205e6ad6b7a020225247fc35d98d1f93450d1,sk-5d396ec5
1b5ed953784e7787,35,routine,"Small-business roofing and repair services pool with 40 bidders competing for shared $450M ceiling; no listed awardee, no read-through to tracked primes, and idempotent work.","[""ceiling_not_revenue"", ""multi_award_pool"", ""small_business""]",2026-09-02 20:49:15,claude-haiku-4-5,6fad05be6f208f728f81004b12e205e6ad6b7a020225247fc35d98d1f93450d1,sk-5d396ec5
1b5f181dbe559f03,42,notable,"GD's $54.3M IDIQ ceiling for Stryker OEM sustainment (sole-source incumbent) confirms a known program and adds backlog, though the shared pool structure and lack of definitized orders limit near-term revenue recognition.","[""ceiling_not_revenue"", ""incumbent_retained"", ""sole_source""]",2026-09-02 20:49:15,claude-haiku-4-5,6fad05be6f208f728f81004b12e205e6ad6b7a020225247fc35d98d1f93450d1,sk-5d396ec5
1c8edf6d4b8a8b80,32,routine,ManTech's $148M share of a 6-bidder Navy aircraft-carrier support pool is a ceiling split among competitors with no listed equity at stake; routine naval maintenance sustainment.,"[""ceiling_not_revenue"", ""multi_award_pool"", ""sustainment""]",2026-09-02 20:49:15,claude-haiku-4-5,6fad05be6f208f728f81004b12e205e6ad6b7a020225247fc35d98d1f93450d1,sk-5d396ec5
1d296c82b12199c7,38,routine,"Vandenberg space vehicle processing support to a private services firm; no clean listed read-through unless it displaced an incumbent integrator, which the text does not say.","[""services_recompete"", ""no_listed_awardee""]",2026-09-02 20:49:24,claude-opus-5,1196cfd4eb4e0637b48a3e0ea910a806217d299bcf71589574f4850995f45f4d,sk-5d396ec5
1d31e3fa4e7f7239,25,routine,Deep Mile's $300M share of a 29-bidder DoD Health IDIQ ceiling for on-demand software deployment is a shared ceiling with no listed read-through and boilerplate healthcare IT services.,"[""ceiling_not_revenue"", ""multi_award_pool""]",2026-09-02 20:49:15,claude-haiku-4-5,6fad05be6f208f728f81004b12e205e6ad6b7a020225247fc35d98d1f93450d1,sk-5d396ec5
1d53fb9fd756d5c0,58,notable,"Metrea's $938.9M option exercise on a multi-award Navy air-refueling contract (P00025 mod) expands an existing program of record and signals continued demand for contractor-operated pilot training support, though shared among multiple holders.","[""option_exercise"", ""program_of_record"", ""multi_award_pool""]",2026-09-02 20:49:15,claude-haiku-4-5,6fad05be6f208f728f81004b12e205e6ad6b7a020225247fc35d98d1f93450d1,sk-5d396ec5
1d81cacc87dd9b6d,24,routine,Honeywell's $19.8M development award for embedded-propulsion fan-module design is a modest R&D contract rounding to noise against the company's $170B+ revenue and concurrent $28.9M in prior window work.,"[""size_vs_revenue"", ""rd_contract""]",2026-09-02 20:49:15,claude-haiku-4-5,6fad05be6f208f728f81004b12e205e6ad6b7a020225247fc35d98d1f93450d1,sk-5d396ec5
1d83ee76841567f7,8,routine,Unpriced small A-E inspection IDIQ to a private firm — no investable content.,"[""ceiling_not_revenue"", ""no_listed_awardee""]",2026-09-02 20:49:24,claude-opus-5,1196cfd4eb4e0637b48a3e0ea910a806217d299bcf71589574f4850995f45f4d,sk-5d396ec5
1df276cae9244803,31,routine,"Structural Associates' $90M share of a 9-bidder Army design-build pool (small-business set-aside) is a shared ceiling for routine construction with no listed equity and prior window awards of $135M, placing this award in background noise.","[""ceiling_not_revenue"", ""multi_award_pool"", ""small_business""]",2026-09-02 20:49:15,claude-haiku-4-5,6fad05be6f208f728f81004b12e205e6ad6b7a020225247fc35d98d1f93450d1,sk-5d396ec5
1eb128bb8866ec4a,34,routine,"NORESCO's $44.3M energy-improvements award at Naval Base Ventura County via DoE order is a definite contract but narrow in scope, customer base, and margin profile versus listed alternatives; 15 bidders received.","[""definitized_order"", ""competitive_loss_signal"", ""energy_services""]",2026-09-02 20:49:15,claude-haiku-4-5,6fad05be6f208f728f81004b12e205e6ad6b7a020225247fc35d98d1f93450d1,sk-5d396ec5
1f29f8a1a3a640f8,28,routine,"Kwaan Tech's $30M E-3 aircrew training contract at Tinker AFB is a small, specialized development and training award with no listed equity exposure and no share-movement signal.","[""size_vs_materiality"", ""training_services""]",2026-09-02 20:49:15,claude-haiku-4-5,6fad05be6f208f728f81004b12e205e6ad6b7a020225247fc35d98d1f93450d1,sk-5d396ec5
1f6347140dc5fd94,15,routine,Boeing's $16.2M order for 25 Osprey flex-ring structural assemblies is a parts procurement that is immaterial rounding against Boeing's $95B+ revenue and prior $136.4B in window awards.,"[""sustainment"", ""size_vs_revenue"", ""spare_parts""]",2026-09-02 20:49:15,claude-haiku-4-5,6fad05be6f208f728f81004b12e205e6ad6b7a020225247fc35d98d1f93450d1,sk-5d396ec5
205a560913853c75,30,routine,Cape Environmental's $249M share of a 24-bidder Army environmental-remediation IDIQ (small-business set-aside) is a shared ceiling for routine cleanup work with no listed equity at stake.,"[""ceiling_not_revenue"", ""multi_award_pool"", ""small_business""]",2026-09-02 20:49:15,claude-haiku-4-5,6fad05be6f208f728f81004b12e205e6ad6b7a020225247fc35d98d1f93450d1,sk-5d396ec5
20db5f0fe6519922,25,routine,An $8B NAVFAC Washington MACC ceiling shared across 15 bidders and set aside for small business — untradeable and the per-seat realistic take is a fraction of the headline.,"[""ceiling_not_revenue"", ""multi_award_shared"", ""no_listed_awardee""]",2026-09-02 20:49:24,claude-opus-5,1196cfd4eb4e0637b48a3e0ea910a806217d299bcf71589574f4850995f45f4d,sk-5d396ec5
20f0af1256afe9a8,28,routine,WSP USA's $49M share of a 5-bidder Army disaster/emergency-response IDIQ is a shared ceiling for contingent work with prior $298M in window awards; routine capacity positioning.,"[""ceiling_not_revenue"", ""multi_award_pool""]",2026-09-02 20:49:15,claude-haiku-4-5,6fad05be6f208f728f81004b12e205e6ad6b7a020225247fc35d98d1f93450d1,sk-5d396ec5
21228c5df7431b1a,32,routine,Valiant's $32.1M option-exercise (P00008) on a DLA chemical-management and third-party-logistics contract is a continuation of incumbent work with no material program movement or listed equity.,"[""option_exercise"", ""incumbent_retained"", ""sustainment""]",2026-09-02 20:49:15,claude-haiku-4-5,6fad05be6f208f728f81004b12e205e6ad6b7a020225247fc35d98d1f93450d1,sk-5d396ec5
2169201675a3d620,48,notable,"Elbit America's $300M share of a 25-bidder Air Force repair-services pool (ESLT subsidiary) creates a multi-year platform for scaling, and the breadth of stated U.S. facilities suggests infrastructure build-out, but the shared IDIQ ceiling and competitive pool limit near-term revenue certainty.","[""ceiling_not_revenue"", ""multi_award_pool"", ""program_expansion""]",2026-09-02 20:49:15,claude-haiku-4-5,6fad05be6f208f728f81004b12e205e6ad6b7a020225247fc35d98d1f93450d1,sk-5d396ec5
218aceea0cb64cde,44,notable,"Sierra Space is private but a widely tracked pre-IPO name; a seat on the $981M NSTTC space test/range pool (shared, 20 bidders) is a positioning datapoint rather than booked revenue.","[""ceiling_not_revenue"", ""multi_award_shared"", ""pre_ipo_name""]",2026-09-02 20:49:24,claude-opus-5,1196cfd4eb4e0637b48a3e0ea910a806217d299bcf71589574f4850995f45f4d,sk-5d396ec5
22166457b2ca3f96,38,routine,"Maeda-Onaka JV's $1.0B share of a 14-bidder Navy Okinawa construction pool (FMS customer context, Japan-based joint venture) is a shared IDIQ ceiling for facility work abroad; foreign-military-sales risk profile and shared competition render it routine for a U.S.-listed investor.","[""ceiling_not_revenue"", ""multi_award_pool"", ""fms""]",2026-09-02 20:49:15,claude-haiku-4-5,6fad05be6f208f728f81004b12e205e6ad6b7a020225247fc35d98d1f93450d1,sk-5d396ec5
229279a5b65a121d,32,routine,"$920M IDIQ ceiling shared across multiple awardees in a 66-bid competitive pool is an option floor, not booked revenue, and HDT is not a listed company; impossible to assess impact on any investor.","[""ceiling_not_revenue"", ""multi_award_shared"", ""unlisted_awardee""]",2026-09-02 20:49:15,claude-haiku-4-5,9bbb46ae259e4044cf5920e76ef7ca2f38d03b83ba4d238074287e5bf387dcec,sk-5d396ec5
23449902ee5420b2,28,routine,$257.4M ammunition IDIQ ceiling with sole-source incumbent (1 bid received) is a sustainment program renewal for an unlisted foreign supplier; no read-through to a listed prime is evident.,"[""ceiling_not_revenue"", ""sole_source_incumbent"", ""sustainment"", ""unlisted_awardee""]",2026-09-02 20:49:15,claude-haiku-4-5,9bbb46ae259e4044cf5920e76ef7ca2f38d03b83ba4d238074287e5bf387dcec,sk-5d396ec5
2351f144a0dd6d0b,25,routine,$26.1M fixed-price construction project is routine facility work at a single location for an unlisted regional builder competing in an 8-bid pool.,"[""sustainment"", ""unlisted_awardee"", ""small_vs_market""]",2026-09-02 20:49:15,claude-haiku-4-5,9bbb46ae259e4044cf5920e76ef7ca2f38d03b83ba4d238074287e5bf387dcec,sk-5d396ec5
23670205a7eb2630,48,notable,"$33.5M NRE on the AN/ARQ-59 Common Data Link and MH-60R electronic systems represents incremental work on an established program for LMT, one of seven awards to this contractor in the window; confirms continued modernization work.","[""program_extension"", ""nre_engineering"", ""established_program""]",2026-09-02 20:49:15,claude-haiku-4-5,9bbb46ae259e4044cf5920e76ef7ca2f38d03b83ba4d238074287e5bf387dcec,sk-5d396ec5
23ddfe65e453f9d0,22,routine,"$10.7M post-shakedown availability modification for USS Ted Stevens is routine maintenance sustainment work for HII, consistent with the three other small awards to this contractor in the window.","[""sustainment"", ""modification_small"", ""routine_maintenance""]",2026-09-02 20:49:15,claude-haiku-4-5,9bbb46ae259e4044cf5920e76ef7ca2f38d03b83ba4d238074287e5bf387dcec,sk-5d396ec5
23efd51209232232,29,routine,"$99M construction IDIQ ceiling shared across 42 bidders in a small-business set-aside is a distributed option pool, not revenue, for an unlisted contractor; no read-through to a listed prime.","[""ceiling_not_revenue"", ""multi_award_shared"", ""small_business_setaside"", ""unlisted_awardee""]",2026-09-02 20:49:15,claude-haiku-4-5,9bbb46ae259e4044cf5920e76ef7ca2f38d03b83ba4d238074287e5bf387dcec,sk-5d396ec5
23f3cd28e46850cb,55,notable,"$664.8M IDIQ ceiling with only 4 of 17 solicited bidders responding signals a competitive win for PSN in a tight field on technical and logistics management; modestly narrows share against larger incumbents despite being an option, not committed revenue.","[""ceiling_not_revenue"", ""competitive_field_narrow"", ""idiq_technical_win""]",2026-09-02 20:49:15,claude-haiku-4-5,9bbb46ae259e4044cf5920e76ef7ca2f38d03b83ba4d238074287e5bf387dcec,sk-5d396ec5
24133c8ba01a8f1d,24,routine,$202.3M fresh fruits and vegetables supply IDIQ ceiling is a small-business set-aside with 4 competing bidders; entirely routine sustainment procurement for an unlisted contractor.,"[""ceiling_not_revenue"", ""small_business_setaside"", ""sustainment"", ""commodities""]",2026-09-02 20:49:15,claude-haiku-4-5,9bbb46ae259e4044cf5920e76ef7ca2f38d03b83ba4d238074287e5bf387dcec,sk-5d396ec5
242544708c2386f4,26,routine,$300M supply-chain repair IDIQ ceiling shared across 25 bidders is a distributed option pool for an unlisted contractor; no investor read-through.,"[""ceiling_not_revenue"", ""multi_award_shared"", ""unlisted_awardee"", ""sustainment""]",2026-09-02 20:49:15,claude-haiku-4-5,9bbb46ae259e4044cf5920e76ef7ca2f38d03b83ba4d238074287e5bf387dcec,sk-5d396ec5
24568687cf5a6d2b,23,routine,$66.6M ration enhancement IDIQ ceiling under DLA contracting is routine food-service sustainment for an unlisted contractor with minimal competitive pressure (3 bids).,"[""ceiling_not_revenue"", ""sole_source_incumbent"", ""sustainment"", ""commodities""]",2026-09-02 20:49:15,claude-haiku-4-5,9bbb46ae259e4044cf5920e76ef7ca2f38d03b83ba4d238074287e5bf387dcec,sk-5d396ec5
246a5c6e7f48f2ca,38,routine,"$25.9M modification on encanistered training rounds expands a Navy Marine platform program; Kongsberg is unlisted and foreign-based, and the increment is modest, so no material read-through to any U.S. prime.","[""modification_sustainment"", ""training_rounds"", ""unlisted_awardee""]",2026-09-02 20:49:15,claude-haiku-4-5,9bbb46ae259e4044cf5920e76ef7ca2f38d03b83ba4d238074287e5bf387dcec,sk-5d396ec5
2566985fe4a02571,20,routine,Unstated-amount architect-engineer IDIQ ceiling for routine waterfront facility inspections is a small-business set-aside with minimal competition (4 bids) for an unlisted contractor; boilerplate facilities sustainment.,"[""ceiling_not_revenue"", ""small_business_setaside"", ""sustainment"", ""unlisted_awardee""]",2026-09-02 20:49:15,claude-haiku-4-5,9bbb46ae259e4044cf5920e76ef7ca2f38d03b83ba4d238074287e5bf387dcec,sk-5d396ec5
25b4b33779ec3d6f,24,routine,$20.7M modification on MK 41 VLS electronic systems is routine depot engineering support for LMT; modest incremental work on a mature weapon system already well-represented in this window's $244.2M of LMT awards.,"[""modification_sustainment"", ""depot_support"", ""established_program""]",2026-09-02 20:49:15,claude-haiku-4-5,9bbb46ae259e4044cf5920e76ef7ca2f38d03b83ba4d238074287e5bf387dcec,sk-5d396ec5
25bededa0b3d4552,26,routine,$19M modification on SeaSparrow Missile design engineering is routine technical support for RTX on a mature NATO-interoperable program; one of three RTX awards in the window totalling $634M.,"[""modification_sustainment"", ""missile_engineering"", ""established_program""]",2026-09-02 20:49:15,claude-haiku-4-5,9bbb46ae259e4044cf5920e76ef7ca2f38d03b83ba4d238074287e5bf387dcec,sk-5d396ec5
26082f555dbd844a,45,notable,"$163M order against an IDIQ base for B-52 Radar Modernization Program kits is a definitized production commitment for BA on a program of record, though order is modest against BA's $136.41B in same-window awards; confirms modernization work continuation.","[""program_extension"", ""production_order"", ""modernization""]",2026-09-02 20:49:15,claude-haiku-4-5,9bbb46ae259e4044cf5920e76ef7ca2f38d03b83ba4d238074287e5bf387dcec,sk-5d396ec5
260b81d580e6e633,21,routine,"$14.6M modification on submarine electronic warfare engineering is routine incremental work for LMT, dwarfed by the $67.17B in same-window submarine and combat-systems awards; noise in a larger portfolio.","[""modification_sustainment"", ""submarine_ew"", ""established_program""]",2026-09-02 20:49:15,claude-haiku-4-5,9bbb46ae259e4044cf5920e76ef7ca2f38d03b83ba4d238074287e5bf387dcec,sk-5d396ec5
260e7e1582f2f70c,31,routine,$50M architect-engineer IDIQ ceiling for facility inspections and hangar repair is a small-business set-aside sole-source win (1 bid) against an unlisted contractor; routine sustainment with no read-through.,"[""ceiling_not_revenue"", ""sole_source_incumbent"", ""small_business_setaside"", ""sustainment""]",2026-09-02 20:49:15,claude-haiku-4-5,9bbb46ae259e4044cf5920e76ef7ca2f38d03b83ba4d238074287e5bf387dcec,sk-5d396ec5
26213aae15963b5d,23,routine,"$10.9M option exercise under Year Four of a Mission Video Distribution System contract is routine sustainment for RTX, buried in $1.98B of same-window RTX awards.","[""option_exercise"", ""sustainment"", ""established_program""]",2026-09-02 20:49:15,claude-haiku-4-5,9bbb46ae259e4044cf5920e76ef7ca2f38d03b83ba4d238074287e5bf387dcec,sk-5d396ec5
267e0d41d1182c84,29,routine,$95M architect-engineer IDIQ ceiling shared among multiple small-business bidders (16 competed) for Army Corps civil works is a distributed option pool for Prairie-GEO JV; no investor read-through.,"[""ceiling_not_revenue"", ""multi_award_shared"", ""small_business_setaside"", ""unlisted_awardee""]",2026-09-02 20:49:15,claude-haiku-4-5,9bbb46ae259e4044cf5920e76ef7ca2f38d03b83ba4d238074287e5bf387dcec,sk-5d396ec5
26c949fc5f8fa184,24,routine,$31.7M mortar ammunition container IDIQ ceiling for an unlisted contractor competing against 4 bidders is sustainment procurement with no listed-company read-through or program signal.,"[""ceiling_not_revenue"", ""sustainment"", ""ammunition"", ""unlisted_awardee""]",2026-09-02 20:49:15,claude-haiku-4-5,9bbb46ae259e4044cf5920e76ef7ca2f38d03b83ba4d238074287e5bf387dcec,sk-5d396ec5
26dd0e611b336151,12,routine,Indefinite-delivery ceiling for fresh bread and bakery items to federal customers; BMOB's subsidiary holds a routine DLA contract with two bidders.,"[""ceiling_not_revenue"", ""sustainment""]",2026-09-02 20:49:15,claude-haiku-4-5,97efb445b5a9fbbfbc36f58192c0e2f0aff48956ab90683bdcb115456b583ef8,sk-5d396ec5
26e0c99767f939f5,18,routine,"New award for JLTV wheel assemblies to OSK's subsidiary, one of three small awards this quarter; $19.5M is routine sustainment on a known program.","[""sustainment"", ""size_vs_revenue""]",2026-09-02 20:49:15,claude-haiku-4-5,97efb445b5a9fbbfbc36f58192c0e2f0aff48956ab90683bdcb115456b583ef8,sk-5d396ec5
26ef3dd228f868ef,27,routine,"Sole-source $245M ceiling to an unlisted contractor for NRL satellite software operations; a large figure but it is shared IDIQ authority over five years, not immediate revenue.","[""ceiling_not_revenue"", ""sole_source""]",2026-09-02 20:49:15,claude-haiku-4-5,97efb445b5a9fbbfbc36f58192c0e2f0aff48956ab90683bdcb115456b583ef8,sk-5d396ec5
271dca5cee54eade,19,routine,"Michael Baker named in a shared $49M multi-award pool for Army disaster response; one of five competitors dividing the ceiling, so Baker's realistic share is minimal.","[""ceiling_not_revenue"", ""multi_award_pool""]",2026-09-02 20:49:15,claude-haiku-4-5,97efb445b5a9fbbfbc36f58192c0e2f0aff48956ab90683bdcb115456b583ef8,sk-5d396ec5
274fcfed52f5b94b,21,routine,GS Engineering awarded $920M ceiling as one of many competitors in a 66-bidder Air Force aerospace equipment pool; the shared denominator and high competition make any single holder's realistic stake routine.,"[""ceiling_not_revenue"", ""multi_award_pool""]",2026-09-02 20:49:15,claude-haiku-4-5,97efb445b5a9fbbfbc36f58192c0e2f0aff48956ab90683bdcb115456b583ef8,sk-5d396ec5
275ffa43082476c5,16,routine,LMT modification of $22.7M on C-130J simulator training; incremental revenue on an existing vehicle in a company with $19.5B in announced awards this window.,"[""sustainment"", ""size_vs_revenue""]",2026-09-02 20:49:15,claude-haiku-4-5,97efb445b5a9fbbfbc36f58192c0e2f0aff48956ab90683bdcb115456b583ef8,sk-5d396ec5
279670b5938b6c38,15,routine,Pro-Comm named in shared $300M Air Force supply chain repair ceiling across 25 competitors; Pro-Comm's realistic share is a small fraction of the stated figure.,"[""ceiling_not_revenue"", ""multi_award_pool""]",2026-09-02 20:49:15,claude-haiku-4-5,97efb445b5a9fbbfbc36f58192c0e2f0aff48956ab90683bdcb115456b583ef8,sk-5d396ec5
282d03e2d6c6b6f7,13,routine,Nobel Biocare in shared $48M DLA dental supplies ceiling; multi-award pool with unknown number of holders makes realistic share routine.,"[""ceiling_not_revenue"", ""multi_award_pool""]",2026-09-02 20:49:15,claude-haiku-4-5,97efb445b5a9fbbfbc36f58192c0e2f0aff48956ab90683bdcb115456b583ef8,sk-5d396ec5
287d4419acbe27d5,28,routine,"TODA-NUDP JV awarded $1B ceiling as one of 14 bidders for construction at Okinawa-region U.S. installations; shared pool, high competition, and five-year window reduce near-term value.","[""ceiling_not_revenue"", ""multi_award_pool""]",2026-09-02 20:49:15,claude-haiku-4-5,97efb445b5a9fbbfbc36f58192c0e2f0aff48956ab90683bdcb115456b583ef8,sk-5d396ec5
28cc04b4c04be772,31,routine,"Johns Hopkins APL modification of $62.5M on Air Force system development; incremental work on an existing contract, part of $125M from same contractor this window.","[""ceiling_not_revenue"", ""sustainment""]",2026-09-02 20:49:15,claude-haiku-4-5,97efb445b5a9fbbfbc36f58192c0e2f0aff48956ab90683bdcb115456b583ef8,sk-5d396ec5
28ea0404dee66fd1,25,routine,"Alpha Facilities Solutions, small-business setaside, named in shared $249M Army architect-engineer ceiling with 13 bidders; multi-award pool reduces individual stake.","[""ceiling_not_revenue"", ""multi_award_pool""]",2026-09-02 20:49:15,claude-haiku-4-5,97efb445b5a9fbbfbc36f58192c0e2f0aff48956ab90683bdcb115456b583ef8,sk-5d396ec5
293825aef3d71a0c,19,routine,Pasha Hawaii P0006 modification adding $800M to shared ocean transport ceiling under Universal Services Contract-10; modification of a known vehicle but shared authority and existing $2.33B cumulative base diminish news value.,"[""ceiling_not_revenue"", ""multi_award_pool""]",2026-09-02 20:49:15,claude-haiku-4-5,97efb445b5a9fbbfbc36f58192c0e2f0aff48956ab90683bdcb115456b583ef8,sk-5d396ec5
295b487d418e7b5e,30,routine,"World Wide Technology is private and the cyber services award, though competitively won against 22 bidders, is too small to shift any listed integrator's numbers.","[""no_listed_awardee"", ""services_recompete""]",2026-09-02 20:49:24,claude-opus-5,1196cfd4eb4e0637b48a3e0ea910a806217d299bcf71589574f4850995f45f4d,sk-5d396ec5
29fb998b9fd4a479,14,routine,"Largo Resources, small-business setaside, named in shared $125M DLA vanadium ceiling; multi-award pool and industrial materials commodity reduce significance.","[""ceiling_not_revenue"", ""multi_award_pool""]",2026-09-02 20:49:15,claude-haiku-4-5,97efb445b5a9fbbfbc36f58192c0e2f0aff48956ab90683bdcb115456b583ef8,sk-5d396ec5
2ac13a5c7649c3d8,21,routine,Pond & Co. named in shared $145M Navy petroleum/lubricants engineering ceiling with 14 competitors; multi-award pool reduces any single holder's realistic stake.,"[""ceiling_not_revenue"", ""multi_award_pool""]",2026-09-02 20:49:15,claude-haiku-4-5,97efb445b5a9fbbfbc36f58192c0e2f0aff48956ab90683bdcb115456b583ef8,sk-5d396ec5
2b3642d43aacd66d,26,routine,Nippo Corp. awarded $1B ceiling as one of 14 bidders for construction at Okinawa U.S. installations; shared multi-award pool and five-year window make near-term value routine.,"[""ceiling_not_revenue"", ""multi_award_pool""]",2026-09-02 20:49:15,claude-haiku-4-5,97efb445b5a9fbbfbc36f58192c0e2f0aff48956ab90683bdcb115456b583ef8,sk-5d396ec5
2b89389b9f7a65f4,20,routine,"Apex FSE JV, small-business setaside, named in shared $193M Army construction ceiling with 25 bidders; multi-award pool distributes authority across many competitors.","[""ceiling_not_revenue"", ""multi_award_pool""]",2026-09-02 20:49:15,claude-haiku-4-5,97efb445b5a9fbbfbc36f58192c0e2f0aff48956ab90683bdcb115456b583ef8,sk-5d396ec5
2ba368fb5000e481,22,routine,Large but conventional MILCON to a private builder; Red Hill remediation infrastructure has no listed read-through.,"[""construction"", ""no_listed_awardee""]",2026-09-02 20:49:24,claude-opus-5,1196cfd4eb4e0637b48a3e0ea910a806217d299bcf71589574f4850995f45f4d,sk-5d396ec5
2bc93ca5785ab6ff,23,routine,Scientific Research Corp. named in shared $278M Navy R&D pool with 50 competitors for exercise design and analysis; multi-award ceiling spread across many holders and government R&D vendor work make stake routine.,"[""ceiling_not_revenue"", ""multi_award_pool""]",2026-09-02 20:49:15,claude-haiku-4-5,97efb445b5a9fbbfbc36f58192c0e2f0aff48956ab90683bdcb115456b583ef8,sk-5d396ec5
2bd78a09a47f3bbc,26,routine,Directed-energy effects research to a private lab-services firm; interesting as an AFRL laser-program signal but not investable.,"[""no_listed_awardee"", ""rnd""]",2026-09-02 20:49:24,claude-opus-5,1196cfd4eb4e0637b48a3e0ea910a806217d299bcf71589574f4850995f45f4d,sk-5d396ec5
2bdfd5c77f8492d6,42,notable,"A $99.5M ceiling across 95 bidders for Dragonfly payload sustainment signals Army investment in a tactical system, though as an IDIQ the actual revenue is unknown and likely distributed over five years.","[""ceiling_not_revenue"", ""new_program_signal"", ""competitive_award""]",2026-09-02 20:49:16,claude-haiku-4-5,fbbc357b48ca257e73260576bab5edf9e1d0b5c80eb1c5850a360a1a3e8e02cd,sk-5d396ec5
2cea21c65523df23,15,routine,Sole-source grounds maintenance at a Marine Corps installation is routine contracted services with no program content.,"[""sustainment"", ""sole_source_not_urgent""]",2026-09-02 20:49:16,claude-haiku-4-5,fbbc357b48ca257e73260576bab5edf9e1d0b5c80eb1c5850a360a1a3e8e02cd,sk-5d396ec5
2d1f38faae03fae6,38,routine,"A $471M shared IDIQ pool for KC-46 aircraft parts across 28 competitors means ETN's realistic share is a small fraction of the headline, and ceiling is an option not revenue.","[""ceiling_not_revenue"", ""multi_award_pool"", ""share_dilution""]",2026-09-02 20:49:16,claude-haiku-4-5,fbbc357b48ca257e73260576bab5edf9e1d0b5c80eb1c5850a360a1a3e8e02cd,sk-5d396ec5
2d624b770610a7cc,24,routine,RTX's 15th award in the window for $17.2M in F/A-18 spares is routine sustainment against a $2B+ backlog already held.,"[""sustainment"", ""incumbent_retained""]",2026-09-02 20:49:16,claude-haiku-4-5,fbbc357b48ca257e73260576bab5edf9e1d0b5c80eb1c5850a360a1a3e8e02cd,sk-5d396ec5
2dc66304616115bb,35,routine,"BA's $49.3M ship maintenance award for USS Wichita is part of Navy's known platform sustainment cycle, not a new capability or program expansion.","[""sustainment"", ""platform_repair""]",2026-09-02 20:49:16,claude-haiku-4-5,fbbc357b48ca257e73260576bab5edf9e1d0b5c80eb1c5850a360a1a3e8e02cd,sk-5d396ec5
2e6142b0213cfd70,74,alert,"LMT's $1.60B initial spares order for F-35 production across Air Force, Marine Corps, Navy and FMS customers is a material win on a program of record with multiple customer bases and overseas content.","[""size_vs_revenue"", ""multi_customer_fms"", ""new_production_tranche""]",2026-09-02 20:49:16,claude-haiku-4-5,fbbc357b48ca257e73260576bab5edf9e1d0b5c80eb1c5850a360a1a3e8e02cd,sk-5d396ec5
2e9b43ee424f6062,51,notable,A $167.5M modification expanding MK 41 VLS support (cumulative $343M held) confirms Navy's continued investment in this missile system architecture across multiple shipyards and international sites (Poland).,"[""modification_expands_program"", ""sustained_investment""]",2026-09-02 20:49:16,claude-haiku-4-5,fbbc357b48ca257e73260576bab5edf9e1d0b5c80eb1c5850a360a1a3e8e02cd,sk-5d396ec5
2efbed36f4f46380,52,notable,"LH's $364.7M DHA clinical laboratory ceiling for up to 10 years represents a significant healthcare contract for a listed lab company, though the annual realized revenue is uncertain and depends on utilization.","[""ceiling_not_revenue"", ""healthcare_dod"", ""size_vs_typical_award""]",2026-09-02 20:49:16,claude-haiku-4-5,fbbc357b48ca257e73260576bab5edf9e1d0b5c80eb1c5850a360a1a3e8e02cd,sk-5d396ec5
2f8c3eab77164ca6,61,notable,"AVAV's $500M counter-UAS IDIQ ceiling is the company's entry into a defined Army priority capability area, though as a ceiling the booked revenue depends on annual drawdown rates over three years.","[""ceiling_not_revenue"", ""new_capability_focus"", ""listed_name""]",2026-09-02 20:49:16,claude-haiku-4-5,fbbc357b48ca257e73260576bab5edf9e1d0b5c80eb1c5850a360a1a3e8e02cd,sk-5d396ec5
2fb1baef3ef9deed,28,routine,"A $112.8M shared Navy IDIQ for hull and machinery services across 8 competitors means this small-business' realistic share is modest, and the ceiling is an option pool not revenue.","[""ceiling_not_revenue"", ""multi_award_pool"", ""share_dilution""]",2026-09-02 20:49:16,claude-haiku-4-5,fbbc357b48ca257e73260576bab5edf9e1d0b5c80eb1c5850a360a1a3e8e02cd,sk-5d396ec5
30106790182b2bd6,22,routine,LHX's $12.3M NGA software contract received only 2 bids and is a modest increment against the company's $993M window backlog in defense IT.,"[""sustainment"", ""narrow_competition"", ""small_vs_backlog""]",2026-09-02 20:49:16,claude-haiku-4-5,fbbc357b48ca257e73260576bab5edf9e1d0b5c80eb1c5850a360a1a3e8e02cd,sk-5d396ec5
3075d4b8ae4b9193,35,routine,STS's $53.5M cyber defense support services won 127-way competition and is standard IT infrastructure work for a single Air Force squadron.,"[""sustainment"", ""commodity_service""]",2026-09-02 20:49:16,claude-haiku-4-5,fbbc357b48ca257e73260576bab5edf9e1d0b5c80eb1c5850a360a1a3e8e02cd,sk-5d396ec5
30b8239dee585b2c,32,routine,A $450M shared roofing-services pool across 40 competitors means the unlisted awardee's realistic share is a fraction of headline; routine facility maintenance with no defense content.,"[""ceiling_not_revenue"", ""multi_award_pool"", ""share_dilution"", ""facility_maintenance""]",2026-09-02 20:49:16,claude-haiku-4-5,fbbc357b48ca257e73260576bab5edf9e1d0b5c80eb1c5850a360a1a3e8e02cd,sk-5d396ec5
3138bebca5e7eb4f,29,routine,Q.E.D. Systems' $112.8M share of a Navy hull-machinery IDIQ split across 8 bidders is a routine maintenance pool where realized revenue is unclear and small-business share modest.,"[""ceiling_not_revenue"", ""multi_award_pool"", ""share_dilution""]",2026-09-02 20:49:16,claude-haiku-4-5,fbbc357b48ca257e73260576bab5edf9e1d0b5c80eb1c5850a360a1a3e8e02cd,sk-5d396ec5
315b5cbcbefcea54,18,routine,ADCO's $51M medical-supplies IDIQ is a routine DLA procurement with no program visibility; small-business setaside and generic scope suggest commodity purchasing.,"[""sustainment"", ""medical_supplies"", ""generic_scope""]",2026-09-02 20:49:16,claude-haiku-4-5,fbbc357b48ca257e73260576bab5edf9e1d0b5c80eb1c5850a360a1a3e8e02cd,sk-5d396ec5
316cae1b5913e026,26,routine,A three-way competition for $38.2M in aviator breathing gases and associated services is routine DLA supply contracting with no strategic defense content.,"[""sustainment"", ""commodity_supply""]",2026-09-02 20:49:16,claude-haiku-4-5,fbbc357b48ca257e73260576bab5edf9e1d0b5c80eb1c5850a360a1a3e8e02cd,sk-5d396ec5
31ece677daa0f70a,45,notable,"Modest in absolute terms but a seven-year DLA rangefinder IDIQ is meaningful US-market traction for Hensoldt (HAG.DE) at roughly €2B revenue, via its Kelvin Hughes/North America arm.","[""size_vs_revenue"", ""ceiling_not_revenue"", ""us_market_entry""]",2026-09-02 20:49:24,claude-opus-5,1196cfd4eb4e0637b48a3e0ea910a806217d299bcf71589574f4850995f45f4d,sk-5d396ec5
3204fb4ab119a267,31,routine,Vincent Jones' share of a $450M Air Force roofing pool split across 40 competitors is routine facilities maintenance; small-business setaside and commodity service.,"[""ceiling_not_revenue"", ""multi_award_pool"", ""share_dilution"", ""facility_maintenance""]",2026-09-02 20:49:16,claude-haiku-4-5,fbbc357b48ca257e73260576bab5edf9e1d0b5c80eb1c5850a360a1a3e8e02cd,sk-5d396ec5
320b66d75b748e19,48,notable,"USFD's $43.6M modification extending DLA food supply through mid-2027 is a routine sustainment extension, but the underlying contract scale and DLA dependency confirm the company's position in a recurring revenue stream.","[""modification_extension"", ""sustainment"", ""listed_name""]",2026-09-02 20:49:16,claude-haiku-4-5,fbbc357b48ca257e73260576bab5edf9e1d0b5c80eb1c5850a360a1a3e8e02cd,sk-5d396ec5
320ecad4b8dcb1c4,31,routine,Good-Men's share of the $450M Air Force roofing pool split 40 ways is routine facility maintenance with no defense program content; small-business setaside signals commodity competition.,"[""ceiling_not_revenue"", ""multi_award_pool"", ""share_dilution"", ""facility_maintenance""]",2026-09-02 20:49:16,claude-haiku-4-5,fbbc357b48ca257e73260576bab5edf9e1d0b5c80eb1c5850a360a1a3e8e02cd,sk-5d396ec5
326863dbf017109c,52,notable,"RTX wins a $603M IDIQ ceiling for B-52 AN/APQ-188 radar production on a program of record, but the ceiling value is an option not booked revenue; the third RTX award in this window suggests sustained momentum on a major platform.","[""ceiling_not_revenue"", ""program_of_record"", ""incumbent_retained""]",2026-09-02 20:49:16,claude-haiku-4-5,47aacc92576fadc6a8534065e8348a172f05861de95d39db7920126e2c393c8f,sk-5d396ec5
32ba6d9aae037978,28,routine,"Vertex Aerospace, an unlisted firm, wins a $500M C-12 logistics-support ceiling under three-bid competition; without a read-through to a named listed prime losing share, this is routine sustainment work.","[""ceiling_not_revenue"", ""unlisted_awardee"", ""sustainment""]",2026-09-02 20:49:16,claude-haiku-4-5,47aacc92576fadc6a8534065e8348a172f05861de95d39db7920126e2c393c8f,sk-5d396ec5
32d36ee5aaeabcec,25,routine,CAE exercises a $29.4M helicopter-training option as part of a $164.5M cumulative contract; routine continuation of existing training program.,"[""option_exercise"", ""sustainment"", ""cumulative_context""]",2026-09-02 20:49:16,claude-haiku-4-5,47aacc92576fadc6a8534065e8348a172f05861de95d39db7920126e2c393c8f,sk-5d396ec5
33284a866636d8ad,31,routine,"Johns Hopkins APL, unlisted, receives a $62.5M IDIQ modification on air-warfare systems development; ceiling is shared and cumulative face value already exceeds this increment.","[""ceiling_not_revenue"", ""modification"", ""unlisted_awardee""]",2026-09-02 20:49:16,claude-haiku-4-5,47aacc92576fadc6a8534065e8348a172f05861de95d39db7920126e2c393c8f,sk-5d396ec5
338904ed60429569,30,routine,Private contractor building the F-35 sustainment center and CH-53K repair facility at Cherry Point — infrastructure follow-on that confirms LMT/Sikorsky basing plans but carries no direct equity effect.,"[""construction"", ""no_listed_awardee"", ""program_signal""]",2026-09-02 20:49:24,claude-opus-5,1196cfd4eb4e0637b48a3e0ea910a806217d299bcf71589574f4850995f45f4d,sk-5d396ec5
33a8d249c42782a6,48,notable,"VSAT (VSAT) receives a share of a $981M multi-award space-test IDIQ under heavy competition (20 bids); the shared ceiling and competitive field mean this is a market confirmation, not a $981M win.","[""ceiling_not_revenue"", ""multi_award_pool"", ""competitive_award""]",2026-09-02 20:49:16,claude-haiku-4-5,47aacc92576fadc6a8534065e8348a172f05861de95d39db7920126e2c393c8f,sk-5d396ec5
33f64ff2ec043da1,44,notable,"CACI (CACI) is awarded a $500M counter-UAS procurement IDIQ ceiling from 50 bidders, sustaining position in a growing defensible niche; ceiling value is an option, not current revenue.","[""ceiling_not_revenue"", ""competitive_award"", ""incumbent_retained""]",2026-09-02 20:49:16,claude-haiku-4-5,47aacc92576fadc6a8534065e8348a172f05861de95d39db7920126e2c393c8f,sk-5d396ec5
34863440590246c6,29,routine,"ATAP, unlisted, wins a share of a $920M aerospace-equipment modernization pool under 66-way competition spanning a decade; shared ceiling and heavy competition make this routine market participation.","[""ceiling_not_revenue"", ""multi_award_pool"", ""highly_competitive""]",2026-09-02 20:49:16,claude-haiku-4-5,47aacc92576fadc6a8534065e8348a172f05861de95d39db7920126e2c393c8f,sk-5d396ec5
34986e67c84a09ba,47,notable,"Parsons (PSN) receives a share of a $278M Navy exercise-design IDIQ from 50 competitors; PSN already holds a $2.19B program backlog in this window, so this confirms presence but is shared revenue and routine scope.","[""ceiling_not_revenue"", ""multi_award_pool"", ""cumulative_context""]",2026-09-02 20:49:16,claude-haiku-4-5,47aacc92576fadc6a8534065e8348a172f05861de95d39db7920126e2c393c8f,sk-5d396ec5
34c19ec8ecd5b548,15,routine,"Dominion Energy (D) extends a 50-year utility contract by $27.4M for tariff adjustments; this is a tariff pass-through on existing infrastructure, not new program work.","[""sustainment"", ""utility_regulatory"", ""long_term_contract""]",2026-09-02 20:49:16,claude-haiku-4-5,47aacc92576fadc6a8534065e8348a172f05861de95d39db7920126e2c393c8f,sk-5d396ec5
34f4a498106489b8,18,routine,"Lockheed Martin (LMT) receives an $11.8M spares modification on a $592.9M cumulative 3D LRRP contract; LMT already has $244M of awards this window, so this is minor sustainment noise.","[""modification"", ""spares"", ""sustainment""]",2026-09-02 20:49:16,claude-haiku-4-5,47aacc92576fadc6a8534065e8348a172f05861de95d39db7920126e2c393c8f,sk-5d396ec5
351b02eec54406ea,22,routine,Lockheed Martin (LMT) wins a sole-source $26.2M Navy VLA motor refurbishment from a $67.17B LMT backlog this window; routine spares work on a legacy platform.,"[""sole_source"", ""sustainment"", ""spares""]",2026-09-02 20:49:16,claude-haiku-4-5,47aacc92576fadc6a8534065e8348a172f05861de95d39db7920126e2c393c8f,sk-5d396ec5
3547afae34afcd73,28,routine,"TATCO RC JV, unlisted, wins a share of a $450M roofing-services IDIQ from 40 competitors across Air Force bases; shared ceiling and routine base maintenance.","[""ceiling_not_revenue"", ""multi_award_pool"", ""sustainment""]",2026-09-02 20:49:16,claude-haiku-4-5,47aacc92576fadc6a8534065e8348a172f05861de95d39db7920126e2c393c8f,sk-5d396ec5
3562482870d2baf2,27,routine,"J-Squared Technologies, unlisted, receives a share of a $300M Supply Chain Management Squadron repair pool from 25 competitors; shared ceiling on routine logistics support.","[""ceiling_not_revenue"", ""multi_award_pool"", ""sustainment""]",2026-09-02 20:49:16,claude-haiku-4-5,47aacc92576fadc6a8534065e8348a172f05861de95d39db7920126e2c393c8f,sk-5d396ec5
356c6e89d80e7146,15,routine,Small R&D award to a nonprofit institute; no listed exposure.,"[""no_listed_awardee"", ""rnd""]",2026-09-02 20:49:24,claude-opus-5,1196cfd4eb4e0637b48a3e0ea910a806217d299bcf71589574f4850995f45f4d,sk-5d396ec5
3613c153e7e6d7c8,27,routine,"ExpediteInfoTech, unlisted, receives a share of a $278M Navy exercise-design pool identical in scope to award #9 (Parsons); shared ceiling on routine Naval support.","[""ceiling_not_revenue"", ""multi_award_pool"", ""sustainment""]",2026-09-02 20:49:16,claude-haiku-4-5,47aacc92576fadc6a8534065e8348a172f05861de95d39db7920126e2c393c8f,sk-5d396ec5
37a019157dd33588,31,routine,"Source One Spares, unlisted, wins a share of a $471M KC-46 aircraft-parts repair IDIQ from 28 competitors; shared ceiling on routine sustainment for a mature platform.","[""ceiling_not_revenue"", ""multi_award_pool"", ""sustainment""]",2026-09-02 20:49:16,claude-haiku-4-5,47aacc92576fadc6a8534065e8348a172f05861de95d39db7920126e2c393c8f,sk-5d396ec5
37c63a4edabb3081,26,routine,"Applied Environmental, unlisted, receives a $50M DoD facilities-support IDIQ for environmental compliance; no read-through to a listed prime, routine infrastructure work.","[""ceiling_not_revenue"", ""unlisted_awardee"", ""sustainment""]",2026-09-02 20:49:16,claude-haiku-4-5,47aacc92576fadc6a8534065e8348a172f05861de95d39db7920126e2c393c8f,sk-5d396ec5
37eb767c617b9dce,27,routine,"Decryptor Inc., unlisted, wins a share of a $300M Supply Chain Management Squadron repair pool from 25 competitors, identical work to award #14; shared ceiling on routine logistics support.","[""ceiling_not_revenue"", ""multi_award_pool"", ""sustainment""]",2026-09-02 20:49:16,claude-haiku-4-5,47aacc92576fadc6a8534065e8348a172f05861de95d39db7920126e2c393c8f,sk-5d396ec5
383099624dda874f,14,routine,General Electric (GE) receives a $10.2M J85 engine-supplies modification on a $427.6M GE backlog this window; routine spares continuation.,"[""modification"", ""spares"", ""sustainment""]",2026-09-02 20:49:16,claude-haiku-4-5,47aacc92576fadc6a8534065e8348a172f05861de95d39db7920126e2c393c8f,sk-5d396ec5
3834b885f29e66ce,28,routine,"Small-business asterisk on a $117.8M construction facility award with 2 bidders; while the dollar value is material, this is specialized facility work at a known Navy location that does not appear to move any listed company's position.","[""small_business_setaside"", ""sole_source_flavor""]",2026-09-02 20:49:16,claude-haiku-4-5,26dc9e387d2c77b86c42aa626df66902588ceb61a96521d75f2fa5b2a0eae7c2,sk-5d396ec5
385c06dabded4508,32,routine,Option exercise under an existing $908M cumulative base-operations contract; the $138M increment sustains an established program but carries no share shift or listed company exposure.,"[""sustainment"", ""option_exercise""]",2026-09-02 20:49:16,claude-haiku-4-5,26dc9e387d2c77b86c42aa626df66902588ceb61a96521d75f2fa5b2a0eae7c2,sk-5d396ec5
3887d521e410a7ad,24,routine,Two-bid new award for specialized marine maintenance on a single vessel; no listed company involved and the work is departmental sustainment of existing asset.,"[""sustainment"", ""sole_source_flavor""]",2026-09-02 20:49:16,claude-haiku-4-5,26dc9e387d2c77b86c42aa626df66902588ceb61a96521d75f2fa5b2a0eae7c2,sk-5d396ec5
393a3ab72cfc4c60,58,notable,"DLH Holdings (DLHC) wins a $278M seat in a 50-bid Navy exercise-design pool ceiling; shared ceiling and IDIQ structure mean realistic capture is modest, but the competitive win and breadth of combat-systems work signal deepening Navy relationship.","[""ceiling_not_revenue"", ""multi_award_pool"", ""competitive_win""]",2026-09-02 20:49:16,claude-haiku-4-5,26dc9e387d2c77b86c42aa626df66902588ceb61a96521d75f2fa5b2a0eae7c2,sk-5d396ec5
3b4d36e56f724a11,46,notable,"Sikorsky (LMT subsidiary) secures a $56.8M Black Hawk advanced-procurement modification on a $121.8M cumulative base; confirmation of a known Army aviation program with incremental funding, but not transformational to a $65B parent.","[""modification"", ""sustainment"", ""size_vs_parent_revenue""]",2026-09-02 20:49:16,claude-haiku-4-5,26dc9e387d2c77b86c42aa626df66902588ceb61a96521d75f2fa5b2a0eae7c2,sk-5d396ec5
3b67dacf3bda86ce,22,routine,Small-business JV captures a seat in a $249M shared IDIQ ceiling for environmental remediation; no listed company exposure and realistic order share from a 24-bid pool is immaterial.,"[""ceiling_not_revenue"", ""multi_award_pool"", ""small_business_setaside""]",2026-09-02 20:49:16,claude-haiku-4-5,26dc9e387d2c77b86c42aa626df66902588ceb61a96521d75f2fa5b2a0eae7c2,sk-5d396ec5
3b6c1f7aa36fb49b,19,routine,"Small-business asterisked awardee in a 9-bid $90M design-build ceiling; shared pool, construction services, no listed-company read-through.","[""ceiling_not_revenue"", ""multi_award_pool"", ""small_business_setaside""]",2026-09-02 20:49:16,claude-haiku-4-5,26dc9e387d2c77b86c42aa626df66902588ceb61a96521d75f2fa5b2a0eae7c2,sk-5d396ec5
3b956727d982af6a,31,routine,Aviation Ground Equipment wins one seat in a massive $920M 66-bid Air Force ground-equipment ceiling extending to 2036; shared ceiling and large bidder pool imply small realistic share for a single awardee.,"[""ceiling_not_revenue"", ""multi_award_pool""]",2026-09-02 20:49:16,claude-haiku-4-5,26dc9e387d2c77b86c42aa626df66902588ceb61a96521d75f2fa5b2a0eae7c2,sk-5d396ec5
3bcfeb2544947b32,25,routine,Sole-source (1 bid) wheel-and-tire IDIQ ceiling with no listed-company connection; DLA sustainment vehicle and ceiling-not-revenue structure.,"[""ceiling_not_revenue"", ""sole_source"", ""sustainment""]",2026-09-02 20:49:16,claude-haiku-4-5,26dc9e387d2c77b86c42aa626df66902588ceb61a96521d75f2fa5b2a0eae7c2,sk-5d396ec5
3bede42bb8d027f8,27,routine,Sole-source systems-engineering task for a single Space Force Delta; no listed-company involved and the work is technical support for a defined unit.,"[""sole_source"", ""sustainment""]",2026-09-02 20:49:16,claude-haiku-4-5,26dc9e387d2c77b86c42aa626df66902588ceb61a96521d75f2fa5b2a0eae7c2,sk-5d396ec5
3c2465b0997b238b,35,routine,"General Dynamics (GD subsidiary) takes a $30.4M Ground Resiliency task order in a window where it already holds $345.2M from the same branch; incremental, cost-plus work on modernization, immaterial to a $101B parent.","[""sustainment"", ""size_vs_parent_revenue""]",2026-09-02 20:49:16,claude-haiku-4-5,26dc9e387d2c77b86c42aa626df66902588ceb61a96521d75f2fa5b2a0eae7c2,sk-5d396ec5
3c7a46734d8464bf,36,routine,"Small-business asterisked awardee in a 17-bid $997M shared IDIQ ceiling for overseas fuel-infrastructure services; ceiling not revenue, large bidder pool, and no listed-company exposure.","[""ceiling_not_revenue"", ""multi_award_pool"", ""small_business_setaside""]",2026-09-02 20:49:16,claude-haiku-4-5,26dc9e387d2c77b86c42aa626df66902588ceb61a96521d75f2fa5b2a0eae7c2,sk-5d396ec5
3cad501ce918b20d,42,notable,"CACI International (CACI subsidiary) wins a $300M seat in a 29-bid healthcare-IT systems pool ceiling; competitive award in a non-traditional health-management area, but ceiling structure and pool size cap realistic near-term value and dilute share-shift signal.","[""ceiling_not_revenue"", ""multi_award_pool"", ""competitive_win""]",2026-09-02 20:49:16,claude-haiku-4-5,26dc9e387d2c77b86c42aa626df66902588ceb61a96521d75f2fa5b2a0eae7c2,sk-5d396ec5
3cf5d2213115c390,23,routine,Unlisted awardee in a 29-bid $300M healthcare-IT systems pool ceiling identical to award 13; shared ceiling and identical placement metrics signal routine pool administration.,"[""ceiling_not_revenue"", ""multi_award_pool""]",2026-09-02 20:49:16,claude-haiku-4-5,26dc9e387d2c77b86c42aa626df66902588ceb61a96521d75f2fa5b2a0eae7c2,sk-5d396ec5
3d7cc1cca189caf6,29,routine,"Foreign awardee (Kyunan, Japan) in a 14-bid $1B shared IDIQ ceiling for overseas construction in Okinawa; FMS context and ceiling structure mean realistic capture is small; no listed U.S. company exposure.","[""ceiling_not_revenue"", ""multi_award_pool"", ""fms""]",2026-09-02 20:49:16,claude-haiku-4-5,26dc9e387d2c77b86c42aa626df66902588ceb61a96521d75f2fa5b2a0eae7c2,sk-5d396ec5
3d99a5141e35dc5f,24,routine,Small-business JV in a 21-bid $699M shared IDIQ ceiling for POL facility construction; realistic share from large pool is modest and no listed-company read-through.,"[""ceiling_not_revenue"", ""multi_award_pool"", ""small_business_setaside""]",2026-09-02 20:49:16,claude-haiku-4-5,26dc9e387d2c77b86c42aa626df66902588ceb61a96521d75f2fa5b2a0eae7c2,sk-5d396ec5
3e4cbe0791d167e9,34,routine,"Unlisted small-business option exercise under a SBIR Phase III IDIQ; the $93M ceiling on resupply-integration work is niche and exploratory, with no listed-company exposure or program-of-record signal.","[""ceiling_not_revenue"", ""small_business_setaside""]",2026-09-02 20:49:16,claude-haiku-4-5,26dc9e387d2c77b86c42aa626df66902588ceb61a96521d75f2fa5b2a0eae7c2,sk-5d396ec5
3eca0d64283ad0b7,20,routine,A $15.5M shipboard UAS ISR services order is rounding for Textron (TXT) even alongside its other awards in the window.,"[""sustainment"", ""size_vs_revenue""]",2026-09-02 20:49:24,claude-opus-5,1196cfd4eb4e0637b48a3e0ea910a806217d299bcf71589574f4850995f45f4d,sk-5d396ec5
3fde3f4b6391604c,45,notable,"RTX's F135 sustainment modification adds $42.1M to a large existing program; the company already holds $1.39B in work this window, so this is program expansion but not transformational at RTX's scale (~$68B revenue).","[""sustainment"", ""modification"", ""size_vs_revenue""]",2026-09-02 20:49:16,claude-haiku-4-5,4cc5d291684936f054c9ec8e0ba1c9f35eda9b1fc72e479b16688e43f4188d9c,sk-5d396ec5
3fe5292e0e3aea2e,52,notable,"Raytheon (RTX subsidiary) wins a $102M NRE contract to restart Capsule Launch System production, a new program of record for the division with multi-year ceiling; cost-plus pricing signals uncertainty, typical of restart work.","[""new_program_of_record"", ""nre_production_restart"", ""cost_plus_signals_risk""]",2026-09-02 20:49:16,claude-haiku-4-5,4cc5d291684936f054c9ec8e0ba1c9f35eda9b1fc72e479b16688e43f4188d9c,sk-5d396ec5
41095fc2bbbe06e3,28,routine,"HDR's $145M IDIQ ceiling is shared among 14 bidders in a Navy facilities engineering pool; realistic share is ~$10M, a routine option contract.","[""ceiling_not_revenue"", ""multi_award_pool_shared"", ""bids_14_competitive""]",2026-09-02 20:49:16,claude-haiku-4-5,4cc5d291684936f054c9ec8e0ba1c9f35eda9b1fc72e479b16688e43f4188d9c,sk-5d396ec5
417580ce91953654,35,routine,"Kongsberg (Norway-based) takes a $98.4M modification for JSM Lot 3 production; no read-through to a listed U.S. prime is material, and the company is privately held.","[""modification"", ""unlisted_awardee"", ""foreign_contractor""]",2026-09-02 20:49:16,claude-haiku-4-5,4cc5d291684936f054c9ec8e0ba1c9f35eda9b1fc72e479b16688e43f4188d9c,sk-5d396ec5
41b1932f58a93dee,22,routine,"Ole Tyme Produce, a small-business setaside IDIQ ceiling for fresh produce, carries no read-through to a listed company and no material risk or program signal.","[""ceiling_not_revenue"", ""small_business"", ""commodity_sustainment""]",2026-09-02 20:49:16,claude-haiku-4-5,4cc5d291684936f054c9ec8e0ba1c9f35eda9b1fc72e479b16688e43f4188d9c,sk-5d396ec5
41baeac2342c1729,24,routine,"Structural Engineering Group's $200M IDIQ ceiling is shared among 44 bidders for Tobyhanna Army Depot maintenance; realistic per-awardee share is $4.5M, routine facility work.","[""ceiling_not_revenue"", ""multi_award_pool_shared"", ""44_bidders_commodity""]",2026-09-02 20:49:16,claude-haiku-4-5,4cc5d291684936f054c9ec8e0ba1c9f35eda9b1fc72e479b16688e43f4188d9c,sk-5d396ec5
41c0978102fafb13,26,routine,"Silver Wings Aerospace, an unlisted private firm, shares a $471M KC-46 parts repair IDIQ with 28 competitors; realistic share is ~$16.8M, a routine option contract with no read-through to a material listed prime.","[""ceiling_not_revenue"", ""multi_award_pool_shared"", ""28_bidders_commodity""]",2026-09-02 20:49:16,claude-haiku-4-5,4cc5d291684936f054c9ec8e0ba1c9f35eda9b1fc72e479b16688e43f4188d9c,sk-5d396ec5
41c2311dfa7c2a47,30,routine,"Bluestone Environmental, unlisted, takes a $45M environmental compliance IDIQ for Navy facilities; shared ceiling without read-through to a listed company.","[""ceiling_not_revenue"", ""idiq_new_award"", ""facility_services""]",2026-09-02 20:49:16,claude-haiku-4-5,4cc5d291684936f054c9ec8e0ba1c9f35eda9b1fc72e479b16688e43f4188d9c,sk-5d396ec5
4209d52655e08b0d,27,routine,"Great Hill Solutions, unlisted, shares a $300M healthcare/DHMS portfolio IDIQ among 29 bidders; realistic share is ~$10M, a routine task-order pool with no material read-through.","[""ceiling_not_revenue"", ""multi_award_pool_shared"", ""29_bidders""]",2026-09-02 20:49:16,claude-haiku-4-5,4cc5d291684936f054c9ec8e0ba1c9f35eda9b1fc72e479b16688e43f4188d9c,sk-5d396ec5
42e71b5a53745e0b,31,routine,"Hudson Technologies, a small-business setaside IDIQ ceiling for industrial gas supply to DoD locations; shared ceiling, commodity work, no read-through to a listed company.","[""ceiling_not_revenue"", ""small_business"", ""commodity_sustainment""]",2026-09-02 20:49:16,claude-haiku-4-5,4cc5d291684936f054c9ec8e0ba1c9f35eda9b1fc72e479b16688e43f4188d9c,sk-5d396ec5
42e98fdbe1361907,29,routine,"HDR Engineering shares a $95M Army Corps of Engineers architect-engineer IDIQ with 16 bidders; realistic per-awardee share is ~$5.9M, a routine design services pool.","[""ceiling_not_revenue"", ""multi_award_pool_shared"", ""16_bidders""]",2026-09-02 20:49:16,claude-haiku-4-5,4cc5d291684936f054c9ec8e0ba1c9f35eda9b1fc72e479b16688e43f4188d9c,sk-5d396ec5
430d4ad414f7ee97,48,notable,"General Dynamics One Source (GD subsidiary) extends F-35 JSF IT/cybersecurity sustainment via $43.6M modification; GD is a major F-35 integrator, so this confirms program continuation, though scale is modest for a $100B+ company.","[""modification"", ""sustainment"", ""f35_program_continuation""]",2026-09-02 20:49:16,claude-haiku-4-5,4cc5d291684936f054c9ec8e0ba1c9f35eda9b1fc72e479b16688e43f4188d9c,sk-5d396ec5
431ad5ebbd5b99b1,26,routine,"MABA Aero, unlisted private firm, shares the identical $471M KC-46 parts repair IDIQ with 28 competitors as Award 7; realistic share is ~$16.8M, routine competitive pool.","[""ceiling_not_revenue"", ""multi_award_pool_shared"", ""28_bidders""]",2026-09-02 20:49:16,claude-haiku-4-5,4cc5d291684936f054c9ec8e0ba1c9f35eda9b1fc72e479b16688e43f4188d9c,sk-5d396ec5
4327cac56473fc72,42,notable,"GE (direct listing, Lynn MA) secures a $77.8M modification on Improved Turbine Engine Program development with cost-plus-incentive pricing; cumulative value $963.8M and only 2 bidders signal incumbent dominance on a strategic propulsion program.","[""modification"", ""incumbent_retained"", ""sole_source_dynamics"", ""strategic_propulsion""]",2026-09-02 20:49:16,claude-haiku-4-5,4cc5d291684936f054c9ec8e0ba1c9f35eda9b1fc72e479b16688e43f4188d9c,sk-5d396ec5
43ae29a213ee13ee,35,routine,"Lockheed Martin Aeronautics takes a $29.6M award for F-35 pilot flight equipment; at LMT's $70B+ scale and with the company holding $1.77B this window, this is routine sustainment.","[""sustainment"", ""size_vs_revenue"", ""f35_routine""]",2026-09-02 20:49:16,claude-haiku-4-5,4cc5d291684936f054c9ec8e0ba1c9f35eda9b1fc72e479b16688e43f4188d9c,sk-5d396ec5
43ca5549d4bdfc13,36,routine,Teledyne FLIR (TDY subsidiary) wins a $44.5M sole-source IDIQ ceiling for Man Transportable Robotic System Increment II software sustainment; sole-source signals incumbent lock but scale is routine for a $5B+ parent.,"[""sole_source"", ""ceiling_not_revenue"", ""sustainment""]",2026-09-02 20:49:16,claude-haiku-4-5,4cc5d291684936f054c9ec8e0ba1c9f35eda9b1fc72e479b16688e43f4188d9c,sk-5d396ec5
43cb18bb8ace3ec8,25,routine,"Sealift Inc., unlisted private firm, takes a $800M modified IDIQ ceiling for Universal Services Contract-10 ocean transport, shared arrangement; no read-through to a listed company changes this to routine.","[""ceiling_not_revenue"", ""multi_award_pool_shared"", ""sustainment_transport""]",2026-09-02 20:49:16,claude-haiku-4-5,4cc5d291684936f054c9ec8e0ba1c9f35eda9b1fc72e479b16688e43f4188d9c,sk-5d396ec5
4480e43d478f809a,38,routine,"Luxfer Magtech (LXFR subsidiary) wins a sole-source $10.1M IDIQ ceiling for chemical detector kits; sole-source award is material, but ceiling-not-revenue and chemical-specialized niche keep this routine for a $300M-scale public parent.","[""sole_source"", ""ceiling_not_revenue"", ""small_specialized""]",2026-09-02 20:49:16,claude-haiku-4-5,4cc5d291684936f054c9ec8e0ba1c9f35eda9b1fc72e479b16688e43f4188d9c,sk-5d396ec5
452cbf62dc47cf7a,30,routine,"Omega Pipeline, unlisted private firm, takes a $90.7M long-duration (10-year) fixed-price natural gas utility O&M contract at Fort Leonard Wood; no read-through to a listed company.","[""sustainment"", ""long_duration"", ""facility_operations""]",2026-09-02 20:49:16,claude-haiku-4-5,4cc5d291684936f054c9ec8e0ba1c9f35eda9b1fc72e479b16688e43f4188d9c,sk-5d396ec5
45a06e8cd4e2bdb2,26,routine,"A Square Group, small-business setaside, shares the identical $300M DHMS portfolio healthcare IDIQ (Award 9) with 29 bidders; realistic share is ~$10M, a routine competitive task-order pool.","[""ceiling_not_revenue"", ""multi_award_pool_shared"", ""small_business""]",2026-09-02 20:49:16,claude-haiku-4-5,4cc5d291684936f054c9ec8e0ba1c9f35eda9b1fc72e479b16688e43f4188d9c,sk-5d396ec5
45a89cdde5110d14,23,routine,Small-business construction pool with shared $160M ceiling across 19 competitors and no listed parent company.,"[""multi_award_pool"", ""ceiling_not_revenue"", ""small_business""]",2026-09-02 20:49:16,claude-haiku-4-5,cddd1554e5fe381950e8e1061052cf1b12f7b99f620d116fa786fd7bebd5d4d3,sk-5d396ec5
45a8a8f93c6690a3,38,routine,"NOC retrofit and spares modification worth $46.1M against a $2.64B window, routine sustainment on an existing program.","[""sustainment"", ""modification_context""]",2026-09-02 20:49:16,claude-haiku-4-5,cddd1554e5fe381950e8e1061052cf1b12f7b99f620d116fa786fd7bebd5d4d3,sk-5d396ec5
460246cec0b25e7e,24,routine,"ESV sole-source seismic detection award of $9.9M (1st percentile) with only one bid received, but ESV is small and specialized.","[""sole_source"", ""small_dollar""]",2026-09-02 20:49:16,claude-haiku-4-5,cddd1554e5fe381950e8e1061052cf1b12f7b99f620d116fa786fd7bebd5d4d3,sk-5d396ec5
469f391d1585ff7d,19,routine,"GE $10.2M lot payment for J85 engine spares (7th percentile) under a multi-year DLA vehicle, immaterial to a $180B+ revenue company.","[""sustainment"", ""size_vs_revenue""]",2026-09-02 20:49:16,claude-haiku-4-5,cddd1554e5fe381950e8e1061052cf1b12f7b99f620d116fa786fd7bebd5d4d3,sk-5d396ec5
472899c155fb3b28,15,routine,"NOC $9.4M DLA spares modification (2nd percentile) for wing extensions against a $2.64B window, routine procurement.","[""sustainment"", ""size_vs_revenue""]",2026-09-02 20:49:16,claude-haiku-4-5,cddd1554e5fe381950e8e1061052cf1b12f7b99f620d116fa786fd7bebd5d4d3,sk-5d396ec5
47cff83fddb9800f,28,routine,"Unlisted $48.3M IDIQ ceiling for dress uniform coats across 5 competitors; shared ceiling, no listed read-through identified.","[""ceiling_not_revenue"", ""multi_award_pool""]",2026-09-02 20:49:16,claude-haiku-4-5,cddd1554e5fe381950e8e1061052cf1b12f7b99f620d116fa786fd7bebd5d4d3,sk-5d396ec5
4827bf37670d2a1d,25,routine,Unlisted marine gas turbine overhaul pool with $38.2M shared ceiling (50% Canada-based) across multiple competitors; ceiling not revenue.,"[""ceiling_not_revenue"", ""multi_award_pool""]",2026-09-02 20:49:16,claude-haiku-4-5,cddd1554e5fe381950e8e1061052cf1b12f7b99f620d116fa786fd7bebd5d4d3,sk-5d396ec5
482a1a093286acc9,41,notable,Unlisted $70M increment to a $160M cumulative Navy training curriculum contract is real incremental revenue on an established vehicle.,"[""modification"", ""program_expansion""]",2026-09-02 20:49:16,claude-haiku-4-5,cddd1554e5fe381950e8e1061052cf1b12f7b99f620d116fa786fd7bebd5d4d3,sk-5d396ec5
48499c2ed3093b2b,32,routine,Small-business $699M construction pool ceiling (88th percentile) shared across 21 competitors for Army POL projects; ceiling not booked revenue.,"[""multi_award_pool"", ""ceiling_not_revenue"", ""small_business""]",2026-09-02 20:49:16,claude-haiku-4-5,cddd1554e5fe381950e8e1061052cf1b12f7b99f620d116fa786fd7bebd5d4d3,sk-5d396ec5
48b6e72d5de64a66,36,routine,GD $83.6M shared IDIQ ceiling for ordnance non-recurring engineering across 5 bidders; no single company sees the full figure.,"[""ceiling_not_revenue"", ""multi_award_pool""]",2026-09-02 20:49:16,claude-haiku-4-5,cddd1554e5fe381950e8e1061052cf1b12f7b99f620d116fa786fd7bebd5d4d3,sk-5d396ec5
48bb1e079909d75b,30,routine,"Unlisted $95M Army dredging pool ceiling (57th percentile) shared with other competitors; ceiling is an option, not revenue.","[""multi_award_pool"", ""ceiling_not_revenue""]",2026-09-02 20:49:16,claude-haiku-4-5,cddd1554e5fe381950e8e1061052cf1b12f7b99f620d116fa786fd7bebd5d4d3,sk-5d396ec5
495abb1aa12d3ea6,33,routine,"Unlisted Crowley $800M modification to universal cargo contract (90th percentile, but shared pool) with $2.33B cumulative face; ceiling not fresh revenue.","[""ceiling_not_revenue"", ""multi_award_pool"", ""modification_context""]",2026-09-02 20:49:16,claude-haiku-4-5,cddd1554e5fe381950e8e1061052cf1b12f7b99f620d116fa786fd7bebd5d4d3,sk-5d396ec5
49a1cdc22dc31b90,31,routine,"Unlisted $95M Army dredging pool ceiling (57th percentile) shared; same-contractor window shows $190M prior, confirming sustainment pattern.","[""multi_award_pool"", ""ceiling_not_revenue"", ""sustainment""]",2026-09-02 20:49:16,claude-haiku-4-5,cddd1554e5fe381950e8e1061052cf1b12f7b99f620d116fa786fd7bebd5d4d3,sk-5d396ec5
49ad9fadbbf5e16f,29,routine,ACM joint venture $25M multidisciplinary A-E pool ceiling (29th percentile) shared across 18 bidders for Arizona civil/structural work.,"[""ceiling_not_revenue"", ""multi_award_pool""]",2026-09-02 20:49:16,claude-haiku-4-5,cddd1554e5fe381950e8e1061052cf1b12f7b99f620d116fa786fd7bebd5d4d3,sk-5d396ec5
4a0653752e3007db,42,notable,"Unlisted HDR $249M Army A-E pool ceiling (71st percentile) shared with 12 competitors, but prior window shows $489M to same contractor, signaling sustained ordering.","[""multi_award_pool"", ""ceiling_not_revenue"", ""recurring_awardee""]",2026-09-02 20:49:16,claude-haiku-4-5,cddd1554e5fe381950e8e1061052cf1b12f7b99f620d116fa786fd7bebd5d4d3,sk-5d396ec5
4a131df845e202fc,18,routine,"A-Vet Roofing is one of 40 awardees on a shared $450M ceiling for Air Force facility roofing; realistic share is ~$11M annually over 5 years, routine facility maintenance with no read-through to a listed company.","[""ceiling_not_revenue"", ""multi_award_pool"", ""sustainment""]",2026-09-02 20:49:17,claude-haiku-4-5,76e53485f398d9e08ed8e2771a6a221578b59402522c97a9c67f96af082cb27d,sk-5d396ec5
4ae22a1e8d0035ba,51,notable,"RTX (Raytheon) wins $104.1M in system design work on the AMRAAM missile, a program of record the company dominates; the cost-plus structure and design phase suggest expansion of an existing franchise.","[""program_of_record"", ""cost_plus_structure"", ""incumbent_retained""]",2026-09-02 20:49:17,claude-haiku-4-5,76e53485f398d9e08ed8e2771a6a221578b59402522c97a9c67f96af082cb27d,sk-5d396ec5
4b12dfa56e2047c7,32,routine,"Rolls-Royce Corp. receives $48.1M in spares and engine production for LCAC amphibious craft, a sustainment modification on a known program; size is modest against RR's $20B+ revenue.","[""sustainment"", ""modification"", ""spares""]",2026-09-02 20:49:17,claude-haiku-4-5,76e53485f398d9e08ed8e2771a6a221578b59402522c97a9c67f96af082cb27d,sk-5d396ec5
4b1ab19bbe7878a3,48,notable,"$317.8M over five years is very large versus Dataminr's own revenue base and validates commercial OSINT alerting as a DoD line item — a competitive datapoint for Palantir (PLTR) and other AI/OSINT vendors, though Dataminr itself is private.","[""size_vs_revenue"", ""no_listed_awardee"", ""new_program""]",2026-09-02 20:49:24,claude-opus-5,1196cfd4eb4e0637b48a3e0ea910a806217d299bcf71589574f4850995f45f4d,sk-5d396ec5
4b4872a65f4daa62,18,routine,"Hasen Global is one of 40 awardees sharing a $450M ceiling for Air Force roofing repair; realistic individual share ~$11M annually, routine facility maintenance with no listed read-through.","[""ceiling_not_revenue"", ""multi_award_pool"", ""sustainment""]",2026-09-02 20:49:17,claude-haiku-4-5,76e53485f398d9e08ed8e2771a6a221578b59402522c97a9c67f96af082cb27d,sk-5d396ec5
4bd132d3f75b64ff,12,routine,"Spees-Reid Middleton JV shares a $25M ceiling with 18 competitors for architect-engineer services in Arizona; individual realistic share ~$1.4M annually, routine design support.","[""ceiling_not_revenue"", ""multi_award_pool"", ""small_ceiling""]",2026-09-02 20:49:17,claude-haiku-4-5,76e53485f398d9e08ed8e2771a6a221578b59402522c97a9c67f96af082cb27d,sk-5d396ec5
4bde7d4792b3c969,28,routine,RTX BBN Technologies exercises a $11M option on a $11.5M cumulative Space Data Networking prototype contract; modest science/tech demonstrator work with no revenue materiality to RTX's $70B+ enterprise.,"[""option_exercise"", ""small_vs_parent"", ""prototype""]",2026-09-02 20:49:17,claude-haiku-4-5,76e53485f398d9e08ed8e2771a6a221578b59402522c97a9c67f96af082cb27d,sk-5d396ec5
4c1c266ac9d29b4b,44,notable,NOC (Northrop Grumman) wins an $86.1M IDIQ ceiling for program management and sustaining engineering on the RVA remote-assessment system; positions the company as primary on an existing Air Force platform.,"[""ceiling_not_revenue"", ""program_of_record"", ""incumbent_retained""]",2026-09-02 20:49:17,claude-haiku-4-5,76e53485f398d9e08ed8e2771a6a221578b59402522c97a9c67f96af082cb27d,sk-5d396ec5
4c4529550eaeaa19,22,routine,"Tidewater Inc., unlisted, wins a $249M ceiling (7 bids) for Army facility restoration in Germany; IDIQ ceiling shared across pool, realistic individual draw is much smaller, routine sustainment with no listed read-through.","[""ceiling_not_revenue"", ""multi_award_pool"", ""sustainment""]",2026-09-02 20:49:17,claude-haiku-4-5,76e53485f398d9e08ed8e2771a6a221578b59402522c97a9c67f96af082cb27d,sk-5d396ec5
4c84a0fcd4c52549,8,routine,"Triton Container, Bermuda-based, shares an unstated ceiling on a P00010 modification to the Master Lease Contract II program; administrative continuation of existing intermodal leasing services, no listed exposure.","[""sustainment"", ""modification"", ""international""]",2026-09-02 20:49:17,claude-haiku-4-5,76e53485f398d9e08ed8e2771a6a221578b59402522c97a9c67f96af082cb27d,sk-5d396ec5
4ca1608f4bb4862f,14,routine,"Amerifield, a small business, is one of ~19 awardees on a $160M construction-services IDIQ; realistic individual share is minor, routine design-bid-build work with no listed read-through.","[""ceiling_not_revenue"", ""multi_award_pool"", ""small_business""]",2026-09-02 20:49:17,claude-haiku-4-5,76e53485f398d9e08ed8e2771a6a221578b59402522c97a9c67f96af082cb27d,sk-5d396ec5
4cc44bd11bb0b0ad,58,notable,BAH (Booz Allen Hamilton) shares a $920M Air Force aerospace and ground-equipment modernization IDIQ with 66 competitors; BAH's scale and position in federal tech/engineering makes this a notable foothold on a major refresh program despite shared ceiling.,"[""ceiling_not_revenue"", ""multi_award_pool"", ""new_platform"", ""read_through_to_bah""]",2026-09-02 20:49:17,claude-haiku-4-5,76e53485f398d9e08ed8e2771a6a221578b59402522c97a9c67f96af082cb27d,sk-5d396ec5
4cfae3707ba62b7b,16,routine,"S&K Aerospace is one of 28 awardees sharing a $471M ceiling for KC-46 aircraft spare parts exchange/repair; realistic individual draw ~$16M annually, routine sustainment on a known program.","[""ceiling_not_revenue"", ""multi_award_pool"", ""sustainment""]",2026-09-02 20:49:17,claude-haiku-4-5,76e53485f398d9e08ed8e2771a6a221578b59402522c97a9c67f96af082cb27d,sk-5d396ec5
4d1927de6151a141,14,routine,"Design West Technologies, a small business, is one of ~18 awardees on a $53M Navy IDIQ for M98 filter sets; realistic individual share is modest, routine spares ordering.","[""ceiling_not_revenue"", ""multi_award_pool"", ""spares""]",2026-09-02 20:49:17,claude-haiku-4-5,76e53485f398d9e08ed8e2771a6a221578b59402522c97a9c67f96af082cb27d,sk-5d396ec5
4d74c9b2d4afe8e8,58,notable,"The Army's initial-entry rotary-wing flight training franchise at Fort Rucker on a $10B ceiling is one of the biggest training recompetes going; M1 is private, so the news is the loss/absence for listed training bidders such as CAE (CAE) and V2X (VVX).","[""ceiling_not_revenue"", ""recompete_loss"", ""read_through_to_prime""]",2026-09-02 20:49:24,claude-opus-5,1196cfd4eb4e0637b48a3e0ea910a806217d299bcf71589574f4850995f45f4d,sk-5d396ec5
4d87370ea3c1b1be,17,routine,"Maycor LLC is one of 40 awardees sharing a $450M Air Force roofing ceiling; realistic individual share ~$11M annually, routine facility maintenance with no listed exposure.","[""ceiling_not_revenue"", ""multi_award_pool"", ""sustainment""]",2026-09-02 20:49:17,claude-haiku-4-5,76e53485f398d9e08ed8e2771a6a221578b59402522c97a9c67f96af082cb27d,sk-5d396ec5
4da7b35ae3c5405b,34,routine,"General Atomics, unlisted, wins $42.9M for EMALS/arresting-gear spares and rotable pool procurement; competent sustainment work on a Navy carrier system, but modest scale and no read-through to a listed prime.","[""sustainment"", ""spares""]",2026-09-02 20:49:17,claude-haiku-4-5,76e53485f398d9e08ed8e2771a6a221578b59402522c97a9c67f96af082cb27d,sk-5d396ec5
4e6a6a939846821d,16,routine,"AllClear Repair Service is one of 28 awardees sharing a $471M ceiling for KC-46 spare parts; realistic individual draw ~$16M annually, routine aircraft sustainment.","[""ceiling_not_revenue"", ""multi_award_pool"", ""sustainment""]",2026-09-02 20:49:17,claude-haiku-4-5,76e53485f398d9e08ed8e2771a6a221578b59402522c97a9c67f96af082cb27d,sk-5d396ec5
4eb45f9e36bd49b1,32,routine,"LMT (Lockheed Martin) wins $23.1M in FMS engineering and depot-activation support for F-35 national depots (Korea, Switzerland, Finland); the work is real and FMS, but modest scale (0.03% of LMT's $67B same-window award backlog) on an established program.","[""fms"", ""sustainment"", ""small_vs_parent""]",2026-09-02 20:49:17,claude-haiku-4-5,76e53485f398d9e08ed8e2771a6a221578b59402522c97a9c67f96af082cb27d,sk-5d396ec5
4f90421bc42aa7de,26,routine,"Sentar Inc., unlisted, is one of ~50 awardees sharing a $278M Navy IDIQ for exercise design and operational analysis; realistic individual draw modest, routine support services with no listed read-through.","[""ceiling_not_revenue"", ""multi_award_pool"", ""sustainment""]",2026-09-02 20:49:17,claude-haiku-4-5,76e53485f398d9e08ed8e2771a6a221578b59402522c97a9c67f96af082cb27d,sk-5d396ec5
4f9b552b9ff9b0f4,45,notable,"RKLB wins its first IDIQ seat on a high-prestige Air Force space test and training program ($981M ceiling, shared across 20 bidders), positioning the company in a strategic government customer and validation of its engineering credentials despite ceiling-not-revenue structure.","[""new_program_of_record"", ""ceiling_not_revenue"", ""competitive_seat"", ""space_program""]",2026-09-02 20:49:17,claude-haiku-4-5,1ae76442f25561beb56adf8658c5346f4c59eda3058d56af5113b0b0fa6aabe5,sk-5d396ec5
4fb6b6b08d7a3257,28,routine,The Dutra Group's $54M modification to an existing Navy waterfront facility contract is sustainment-level work on a program it already holds; shared ceiling pool and lack of listed connection rule out investor impact.,"[""modification"", ""sustainment"", ""ceiling_not_revenue"", ""shared_pool""]",2026-09-02 20:49:17,claude-haiku-4-5,1ae76442f25561beb56adf8658c5346f4c59eda3058d56af5113b0b0fa6aabe5,sk-5d396ec5
502cf4279ddb50e7,22,routine,Kongsberg's $44.3M modification for ACV turret spares is incremental sustainment on an existing foreign-national supplier contract with no read-through to a listed prime.,"[""modification"", ""sustainment"", ""foreign_contractor""]",2026-09-02 20:49:17,claude-haiku-4-5,1ae76442f25561beb56adf8658c5346f4c59eda3058d56af5113b0b0fa6aabe5,sk-5d396ec5
50896dd6baec9a8b,18,routine,Wildscape Restoration's $99M shared ceiling on Army ecosystem services is a small-business pool award ($99M ÷ ~17 competitors) with no listed connection and routine environmental work.,"[""ceiling_not_revenue"", ""small_business"", ""shared_pool"", ""sustainment""]",2026-09-02 20:49:17,claude-haiku-4-5,1ae76442f25561beb56adf8658c5346f4c59eda3058d56af5113b0b0fa6aabe5,sk-5d396ec5
511f505f0b7f07ee,34,routine,Booz Allen's $96.7M modification to a shared MARINE CORPS IDIQ is incremental work on an existing relationship; the firm is already substantial in this customer base and the ceiling-not-revenue structure limits the signal.,"[""modification"", ""ceiling_not_revenue"", ""shared_pool"", ""incumbent""]",2026-09-02 20:49:17,claude-haiku-4-5,1ae76442f25561beb56adf8658c5346f4c59eda3058d56af5113b0b0fa6aabe5,sk-5d396ec5
511f6381a0deee6c,38,routine,"SYY's Sysco Seattle division wins a $281M food-service IDIQ ceiling with only 2 bids received, but this is a routine DLA sustainment contract (food commodity distribution) on a program the market already knows; ceiling-not-revenue dampens the signal.","[""ceiling_not_revenue"", ""sustainment"", ""sole_incumbent""]",2026-09-02 20:49:17,claude-haiku-4-5,1ae76442f25561beb56adf8658c5346f4c59eda3058d56af5113b0b0fa6aabe5,sk-5d396ec5
514c474306f2c57c,22,routine,Robert and Co.'s $145M shared ceiling for Navy petroleum engineering services is distributed across 14 competitors and carries no listed connection; routine engineering support pool.,"[""ceiling_not_revenue"", ""small_business"", ""shared_pool"", ""sustainment""]",2026-09-02 20:49:17,claude-haiku-4-5,1ae76442f25561beb56adf8658c5346f4c59eda3058d56af5113b0b0fa6aabe5,sk-5d396ec5
518197aa8d537c77,72,alert,"TOTE Services wins a $2.21B sole-source contract (1 bid) for Medium Landing Ship construction management, signaling government urgency on a major naval shipbuilding program and confirming the company's unique role in Navy platform production.","[""sole_source"", ""new_platform"", ""large_vs_competitor"", ""ship_construction""]",2026-09-02 20:49:17,claude-haiku-4-5,1ae76442f25561beb56adf8658c5346f4c59eda3058d56af5113b0b0fa6aabe5,sk-5d396ec5
51a2f805aa8b8770,52,notable,"GD's $209.3M modification extends its Abrams Engineering program win (cumulative $849.9M contract value), confirming continued investment in a signature Army ground-combat platform but routine incremental on an already-won program.","[""modification"", ""program_of_record"", ""incumbent_retained"", ""sizeable_increment""]",2026-09-02 20:49:17,claude-haiku-4-5,1ae76442f25561beb56adf8658c5346f4c59eda3058d56af5113b0b0fa6aabe5,sk-5d396ec5
52413806f0d801ef,15,routine,"JLL's $25M IDIQ ceiling for real estate appraisal is a small, narrow-specialty professional services award with sole-source (1/1 solicited) indicating no competitive signal.","[""ceiling_not_revenue"", ""small_award"", ""sole_source"", ""services""]",2026-09-02 20:49:17,claude-haiku-4-5,1ae76442f25561beb56adf8658c5346f4c59eda3058d56af5113b0b0fa6aabe5,sk-5d396ec5
5387bb6505d35dd7,70,alert,"Alloy Surfaces is Chemring Group's (CHG.L) US countermeasures arm, and a $300M decoy production mod (plus a second in-window award) is large against Chemring's roughly £500M revenue base.","[""size_vs_revenue"", ""program_expansion"", ""sole_source""]",2026-09-02 20:49:24,claude-opus-5,1196cfd4eb4e0637b48a3e0ea910a806217d299bcf71589574f4850995f45f4d,sk-5d396ec5
5395db9547d4c173,29,routine,D.A. Nolt's $450M shared ceiling for Air Force roofing services splits across 40 competitors and small businesses; ceiling-not-revenue combined with routine facility maintenance work.,"[""ceiling_not_revenue"", ""small_business"", ""shared_pool"", ""facilities_maintenance""]",2026-09-02 20:49:17,claude-haiku-4-5,1ae76442f25561beb56adf8658c5346f4c59eda3058d56af5113b0b0fa6aabe5,sk-5d396ec5
53ad24f371ac804a,24,routine,"Avion Solutions' $87.2M small-business IDIQ for Army engineering services is sole-source (1/1 solicited), suggesting pre-award relationship, with no listed connection and no program signal.","[""ceiling_not_revenue"", ""small_business"", ""sole_source"", ""services""]",2026-09-02 20:49:17,claude-haiku-4-5,1ae76442f25561beb56adf8658c5346f4c59eda3058d56af5113b0b0fa6aabe5,sk-5d396ec5
53b9089d27f71157,44,notable,"GLDD wins a $68.9M dredging contract (1 of 4 bids) for New Haven Harbor, confirming its position in a competitive federal dredging market; notable as evidence of continued infrastructure-program activity on the Army Corps side.","[""competitive_award"", ""infrastructure"", ""new_award"", ""size_vs_revenue""]",2026-09-02 20:49:17,claude-haiku-4-5,1ae76442f25561beb56adf8658c5346f4c59eda3058d56af5113b0b0fa6aabe5,sk-5d396ec5
541931db1590144c,12,routine,"NOC's $9.4M DLA spares modification (LEX R/H wing) is noise: tiny against a $40B-revenue company, routine sustainment, and at the 2nd percentile of announced awards.","[""modification"", ""sustainment"", ""small_vs_revenue""]",2026-09-02 20:49:17,claude-haiku-4-5,1ae76442f25561beb56adf8658c5346f4c59eda3058d56af5113b0b0fa6aabe5,sk-5d396ec5
54961db0c33e217b,35,routine,S3 AeroDefense's $471M shared ceiling for KC-46 aircraft parts splits across 28 competitors; IDIQ ceiling-not-revenue and no listed connection limit the materiality despite high percentile.,"[""ceiling_not_revenue"", ""shared_pool"", ""sustainment"", ""aircraft_support""]",2026-09-02 20:49:17,claude-haiku-4-5,1ae76442f25561beb56adf8658c5346f4c59eda3058d56af5113b0b0fa6aabe5,sk-5d396ec5
54afc89b48dae58a,20,routine,International Archaeology's $70M shared Navy cultural-resource IDIQ pools across 8 competitors for routine environmental compliance work; ceiling-not-revenue and no listed read-through.,"[""ceiling_not_revenue"", ""shared_pool"", ""environmental"", ""sustainment""]",2026-09-02 20:49:17,claude-haiku-4-5,1ae76442f25561beb56adf8658c5346f4c59eda3058d56af5113b0b0fa6aabe5,sk-5d396ec5
554246e99db136c1,11,routine,"L3Harris' $11.9M spares modification is immaterial: noise against a $15B-revenue parent, routine DLA sustainment at the 10th percentile of announced awards.","[""modification"", ""sustainment"", ""small_vs_revenue""]",2026-09-02 20:49:17,claude-haiku-4-5,1ae76442f25561beb56adf8658c5346f4c59eda3058d56af5113b0b0fa6aabe5,sk-5d396ec5
55cb893748413aa7,32,routine,Cayuse Native Hawaiian Veterans' $249M IDIQ ceiling for Navy ship repair (Guam) carries small-business and tribal preferences; sole-note is the rolling-admission language (work-sharing formula) and ceiling-not-revenue structure limit forward signal.,"[""ceiling_not_revenue"", ""small_business"", ""naval_maintenance""]",2026-09-02 20:49:17,claude-haiku-4-5,1ae76442f25561beb56adf8658c5346f4c59eda3058d56af5113b0b0fa6aabe5,sk-5d396ec5
55fbee1e34a3fbe6,42,notable,"A $1.52B DLA industrial product support ceiling won against only three offers by ASRC Federal (Alaska Native corporation, unlisted) is share taken from listed logistics/MRO supply integrators, though it is a ceiling not revenue.","[""ceiling_not_revenue"", ""share_shift"", ""no_listed_awardee""]",2026-09-02 20:49:24,claude-opus-5,1196cfd4eb4e0637b48a3e0ea910a806217d299bcf71589574f4850995f45f4d,sk-5d396ec5
56325a60410f1915,45,notable,"HON shares a $471M KC-46 parts ceiling across 28 competitors; realistic portion is modest against its $40B+ revenue, but the win sustains involvement in a program of record.","[""ceiling_not_revenue"", ""multi_award_pool"", ""incumbent_retained""]",2026-09-02 20:49:17,claude-haiku-4-5,60b36229ff4de9810c670924562df9f82c4616c91af29d10384ab5563369b382,sk-5d396ec5
5681869f9ae386e3,38,routine,TTEK's portion of a $145M Navy energy services ceiling shared among 14 bidders is routine sustainment work; ceiling value inflates what any one awardee receives.,"[""ceiling_not_revenue"", ""multi_award_pool"", ""sustainment""]",2026-09-02 20:49:17,claude-haiku-4-5,60b36229ff4de9810c670924562df9f82c4616c91af29d10384ab5563369b382,sk-5d396ec5
5724218a14337b82,20,routine,"Enterprise GIS licensing to privately held Esri; a software renewal, not a program event.","[""no_listed_awardee"", ""software_licenses""]",2026-09-02 20:49:24,claude-opus-5,1196cfd4eb4e0637b48a3e0ea910a806217d299bcf71589574f4850995f45f4d,sk-5d396ec5
57254a44e3e063f1,25,routine,LMT's $15.9M award for TRIDENT II long-lead material is routine production support against LMT's $67B window backlog.,"[""sustainment"", ""small_vs_backlog""]",2026-09-02 20:49:17,claude-haiku-4-5,60b36229ff4de9810c670924562df9f82c4616c91af29d10384ab5563369b382,sk-5d396ec5
57854cbf0a1ebe9d,29,routine,"Burns & McDonnell (unlisted) takes a portion of the same $145M Navy energy services ceiling as award #2; no read-through to a material listed competitor.","[""ceiling_not_revenue"", ""multi_award_pool""]",2026-09-02 20:49:17,claude-haiku-4-5,60b36229ff4de9810c670924562df9f82c4616c91af29d10384ab5563369b382,sk-5d396ec5
57a162785948c03a,22,routine,Shared $700M NAVFAC Northwest marine construction ceiling across 13 bidders and an unlisted JV — noise.,"[""ceiling_not_revenue"", ""multi_award_shared"", ""no_listed_awardee""]",2026-09-02 20:49:24,claude-opus-5,1196cfd4eb4e0637b48a3e0ea910a806217d299bcf71589574f4850995f45f4d,sk-5d396ec5
584c0820117276f2,30,routine,"Small sole-bid alt-PNT research award to a private firm; worth noting only as continued Space Force funding of GPS alternatives that eventually flows to LMT, RTX and L3Harris.","[""no_listed_awardee"", ""rnd"", ""program_signal""]",2026-09-02 20:49:24,claude-opus-5,1196cfd4eb4e0637b48a3e0ea910a806217d299bcf71589574f4850995f45f4d,sk-5d396ec5
58a085b048d3ee88,37,routine,"Drake Air (unlisted) shares the same $471M KC-46 parts ceiling as award #1 across 28 bidders; realistic portion immaterial to any listed supplier.","[""ceiling_not_revenue"", ""multi_award_pool""]",2026-09-02 20:49:17,claude-haiku-4-5,60b36229ff4de9810c670924562df9f82c4616c91af29d10384ab5563369b382,sk-5d396ec5
58cb7078fc545ae0,34,routine,HMMWV order continuation to privately held AM General on a sole-bid IDIQ; no listed read-through beyond confirming Army light-tactical-vehicle buys continue alongside Oshkosh's (OSK) JLTV franchise.,"[""ceiling_not_revenue"", ""sole_source"", ""unlisted_awardee""]",2026-09-02 20:49:24,claude-opus-5,ba0d045e4b50fe7d0f74bea635558215e5dbe1d1557d7941735b1112e416f182,sk-5d396ec5
58ef1ceffc124898,33,routine,"Souza (small business, unlisted) shares a $193M Army construction ceiling across 25 competitors; routine sustainment at immaterial share.","[""ceiling_not_revenue"", ""multi_award_pool"", ""small_business""]",2026-09-02 20:49:17,claude-haiku-4-5,60b36229ff4de9810c670924562df9f82c4616c91af29d10384ab5563369b382,sk-5d396ec5
58f72373cb9b3356,32,routine,Manson (unlisted) is one of multiple awardees sharing a dredging ceiling; routine infrastructure work.,"[""ceiling_not_revenue"", ""multi_award_pool""]",2026-09-02 20:49:17,claude-haiku-4-5,60b36229ff4de9810c670924562df9f82c4616c91af29d10384ab5563369b382,sk-5d396ec5
58fb5304e2dde61a,30,routine,"Emerald Energy (small business, unlisted) shares a real-estate negotiation ceiling; no material read-through to a listed firm.","[""ceiling_not_revenue"", ""multi_award_pool"", ""small_business""]",2026-09-02 20:49:17,claude-haiku-4-5,60b36229ff4de9810c670924562df9f82c4616c91af29d10384ab5563369b382,sk-5d396ec5
59288379006345d1,36,routine,LMT's $49M submarine EW system order is routine production against its $67B window backlog; no program inflection.,"[""sustainment"", ""small_vs_backlog""]",2026-09-02 20:49:17,claude-haiku-4-5,60b36229ff4de9810c670924562df9f82c4616c91af29d10384ab5563369b382,sk-5d396ec5
596df1cc6716e14d,32,routine,NANO's $15M geophysical equipment IDIQ is a one-bid refresh of legacy hardware; modest absolute value and no listed competitor impact.,"[""ceiling_not_revenue"", ""sole_source""]",2026-09-02 20:49:17,claude-haiku-4-5,60b36229ff4de9810c670924562df9f82c4616c91af29d10384ab5563369b382,sk-5d396ec5
59c22d760d104a96,75,alert,"LMT's $53.86B P00002 converts a UCA to a 7-year multiyear for PAC-3 MSE production, structurally locking in $7.7B/year through 2035; this is program continuity and production ramp confirmation material to equity.","[""multiyear_conversion"", ""uca_resolution"", ""size_vs_revenue"", ""production_lock""]",2026-09-02 20:49:17,claude-haiku-4-5,60b36229ff4de9810c670924562df9f82c4616c91af29d10384ab5563369b382,sk-5d396ec5
59e1438a60558cb6,31,routine,"Enterprise Engineering (small business, unlisted) shares the Navy energy services ceiling; one of 14 awardees at immaterial realistic share.","[""ceiling_not_revenue"", ""multi_award_pool"", ""small_business""]",2026-09-02 20:49:17,claude-haiku-4-5,60b36229ff4de9810c670924562df9f82c4616c91af29d10384ab5563369b382,sk-5d396ec5
5a0c83e637aa041c,38,routine,"PCI Bhate (small business, unlisted) shares a $997M Navy pipeline/fuels ceiling across 17 bidders; realistic portion immaterial to any listed prime.","[""ceiling_not_revenue"", ""multi_award_pool"", ""small_business""]",2026-09-02 20:49:17,claude-haiku-4-5,60b36229ff4de9810c670924562df9f82c4616c91af29d10384ab5563369b382,sk-5d396ec5
5a28a2f6d24d283b,42,notable,GLDD wins a $16.1M competitive dredging order (4 bids received) for regional work; confirms its position in Army inland waterways sustainment.,"[""incumbent_retained"", ""small_competitive_award""]",2026-09-02 20:49:17,claude-haiku-4-5,60b36229ff4de9810c670924562df9f82c4616c91af29d10384ab5563369b382,sk-5d396ec5
5a2ce9c22ac55d55,22,routine,Small Navy training-device IDIQ ceiling to a private Orlando firm; too small and too dispersed to matter to listed trainers.,"[""ceiling_not_revenue"", ""unlisted_awardee"", ""sustainment""]",2026-09-02 20:49:24,claude-opus-5,ba0d045e4b50fe7d0f74bea635558215e5dbe1d1557d7941735b1112e416f182,sk-5d396ec5
5a5564fb1e4308f2,35,routine,Kearney (unlisted) shares a $300M healthcare-systems ceiling across 29 competitors in a non-defense branch; routine administrative support with no listed investor read-through.,"[""ceiling_not_revenue"", ""multi_award_pool"", ""non_defense""]",2026-09-02 20:49:17,claude-haiku-4-5,60b36229ff4de9810c670924562df9f82c4616c91af29d10384ab5563369b382,sk-5d396ec5
5ab9bfa6ff487b08,78,alert,"BA's $2.0B new award for MUOS Phase II satellite design, development and launch support is the largest single contract in this window (98th percentile) and represents transformational revenue for an aerospace prime, even accounting for Boeing's scale.","[""size_vs_revenue"", ""program_of_record"", ""competitive_win""]",2026-09-02 20:49:17,claude-haiku-4-5,c334c9b9fd85920ba9371e1dceb589adda2bb1534f60b2570c670761f69250f4,sk-5d396ec5
5abcae144b657c48,28,routine,NOC's $23.4M retrofit and preservation work for the MQ-4C Triton is routine sustainment of an existing program; immaterial to a $36B-revenue company.,"[""sustainment"", ""small_relative_to_revenue""]",2026-09-02 20:49:17,claude-haiku-4-5,c334c9b9fd85920ba9371e1dceb589adda2bb1534f60b2570c670761f69250f4,sk-5d396ec5
5b1b8c98ac776bbb,42,notable,"LMT's $981M multi-award ceiling (shared across 20 bidders) positions it on a new space test and evaluation IDIQ; realistic share is ~$49M, but the 20-firm competition and high percentile warrant tracking as a future task-order source.","[""ceiling_not_revenue"", ""multi_award_pool"", ""competitive_position""]",2026-09-02 20:49:17,claude-haiku-4-5,c334c9b9fd85920ba9371e1dceb589adda2bb1534f60b2570c670761f69250f4,sk-5d396ec5
5b3980ee810cd9f0,25,routine,"NOC's $49.0M JTAGS sustainment contract is routine contractor logistics support, small relative to a $36B revenue base.","[""sustainment"", ""small_relative_to_revenue""]",2026-09-02 20:49:17,claude-haiku-4-5,c334c9b9fd85920ba9371e1dceb589adda2bb1534f60b2570c670761f69250f4,sk-5d396ec5
5b6e57b5ff3ccf2a,15,routine,Michels Construction's $700M multi-award naval facility IDIQ ceiling is shared among multiple competitors; realistic individual share is immaterial and awardee is unlisted.,"[""ceiling_not_revenue"", ""multi_award_pool"", ""unlisted""]",2026-09-02 20:49:17,claude-haiku-4-5,c334c9b9fd85920ba9371e1dceb589adda2bb1534f60b2570c670761f69250f4,sk-5d396ec5
5c1fd31b3190a8e2,18,routine,Raymond Pond's $249.5M architect-engineering IDIQ ceiling is shared across 5 competitors in a small-business set-aside; individual realistic share under $50M is routine and awardee is unlisted.,"[""ceiling_not_revenue"", ""multi_award_pool"", ""small_business"", ""unlisted""]",2026-09-02 20:49:17,claude-haiku-4-5,c334c9b9fd85920ba9371e1dceb589adda2bb1534f60b2570c670761f69250f4,sk-5d396ec5
5c21e69a55398f3d,82,alert,LMT's $8.4B modification to expand Precision Strike Missile production capacity is the single largest incremental obligation in this window (99th percentile) and signals major ramp on a critical air-defense program.,"[""size_vs_revenue"", ""production_increase"", ""program_of_record""]",2026-09-02 20:49:17,claude-haiku-4-5,c334c9b9fd85920ba9371e1dceb589adda2bb1534f60b2570c670761f69250f4,sk-5d396ec5
5c2cf52f10dfe916,24,routine,A. Harold's $70.0M modification to a Navy training curriculum IDIQ is routine sustainment spread across many installations; unlisted awardee and immaterial dollar value.,"[""sustainment"", ""ceiling_not_revenue"", ""unlisted""]",2026-09-02 20:49:17,claude-haiku-4-5,c334c9b9fd85920ba9371e1dceb589adda2bb1534f60b2570c670761f69250f4,sk-5d396ec5
5c677892be7e2283,40,notable,"Maximus (MMS) takes a seat on a shared $400M NAVWAR analysis pool won against 50 bidders — a defense-services foothold, but the headline figure is shared and immaterial against ~$5B revenue.","[""multi_award_pool"", ""ceiling_not_revenue"", ""competitive_field""]",2026-09-02 20:49:24,claude-opus-5,ba0d045e4b50fe7d0f74bea635558215e5dbe1d1557d7941735b1112e416f182,sk-5d396ec5
5c6d225273b3e90f,20,routine,AM General's $98.7M HMMWV IDIQ modification is sole-source sustainment of an established truck program; unlisted awardee and routine production support.,"[""sustainment"", ""sole_source"", ""unlisted""]",2026-09-02 20:49:17,claude-haiku-4-5,c334c9b9fd85920ba9371e1dceb589adda2bb1534f60b2570c670761f69250f4,sk-5d396ec5
5ca3223f1168f4a3,38,routine,"BA's $156.2M P-8A engine kit ceiling for Navy and FMS customers is a booked ceiling, not incremental revenue, and below the threshold to move a $200B+ prime's outlook.","[""ceiling_not_revenue"", ""fms"", ""small_relative_to_revenue""]",2026-09-02 20:49:17,claude-haiku-4-5,c334c9b9fd85920ba9371e1dceb589adda2bb1534f60b2570c670761f69250f4,sk-5d396ec5
5d5a5a0a103f271f,22,routine,Nova Group's $54.0M modification to a multi-award NAVFAC construction IDIQ is routine marine facility work; unlisted awardee and shared pool ceiling.,"[""sustainment"", ""ceiling_not_revenue"", ""multi_award_pool"", ""unlisted""]",2026-09-02 20:49:17,claude-haiku-4-5,c334c9b9fd85920ba9371e1dceb589adda2bb1534f60b2570c670761f69250f4,sk-5d396ec5
5e12dd08221f28ef,32,routine,General Atomics' $47.4M option exercise for MQ-9A Reaper support is routine logistics and engineering continuation; unlisted prime and small relative to market.,"[""sustainment"", ""option_exercise"", ""unlisted""]",2026-09-02 20:49:17,claude-haiku-4-5,c334c9b9fd85920ba9371e1dceb589adda2bb1534f60b2570c670761f69250f4,sk-5d396ec5
5e1f00f69b3b3898,19,routine,Austin Brockenbrough's $145M multi-award Navy petroleum/oil/lubricants engineering ceiling is shared across 14 competitors; realistic share immaterial and awardee unlisted.,"[""ceiling_not_revenue"", ""multi_award_pool"", ""unlisted""]",2026-09-02 20:49:17,claude-haiku-4-5,c334c9b9fd85920ba9371e1dceb589adda2bb1534f60b2570c670761f69250f4,sk-5d396ec5
5ecc27e7b1c1c7a9,26,routine,LMT's $101.8M Korea Peace Krypton Prime sustainment and repair contract is routine foreign military support work; immaterial to Lockheed Martin's $60B+ revenue and FMS baseline.,"[""sustainment"", ""fms"", ""small_relative_to_revenue""]",2026-09-02 20:49:17,claude-haiku-4-5,c334c9b9fd85920ba9371e1dceb589adda2bb1534f60b2570c670761f69250f4,sk-5d396ec5
5f16f02a81013b6b,17,routine,Atlantic Fabrication's $112.8M multi-award Navy shipyard services IDIQ ceiling is shared among 8 small-business competitors; routine maintenance and unlisted awardee.,"[""ceiling_not_revenue"", ""multi_award_pool"", ""small_business"", ""unlisted""]",2026-09-02 20:49:17,claude-haiku-4-5,c334c9b9fd85920ba9371e1dceb589adda2bb1534f60b2570c670761f69250f4,sk-5d396ec5
5fb2254f52f11e24,20,routine,Private services firm takes one of many seats on a shared Navy analysis pool; no identifiable listed loser.,"[""multi_award_pool"", ""ceiling_not_revenue"", ""unlisted_awardee""]",2026-09-02 20:49:24,claude-opus-5,ba0d045e4b50fe7d0f74bea635558215e5dbe1d1557d7941735b1112e416f182,sk-5d396ec5
5fbb63dd76187ef1,12,routine,"Appledore Marine's architect-engineering IDIQ for waterfront facility inspection is routine government services work; small-business set-aside, unlisted, and amount unstated suggests immaterial scope.","[""ceiling_not_revenue"", ""idiq"", ""small_business"", ""unlisted""]",2026-09-02 20:49:17,claude-haiku-4-5,c334c9b9fd85920ba9371e1dceb589adda2bb1534f60b2570c670761f69250f4,sk-5d396ec5
5fc7144bb5b922ff,14,routine,Carmen Roofing's $450M multi-award Air Force roofing IDIQ ceiling is shared among 40 competitors in a small-business set-aside; realistic individual share under $12M is routine facility maintenance.,"[""ceiling_not_revenue"", ""multi_award_pool"", ""small_business"", ""unlisted""]",2026-09-02 20:49:17,claude-haiku-4-5,c334c9b9fd85920ba9371e1dceb589adda2bb1534f60b2570c670761f69250f4,sk-5d396ec5
60f8cac6b4474f23,15,routine,"Segers Aero's $343.2M multi-award Air Force T-56 engine part repair IDIQ ceiling (shared among 3 bidders) gives realistic share ~$114M, but ceiling is not booked revenue and awardee is unlisted; routine sustainment of aging aircraft platform.","[""ceiling_not_revenue"", ""multi_award_pool"", ""unlisted""]",2026-09-02 20:49:17,claude-haiku-4-5,c334c9b9fd85920ba9371e1dceb589adda2bb1534f60b2570c670761f69250f4,sk-5d396ec5
6116e5412c3a318c,28,routine,Multi-award roofing pool with 40 competitors and shared $450M ceiling; no listed awardee; routine facility maintenance work.,"[""ceiling_not_revenue"", ""multi_award_pool"", ""sustainment""]",2026-09-02 20:49:18,claude-haiku-4-5,932db9c65ff7eae3d07821e2493a4e765167ecc956621d4dc6142cf6384e3abe,sk-5d396ec5
6160d2690c9b682b,44,notable,GD option exercise on existing Navy software platform contract; $15.6M incremental on $345.2M prior window awards signals steady demand for submarine systems integration.,"[""incumbent_retained"", ""platform_continuity""]",2026-09-02 20:49:18,claude-haiku-4-5,932db9c65ff7eae3d07821e2493a4e765167ecc956621d4dc6142cf6384e3abe,sk-5d396ec5
61eda81e1bb0f8f3,62,notable,MTSI awarded $371M as small-business setaside for Space Force rapid-capabilities engineering; large for a small firm and signals new program-of-record initiation in space acquisition.,"[""size_vs_revenue_for_sba"", ""new_program_signal"", ""space_rco""]",2026-09-02 20:49:18,claude-haiku-4-5,932db9c65ff7eae3d07821e2493a4e765167ecc956621d4dc6142cf6384e3abe,sk-5d396ec5
627723d9b40e325f,32,routine,L3Harris (LHX) awarded $22.6M IDIQ ceiling for equipment repair; ceiling-not-revenue and repairs are routine sustainment despite listed parent.,"[""ceiling_not_revenue"", ""sustainment"", ""idiq""]",2026-09-02 20:49:18,claude-haiku-4-5,932db9c65ff7eae3d07821e2493a4e765167ecc956621d4dc6142cf6384e3abe,sk-5d396ec5
628876c5d4340c89,35,routine,"WSP USA awarded $249M in shared multi-award pool for architect-engineer services; no listed awardee and ceiling structure means orders are discretionary, not booked revenue.","[""ceiling_not_revenue"", ""multi_award_pool"", ""architect_engineer""]",2026-09-02 20:49:18,claude-haiku-4-5,932db9c65ff7eae3d07821e2493a4e765167ecc956621d4dc6142cf6384e3abe,sk-5d396ec5
62affa6c668a4952,46,notable,ACC Construction awarded $87.6M mission-command-center construction at Fort Bragg with only 3 bids; single large facility project signals program demand but no listed read-through.,"[""low_bid_count"", ""single_facility_project""]",2026-09-02 20:49:18,claude-haiku-4-5,932db9c65ff7eae3d07821e2493a4e765167ecc956621d4dc6142cf6384e3abe,sk-5d396ec5
63b8588f8637c9aa,33,routine,Great River small-business setaside for $95M shared IDIQ ceiling in Army Corps engineer services; multi-award pool and ceiling-not-revenue structure.,"[""ceiling_not_revenue"", ""multi_award_pool"", ""architect_engineer""]",2026-09-02 20:49:18,claude-haiku-4-5,932db9c65ff7eae3d07821e2493a4e765167ecc956621d4dc6142cf6384e3abe,sk-5d396ec5
63bc3fbb3eb6298f,38,routine,"HDR-AECOM JV awarded $100M IDIQ ceiling for Pacific-area infrastructure design; ceiling-not-revenue, 7 competitors, no listed parent.","[""ceiling_not_revenue"", ""multi_award_pool"", ""architect_engineer""]",2026-09-02 20:49:18,claude-haiku-4-5,932db9c65ff7eae3d07821e2493a4e765167ecc956621d4dc6142cf6384e3abe,sk-5d396ec5
63bfd54adf286d3d,56,notable,"L3Harris (LHX) awarded $981M shared IDIQ ceiling for Space Test and Training Complex support; very large share of multi-award pool and space-mission criticality, but ceiling structure limits revenue impact.","[""ceiling_not_revenue"", ""multi_award_pool"", ""space_criticality""]",2026-09-02 20:49:18,claude-haiku-4-5,932db9c65ff7eae3d07821e2493a4e765167ecc956621d4dc6142cf6384e3abe,sk-5d396ec5
63ec88e79b014d1c,32,routine,Clark Construction awarded $8B shared IDIQ ceiling for Navy regional infrastructure; ceiling-not-revenue and 15 competitors in multi-award pool mean realistic share is fraction of headline.,"[""ceiling_not_revenue"", ""multi_award_pool""]",2026-09-02 20:49:18,claude-haiku-4-5,932db9c65ff7eae3d07821e2493a4e765167ecc956621d4dc6142cf6384e3abe,sk-5d396ec5
640466e741db5b46,68,notable,Lockheed Martin (LMT) awarded $103.9M for Spain F-100 frigate mid-life upgrade long-lead and engineering; FMS program expansion with Madrid placement and $155.7M prior awards show sustained international naval-combat demand.,"[""fms"", ""international_naval_platform"", ""program_expansion""]",2026-09-02 20:49:18,claude-haiku-4-5,932db9c65ff7eae3d07821e2493a4e765167ecc956621d4dc6142cf6384e3abe,sk-5d396ec5
64927288e3a7f306,54,notable,"Rolls-Royce (RR) awarded $36.5M for CMV-22 production engines (10 units, Lot 28); firm-fixed-price production on established program, but modest size and no acceleration signal.","[""production_increment"", ""established_platform""]",2026-09-02 20:49:18,claude-haiku-4-5,932db9c65ff7eae3d07821e2493a4e765167ecc956621d4dc6142cf6384e3abe,sk-5d396ec5
64ca526c5cbe422b,75,alert,Relativity Federal $11.4B modification expanding National Security Space Launch Phase 3 Lane One ceiling to $17B cumulative; major expansion of competitive national-security launch procurement and read-through to SpaceX market share.,"[""program_expansion"", ""nssl_phase_3"", ""read_through_to_prime""]",2026-09-02 20:49:18,claude-haiku-4-5,932db9c65ff7eae3d07821e2493a4e765167ecc956621d4dc6142cf6384e3abe,sk-5d396ec5
65109ee029029ae3,36,routine,"AECOM (ACM subsidiary) awarded $49M shared IDIQ ceiling for disaster-response and civil-works engineer services; ceiling-not-revenue, 5 competitors, routine program sustainment.","[""ceiling_not_revenue"", ""multi_award_pool"", ""sustainment""]",2026-09-02 20:49:18,claude-haiku-4-5,932db9c65ff7eae3d07821e2493a4e765167ecc956621d4dc6142cf6384e3abe,sk-5d396ec5
653befa919b4c547,31,routine,"Sumiju Yokosuka (Japan-based firm) awarded $1B shared IDIQ ceiling for Okinawa-region base construction; ceiling-not-revenue, 14 competitors, and unlisted foreign awardee with no domestic read-through.","[""ceiling_not_revenue"", ""multi_award_pool"", ""international""]",2026-09-02 20:49:18,claude-haiku-4-5,932db9c65ff7eae3d07821e2493a4e765167ecc956621d4dc6142cf6384e3abe,sk-5d396ec5
65d73aaf01b74c58,39,routine,"Aleut Construction small-business modification adding $52.5M to paint-booth contract; narrow scope, small-business setaside, and routine facility infrastructure work.","[""sustainment"", ""facility_modification"", ""sba_setaside""]",2026-09-02 20:49:18,claude-haiku-4-5,932db9c65ff7eae3d07821e2493a4e765167ecc956621d4dc6142cf6384e3abe,sk-5d396ec5
6611b0251b1ab66b,40,notable,Conti Federal Services awarded $37.7M for Ellsworth alert-facility construction with only 3 bids and $450M prior window awards; concentrated competition and strategic-infrastructure (alert) work signal program emphasis.,"[""low_bid_count"", ""strategic_facility"", ""construction_alert""]",2026-09-02 20:49:18,claude-haiku-4-5,932db9c65ff7eae3d07821e2493a4e765167ecc956621d4dc6142cf6384e3abe,sk-5d396ec5
66428b409a10be83,52,notable,"General Dynamics (GD) awarded $41.6M modification for Tomahawk warhead-case production; on critical weapon system, firm-fixed-price, and read-through to GD missile-defense revenue growth.","[""weapons_production"", ""established_platform"", ""read_through_to_prime""]",2026-09-02 20:49:18,claude-haiku-4-5,932db9c65ff7eae3d07821e2493a4e765167ecc956621d4dc6142cf6384e3abe,sk-5d396ec5
66c9155ac379f0ba,71,alert,HITT Contracting awarded $264M for P200 nuclear-power training facility at Joint Base Lindsey Graham with only 2 bids; large single-facility project with strategic training mission and narrow competition signals program priority and demand.,"[""low_bid_count"", ""strategic_facility"", ""nuclear_training_infrastructure""]",2026-09-02 20:49:18,claude-haiku-4-5,932db9c65ff7eae3d07821e2493a4e765167ecc956621d4dc6142cf6384e3abe,sk-5d396ec5
6702070872f047e5,36,routine,"Linmarr Associates awarded $300M shared IDIQ ceiling for 415th Supply Chain Management repair services; ceiling-not-revenue, 25 competitors, routine sustainment work across multiple locations.","[""ceiling_not_revenue"", ""multi_award_pool"", ""sustainment""]",2026-09-02 20:49:18,claude-haiku-4-5,932db9c65ff7eae3d07821e2493a4e765167ecc956621d4dc6142cf6384e3abe,sk-5d396ec5
6703955fd79c5354,28,routine,RTX's $12M spare parts order for Italy is routine sustainment on a program already in the backlog; the company's $634M in window awards shows this is a known vehicle.,"[""sustainment"", ""fms""]",2026-09-02 20:49:18,claude-haiku-4-5,5b8f6fce009af99609877d032a489060a03498ca7f74c29d558936ec0611cbed,sk-5d396ec5
67324bcd1328cf56,31,routine,"Dutra's $95M is a shared ceiling in a 4-bidder pool, so realistic share is ~$24M for a dredging services contract with no listed read-through.","[""ceiling_not_revenue"", ""multi_award_shared""]",2026-09-02 20:49:18,claude-haiku-4-5,5b8f6fce009af99609877d032a489060a03498ca7f74c29d558936ec0611cbed,sk-5d396ec5
67aa678f82edb2d7,38,routine,"Aptim's $997M IDIQ ceiling is shared across 17 awardees in Navy infrastructure services; realistic share is ~$59M of an option, not revenue, with no listed competitor visibility.","[""ceiling_not_revenue"", ""idiq"", ""multi_award_shared""]",2026-09-02 20:49:18,claude-haiku-4-5,5b8f6fce009af99609877d032a489060a03498ca7f74c29d558936ec0611cbed,sk-5d396ec5
67aee9c3ed26880e,24,routine,Guidehouse's $11.8M sole-source award to TECH's advisory services contract is a small add on a $37M program already held; not material to the listed name's revenue.,"[""sole_source"", ""sustainment""]",2026-09-02 20:49:18,claude-haiku-4-5,5b8f6fce009af99609877d032a489060a03498ca7f74c29d558936ec0611cbed,sk-5d396ec5
67e0a89bfbe6cfe1,22,routine,Cody Stevens' $99M small-business set-aside is a shared ceiling in a 42-bidder Army construction pool; realistic share ~$2.4M on an unlisted firm makes this routine noise.,"[""ceiling_not_revenue"", ""multi_award_shared"", ""small_business""]",2026-09-02 20:49:18,claude-haiku-4-5,5b8f6fce009af99609877d032a489060a03498ca7f74c29d558936ec0611cbed,sk-5d396ec5
689e0b352906af46,25,routine,Ideal Innovations' $72M sole-source RF sensing R&D to a small business is a narrow contract with no listed competitor read-through and only one bid received.,"[""sole_source"", ""small_business""]",2026-09-02 20:49:18,claude-haiku-4-5,5b8f6fce009af99609877d032a489060a03498ca7f74c29d558936ec0611cbed,sk-5d396ec5
68ac75b3e8d6ae49,35,routine,M.C Dean's $92.4M operations and maintenance award in a 19-solicitation process is a routine facilities services contract with no material read-through to a listed name.,"[""sustainment""]",2026-09-02 20:49:18,claude-haiku-4-5,5b8f6fce009af99609877d032a489060a03498ca7f74c29d558936ec0611cbed,sk-5d396ec5
68c1058ed6eb5251,19,routine,Boeing's $12.7M MQ-25 option exercise on a $136.4B backlog is a routine incremental order on a well-established program; noise to BA's $170B+ revenue.,"[""sustainment"", ""option_exercise""]",2026-09-02 20:49:18,claude-haiku-4-5,5b8f6fce009af99609877d032a489060a03498ca7f74c29d558936ec0611cbed,sk-5d396ec5
68f904dfa17b30c8,28,routine,Red Eagle 3's $160M shared ceiling in a 19-bidder small-business construction pool implies realistic share ~$8.4M; routine multi-award construction noise.,"[""ceiling_not_revenue"", ""multi_award_shared"", ""small_business""]",2026-09-02 20:49:18,claude-haiku-4-5,5b8f6fce009af99609877d032a489060a03498ca7f74c29d558936ec0611cbed,sk-5d396ec5
68fb4eb601b62be8,32,routine,"Chatmon's $450M Air Force roofing IDIQ ceiling is shared across 40 bidders in a small-business set-aside; realistic share is ~$11M of an option vehicle, not material.","[""ceiling_not_revenue"", ""idiq"", ""multi_award_shared""]",2026-09-02 20:49:18,claude-haiku-4-5,5b8f6fce009af99609877d032a489060a03498ca7f74c29d558936ec0611cbed,sk-5d396ec5
690efb18409ccdee,48,notable,Brasfield & Gorrie's $658M new award for ammunition component remanufacture at Anniston is a material production facility expansion; competitive win (2 bids) signals real program growth.,"[""new_program_content"", ""competitive_win"", ""size_vs_materiality""]",2026-09-02 20:49:18,claude-haiku-4-5,5b8f6fce009af99609877d032a489060a03498ca7f74c29d558936ec0611cbed,sk-5d396ec5
693b584a5a449b84,26,routine,KBR's $17M modification on a $165.7M base supply-chain management contract is a small sustainment increment; routine on a known vehicle.,"[""sustainment"", ""modification_small""]",2026-09-02 20:49:18,claude-haiku-4-5,5b8f6fce009af99609877d032a489060a03498ca7f74c29d558936ec0611cbed,sk-5d396ec5
69c320bfe7d03f6c,62,notable,Northrop Grumman's $312.3M option exercise on SEWIP Block 3 electronics production is a material increment on a Navy program of record; confirms continued demand in a multi-year vehicle.,"[""program_of_record"", ""option_exercise"", ""size_vs_revenue""]",2026-09-02 20:49:18,claude-haiku-4-5,5b8f6fce009af99609877d032a489060a03498ca7f74c29d558936ec0611cbed,sk-5d396ec5
69cb13ba015095d5,21,routine,A3 Pro West's $99M shared small-business ceiling in a 17-bidder Army vegetation-clearing pool has realistic share ~$5.8M; routine construction noise with no listed read-through.,"[""ceiling_not_revenue"", ""multi_award_shared"", ""small_business""]",2026-09-02 20:49:18,claude-haiku-4-5,5b8f6fce009af99609877d032a489060a03498ca7f74c29d558936ec0611cbed,sk-5d396ec5
6a336ef6ec401ae3,18,routine,Shared 25-bidder Air Force repair-services pool ceiling to an unlisted firm; no tradable read-through.,"[""multi_award_pool"", ""ceiling_not_revenue"", ""unlisted_awardee""]",2026-09-02 20:49:24,claude-opus-5,ba0d045e4b50fe7d0f74bea635558215e5dbe1d1557d7941735b1112e416f182,sk-5d396ec5
6a351496927ae3c6,28,routine,"$19.8M IDIQ ceiling for Stinger warheads at LMT, a routine sustainment vehicle for a $160B-revenue company with two prior awards in the window.","[""ceiling_not_revenue"", ""sustainment""]",2026-09-02 20:49:18,claude-haiku-4-5,0ef9a23443da374a96a9d9507400869c49e432d85bd467721316caec10f60c22,sk-5d396ec5
6a680467adb41ce2,45,notable,"$34.1M development contract for heterogeneous microelectronics in Assured Non-Kinetics, a program area worth tracking, with only two bids received suggesting early-stage competition.","[""new_program_signal"", ""competitive_field""]",2026-09-02 20:49:18,claude-haiku-4-5,0ef9a23443da374a96a9d9507400869c49e432d85bd467721316caec10f60c22,sk-5d396ec5
6a70d152c91742b7,24,routine,"$17.0M IDIQ base operations award to VEC subsidiary, routine sustainment work with five bidders in a competitive pool.","[""ceiling_not_revenue"", ""sustainment"", ""small_relative_to_revenue""]",2026-09-02 20:49:18,claude-haiku-4-5,0ef9a23443da374a96a9d9507400869c49e432d85bd467721316caec10f60c22,sk-5d396ec5
6a981670037aa0a9,32,routine,$193M shared IDIQ ceiling in 25-awardee construction pool is ~$7.7M per winner; unlisted small-business winner with no read-through to a listed prime.,"[""ceiling_not_revenue"", ""multi_award_shared"", ""small_business""]",2026-09-02 20:49:18,claude-haiku-4-5,0ef9a23443da374a96a9d9507400869c49e432d85bd467721316caec10f60c22,sk-5d396ec5
6b15788945df4ed8,18,routine,$22.6M modification on $2.87B cumulative Evolved Strategic Satellite Communications program is routine sustainment for BA's $235B revenue base.,"[""modification_small_vs_base"", ""sustainment""]",2026-09-02 20:49:18,claude-haiku-4-5,0ef9a23443da374a96a9d9507400869c49e432d85bd467721316caec10f60c22,sk-5d396ec5
6bc1c1b9bdd290ac,35,routine,$300M shared IDIQ ceiling for 415th Supply Chain repair across 25 awardees is ~$12M per winner; unlisted name with no material read-through.,"[""ceiling_not_revenue"", ""multi_award_shared"", ""sustainment""]",2026-09-02 20:49:18,claude-haiku-4-5,0ef9a23443da374a96a9d9507400869c49e432d85bd467721316caec10f60c22,sk-5d396ec5
6c046b24999541a1,34,routine,"$33.1M sole-source dredging contract, but Marinex is unlisted and the work is routine harbor maintenance with cumulative face value already at $37.8M showing prior execution.","[""sole_source"", ""sustainment"", ""small_increment""]",2026-09-02 20:49:18,claude-haiku-4-5,0ef9a23443da374a96a9d9507400869c49e432d85bd467721316caec10f60c22,sk-5d396ec5
6c72081d040fdc87,40,notable,"A $654M definitized Portsmouth Naval Shipyard utility-resiliency build confirms real SIOP infrastructure outlays, but the JV winner is private and no listed builder is named as loser.","[""definitized_award"", ""shipyard_infrastructure"", ""unlisted_awardee""]",2026-09-02 20:49:24,claude-opus-5,ba0d045e4b50fe7d0f74bea635558215e5dbe1d1557d7941735b1112e416f182,sk-5d396ec5
6cb89f64e4f96f16,22,routine,"$800M shared IDIQ ceiling on Universal Services Contract-10 transportation is cumulative face value already $2.33B, and SeaTac's actual share in a multi-award pool is unknown but small; unlisted carrier with no listed prime exposure.","[""ceiling_not_revenue"", ""multi_award_shared"", ""sustainment""]",2026-09-02 20:49:18,claude-haiku-4-5,0ef9a23443da374a96a9d9507400869c49e432d85bd467721316caec10f60c22,sk-5d396ec5
6cc9de9db633064b,29,routine,"$19.7M modification on $592.7M cumulative KC-46 training program is routine sustainment for FSI, a small increment on an existing vehicle.","[""modification_small_vs_base"", ""sustainment""]",2026-09-02 20:49:18,claude-haiku-4-5,0ef9a23443da374a96a9d9507400869c49e432d85bd467721316caec10f60c22,sk-5d396ec5
6cd76bf9f68bf344,26,routine,"$25.9M modification for CACI on naval engineering support; CACI already holds $525.9M in the window, so this is routine backlog extension.","[""modification_small_vs_base"", ""sustainment""]",2026-09-02 20:49:18,claude-haiku-4-5,0ef9a23443da374a96a9d9507400869c49e432d85bd467721316caec10f60c22,sk-5d396ec5
6cfae19cdeb0c5a2,31,routine,$51.7M IDIQ modification for VH-92A Patriot helicopter logistics at LMT subsidiary is sustainment on a program already at $159M in the window.,"[""ceiling_not_revenue"", ""modification_sustainment""]",2026-09-02 20:49:18,claude-haiku-4-5,0ef9a23443da374a96a9d9507400869c49e432d85bd467721316caec10f60c22,sk-5d396ec5
6d3b5a12efd4652e,38,routine,$99M shared IDIQ ceiling for Sacramento District vegetation clearing across 17 awardees is ~$5.8M per winner; unlisted small-business pool with no read-through.,"[""ceiling_not_revenue"", ""multi_award_shared"", ""small_business""]",2026-09-02 20:49:18,claude-haiku-4-5,0ef9a23443da374a96a9d9507400869c49e432d85bd467721316caec10f60c22,sk-5d396ec5
6dbe3afab93a044c,35,routine,$23.2M procurement of MK66 undersea training targets for SAAB subsidiary; routine Navy inventory replenishment with two prior awards at $97.8M already in backlog.,"[""sustainment"", ""small_increment""]",2026-09-02 20:49:18,claude-haiku-4-5,0ef9a23443da374a96a9d9507400869c49e432d85bd467721316caec10f60c22,sk-5d396ec5
6dd86c0edfd9124d,36,routine,$83.6M shared IDIQ ceiling for weapons system engineering across five awardees is ~$16.7M per winner; unlisted small-business pool with no read-through to a listed prime.,"[""ceiling_not_revenue"", ""multi_award_shared"", ""small_business""]",2026-09-02 20:49:18,claude-haiku-4-5,0ef9a23443da374a96a9d9507400869c49e432d85bd467721316caec10f60c22,sk-5d396ec5
6df166d544b48b4e,33,routine,"$300M shared IDIQ ceiling for 415th Supply Chain repair across 25 awardees is ~$12M per winner; unlisted name, same work scope as award #6 (Kihomac), routine competition.","[""ceiling_not_revenue"", ""multi_award_shared"", ""sustainment""]",2026-09-02 20:49:18,claude-haiku-4-5,0ef9a23443da374a96a9d9507400869c49e432d85bd467721316caec10f60c22,sk-5d396ec5
6e32744ebeca6ba5,20,routine,Small-business awardee added to an existing DLA trailer multiple-award vehicle; ceiling is shared and the name is untradeable.,"[""multi_award_pool"", ""ceiling_not_revenue"", ""unlisted_awardee""]",2026-09-02 20:49:24,claude-opus-5,ba0d045e4b50fe7d0f74bea635558215e5dbe1d1557d7941735b1112e416f182,sk-5d396ec5
6e54d0603fe31a10,32,routine,"$83.6M shared IDIQ ceiling for NOC on weapons system engineering across five awardees is ~$16.7M per winner; same vehicle as award #15 (AMTEC), routine pool sustainment.","[""ceiling_not_revenue"", ""multi_award_shared"", ""sustainment""]",2026-09-02 20:49:18,claude-haiku-4-5,0ef9a23443da374a96a9d9507400869c49e432d85bd467721316caec10f60c22,sk-5d396ec5
6e9b33971db44feb,24,routine,$24.1M modification on $1.77B cumulative F-35 retrofit program at LMT is routine sustainment for a $160B-revenue company.,"[""modification_small_vs_base"", ""sustainment""]",2026-09-02 20:49:18,claude-haiku-4-5,0ef9a23443da374a96a9d9507400869c49e432d85bd467721316caec10f60c22,sk-5d396ec5
6eb17e01e9ea9797,45,notable,"$60.6M with potential $1.38B cumulative face value for AEGIS integration and test at LMT suggests a multi-year program expansion or option exercise material to Navy combat capability, with only two bidders indicating incumbent strength.","[""cumulative_face_value_material"", ""incumbent_retained"", ""program_backlog""]",2026-09-02 20:49:18,claude-haiku-4-5,0ef9a23443da374a96a9d9507400869c49e432d85bd467721316caec10f60c22,sk-5d396ec5
6ec84bbba4d2d2ff,32,routine,$25.2M option exercise on an F/A-18 sustainment contract that KBR already holds; immaterial to any listed investor.,"[""sustainment"", ""option_exercise""]",2026-09-02 20:49:18,claude-haiku-4-5,760663a6d4fbc7dc36395b0244ec14733d83d97835a471c9731831b63f3a1664,sk-5d396ec5
6fa55f717e4d2049,28,routine,$99M IDIQ ceiling shared among unknown competitors for a small-business metallic armor research phase; ceiling is not booked revenue.,"[""ceiling_not_revenue"", ""multi_award_pool"", ""small_business""]",2026-09-02 20:49:18,claude-haiku-4-5,760663a6d4fbc7dc36395b0244ec14733d83d97835a471c9731831b63f3a1664,sk-5d396ec5
6fabf49ff03ac868,58,notable,$71.9M modification expands NOC's InSITE software/hardware program to $452.9M cumulative; confirms sustained investment in Air Force classified prototyping.,"[""modification_on_program"", ""program_expansion""]",2026-09-02 20:49:18,claude-haiku-4-5,760663a6d4fbc7dc36395b0244ec14733d83d97835a471c9731831b63f3a1664,sk-5d396ec5
706b34a90ee21a96,22,routine,"$800M shared ceiling in a multi-award maritime IDIQ pool; unlisted contractor, ceiling-not-revenue architecture, and no visibility into this awardee's realistic share.","[""ceiling_not_revenue"", ""multi_award_pool""]",2026-09-02 20:49:18,claude-haiku-4-5,760663a6d4fbc7dc36395b0244ec14733d83d97835a471c9731831b63f3a1664,sk-5d396ec5
709473ae2baaa5b4,35,routine,$28M HPE order for HPC production and maintenance is small relative to HPE's ~$30B revenue and carries sole bidder signal typical of existing-customer sustainment.,"[""sustainment"", ""sole_source""]",2026-09-02 20:49:18,claude-haiku-4-5,760663a6d4fbc7dc36395b0244ec14733d83d97835a471c9731831b63f3a1664,sk-5d396ec5
710c5596088cfec7,21,routine,$700M shared ceiling in Navy marine facilities IDIQ with 13 bidders; unlisted awardee and ceiling-not-revenue structure prevent material scoring.,"[""ceiling_not_revenue"", ""multi_award_pool""]",2026-09-02 20:49:18,claude-haiku-4-5,760663a6d4fbc7dc36395b0244ec14733d83d97835a471c9731831b63f3a1664,sk-5d396ec5
7136223eb7a5568b,33,routine,"$37.6M new order for oxygen regulators from DLA; no listed awardee, routine spares procurement.","[""sustainment"", ""small_order""]",2026-09-02 20:49:18,claude-haiku-4-5,760663a6d4fbc7dc36395b0244ec14733d83d97835a471c9731831b63f3a1664,sk-5d396ec5
714a01167347ce1c,42,notable,$9.4M MGGT order for P8-A aircraft air systems adds incremental content to a known Navy platform; sole-bid award suggests incumbent retention on subsystem.,"[""incumbent_retained"", ""platform_sustainment""]",2026-09-02 20:49:18,claude-haiku-4-5,760663a6d4fbc7dc36395b0244ec14733d83d97835a471c9731831b63f3a1664,sk-5d396ec5
719e06a6d80418db,24,routine,$450M shared ceiling in Air Force roofing services IDIQ with 40 bidders; unlisted awardee and ceiling architecture neutralize headline size.,"[""ceiling_not_revenue"", ""multi_award_pool""]",2026-09-02 20:49:18,claude-haiku-4-5,760663a6d4fbc7dc36395b0244ec14733d83d97835a471c9731831b63f3a1664,sk-5d396ec5
721a8ae7a05d011a,36,routine,$12.2M option exercise on LHX's Navy CDL radio terminal sustainment contract; routine option pull under existing vehicle.,"[""option_exercise"", ""sustainment""]",2026-09-02 20:49:18,claude-haiku-4-5,760663a6d4fbc7dc36395b0244ec14733d83d97835a471c9731831b63f3a1664,sk-5d396ec5
722d7b71747d364b,47,notable,"$53.9M new production contract for Navy remote mine hunting modules; competitive award (3 bids), cumulative value $196.2M signals established program with real backlog growth.","[""competitive_award"", ""program_expansion""]",2026-09-02 20:49:18,claude-haiku-4-5,760663a6d4fbc7dc36395b0244ec14733d83d97835a471c9731831b63f3a1664,sk-5d396ec5
7241e18d3eead3e7,12,routine,Sole-bid Alaska Native base-support services in Guam with a sub-$30M face value; noise.,"[""base_operations"", ""sole_source"", ""unlisted_awardee""]",2026-09-02 20:49:24,claude-opus-5,ba0d045e4b50fe7d0f74bea635558215e5dbe1d1557d7941735b1112e416f182,sk-5d396ec5
7249091671c5487f,22,routine,"$800M shared ceiling in multi-award maritime IDIQ pool identical to #4; unlisted awardee, same Universal Services Contract-10 vehicle, ceiling-not-revenue.","[""ceiling_not_revenue"", ""multi_award_pool""]",2026-09-02 20:49:18,claude-haiku-4-5,760663a6d4fbc7dc36395b0244ec14733d83d97835a471c9731831b63f3a1664,sk-5d396ec5
727b84f4b4d2af76,44,notable,$74M new construction award for Fort Bragg hangar; competitive (4 bids) execution of cumulative $81.5M contract signals active real estate/facility expansion program.,"[""competitive_award"", ""new_construction""]",2026-09-02 20:49:18,claude-haiku-4-5,760663a6d4fbc7dc36395b0244ec14733d83d97835a471c9731831b63f3a1664,sk-5d396ec5
7294208cbece52e9,33,routine,$24.2M Air Force training device sustainment order to LMT; small relative to LMT's $19B revenue and consistent with routine sustainment of existing simulator fleet.,"[""sustainment"", ""small_vs_revenue""]",2026-09-02 20:49:18,claude-haiku-4-5,760663a6d4fbc7dc36395b0244ec14733d83d97835a471c9731831b63f3a1664,sk-5d396ec5
72b6e50aa65bdd1b,26,routine,$99M shared ceiling in small-business real estate negotiation services IDIQ with 6 bidders; no material revenue booked and unlisted awardee limits read-through.,"[""ceiling_not_revenue"", ""multi_award_pool""]",2026-09-02 20:49:18,claude-haiku-4-5,760663a6d4fbc7dc36395b0244ec14733d83d97835a471c9731831b63f3a1664,sk-5d396ec5
7301477a1c75ceb5,61,notable,$300M modification on decoy production (MJU series) represents substantial expansion of munitions supply under ARMY contract; sole-bid incumbent on recurring tactical item.,"[""modification_on_program"", ""sole_source"", ""munitions""]",2026-09-02 20:49:18,claude-haiku-4-5,760663a6d4fbc7dc36395b0244ec14733d83d97835a471c9731831b63f3a1664,sk-5d396ec5
7304f417215b79b1,38,routine,"$25.3M BAH R&D contract for quantum information science; small relative to BAH's ~$13B revenue, exploratory quantum work with 2-bid competition is typical government advanced research.","[""research_and_development"", ""small_vs_revenue""]",2026-09-02 20:49:18,claude-haiku-4-5,760663a6d4fbc7dc36395b0244ec14733d83d97835a471c9731831b63f3a1664,sk-5d396ec5
730da6ccf6b38bc6,31,routine,$11.1M option exercise under CAE's existing Royal Australian Navy MH-60R training contract; routine FMS sustainment option for already-won platform.,"[""option_exercise"", ""fms"", ""sustainment""]",2026-09-02 20:49:18,claude-haiku-4-5,760663a6d4fbc7dc36395b0244ec14733d83d97835a471c9731831b63f3a1664,sk-5d396ec5
736509fa7176e279,41,notable,"$26.7M GE order for F/A-18 generator control units on sole-source BPA; aircraft component supplier to a legacy platform, but sole-bid execution and platform ubiquity suggest entrenched position.","[""sole_source"", ""incumbent_retained"", ""platform_sustainment""]",2026-09-02 20:49:18,claude-haiku-4-5,760663a6d4fbc7dc36395b0244ec14733d83d97835a471c9731831b63f3a1664,sk-5d396ec5
73bb665518d943e3,24,routine,"Unlisted contractor, $82.4M cumulative value with unstated action amount; technical support work is commodity contracting.","[""sustainment"", ""no_listed_read_through""]",2026-09-02 20:49:18,claude-haiku-4-5,d1e9c4ca5b1e51330c168ade50bc97d1e6c2f889b248c0054c52ed8bd9fb4be2,sk-5d396ec5
73bf7c2bc5485847,28,routine,Shared $800M ceiling under multi-award IDIQ across unnamed pool; unlisted contractor on transportation services with no read-through to a listed prime.,"[""ceiling_not_revenue"", ""multi_award_pool"", ""sustainment""]",2026-09-02 20:49:18,claude-haiku-4-5,d1e9c4ca5b1e51330c168ade50bc97d1e6c2f889b248c0054c52ed8bd9fb4be2,sk-5d396ec5
749b512fdbafe5a0,22,routine,Shared $920M ceiling under 66-bidder multi-award pool; unlisted contractor on general aerospace equipment sourcing with no clear read-through.,"[""ceiling_not_revenue"", ""multi_award_pool"", ""low_bid_concentration""]",2026-09-02 20:49:18,claude-haiku-4-5,d1e9c4ca5b1e51330c168ade50bc97d1e6c2f889b248c0054c52ed8bd9fb4be2,sk-5d396ec5
7510175afa117edc,30,routine,"$31M ICBM supply-chain SaaS to Govini is immaterial in dollars, but signals continued Sentinel/ICBM industrial-base risk tooling spend at Hill AFB — watch as a Northrop (NOC) program-health tell rather than a tradable event.","[""small_dollar"", ""program_signal"", ""unlisted_awardee""]",2026-09-02 20:49:24,claude-opus-5,ba0d045e4b50fe7d0f74bea635558215e5dbe1d1557d7941735b1112e416f182,sk-5d396ec5
755bd95ef82c0587,38,routine,Unlisted contractor awarded $147.3M IDIQ ceiling for countermeasure dispenser production; no listed prime read-through and two-bidder field suggests sole-source incumbent.,"[""ceiling_not_revenue"", ""low_bid_concentration""]",2026-09-02 20:49:18,claude-haiku-4-5,d1e9c4ca5b1e51330c168ade50bc97d1e6c2f889b248c0054c52ed8bd9fb4be2,sk-5d396ec5
756fe4ec21e26781,33,routine,"Unlisted contractor, $55.4M for construction of a single Air National Guard facility; routine sustainment-scale capital work.","[""construction"", ""routine_project_scope""]",2026-09-02 20:49:18,claude-haiku-4-5,d1e9c4ca5b1e51330c168ade50bc97d1e6c2f889b248c0054c52ed8bd9fb4be2,sk-5d396ec5
75e403561772bde8,29,routine,$45.8M modification for Air Force Academy chapel repair; small incremental work against $387M cumulative base.,"[""sustainment"", ""modification_small_pct_of_base""]",2026-09-02 20:49:18,claude-haiku-4-5,d1e9c4ca5b1e51330c168ade50bc97d1e6c2f889b248c0054c52ed8bd9fb4be2,sk-5d396ec5
7623197c4c80490f,25,routine,"Shared multi-award ceiling for material handling equipment; unlisted contractor, no read-through to a listed competitor.","[""ceiling_not_revenue"", ""multi_award_pool"", ""sustainment""]",2026-09-02 20:49:18,claude-haiku-4-5,d1e9c4ca5b1e51330c168ade50bc97d1e6c2f889b248c0054c52ed8bd9fb4be2,sk-5d396ec5
76a83308427af7ef,12,routine,AbilityOne dining-facility services mod to a state blind commission; no investable angle.,"[""services_sustainment"", ""sole_source"", ""unlisted_awardee""]",2026-09-02 20:49:24,claude-opus-5,ba0d045e4b50fe7d0f74bea635558215e5dbe1d1557d7941735b1112e416f182,sk-5d396ec5
76c5f204b55ba0e1,58,notable,MATX (Matson Inc.) takes $800M share of multi-award shipping IDIQ under Universal Services Contract; shared ceiling but strategic sealift role and listed company presence warrant tracking.,"[""ceiling_not_revenue"", ""multi_award_pool"", ""listed_company"", ""strategic_program""]",2026-09-02 20:49:18,claude-haiku-4-5,d1e9c4ca5b1e51330c168ade50bc97d1e6c2f889b248c0054c52ed8bd9fb4be2,sk-5d396ec5
772d31317f234793,34,routine,"$54M modification to multi-award Navy construction pool; incremental amount is 14% of $380M cumulative base, unlisted contractor.","[""modification_small_pct_of_base"", ""multi_award_pool""]",2026-09-02 20:49:18,claude-haiku-4-5,d1e9c4ca5b1e51330c168ade50bc97d1e6c2f889b248c0054c52ed8bd9fb4be2,sk-5d396ec5
7810fd32963d3f10,31,routine,"Shared $193M ceiling under 25-bidder Army construction IDIQ; small-business setaside, unlisted contractor, no read-through.","[""ceiling_not_revenue"", ""multi_award_pool"", ""small_business""]",2026-09-02 20:49:18,claude-haiku-4-5,d1e9c4ca5b1e51330c168ade50bc97d1e6c2f889b248c0054c52ed8bd9fb4be2,sk-5d396ec5
790a87f621a21ec0,60,notable,MAERSK.B (A.P. Moeller-Maersk) secures $800M tranche of multi-award shipping IDIQ under Universal Services Contract; shared ceiling but strategic sealift program and listed company warrant attention.,"[""ceiling_not_revenue"", ""multi_award_pool"", ""listed_company"", ""strategic_program""]",2026-09-02 20:49:18,claude-haiku-4-5,d1e9c4ca5b1e51330c168ade50bc97d1e6c2f889b248c0054c52ed8bd9fb4be2,sk-5d396ec5
7938c3d176d340cf,57,notable,Vertex Aerospace is V2X (VVX): a $391M fully-valued Marine Corps secondary-repairable logistics award won 2-of-2 is meaningful backlog against ~$4B revenue.,"[""size_vs_revenue"", ""listed_mismapped"", ""competitive_win""]",2026-09-02 20:49:24,claude-opus-5,ba0d045e4b50fe7d0f74bea635558215e5dbe1d1557d7941735b1112e416f182,sk-5d396ec5
793c64819c395eee,23,routine,"Shared $90M ceiling under 9-bidder Army design-build IDIQ; unlisted contractor, standard construction work.","[""ceiling_not_revenue"", ""multi_award_pool""]",2026-09-02 20:49:18,claude-haiku-4-5,d1e9c4ca5b1e51330c168ade50bc97d1e6c2f889b248c0054c52ed8bd9fb4be2,sk-5d396ec5
795b66df4a47a913,28,routine,"$32.8M modification to multi-award Navy ISR technical support contract; shares IDIQ ceiling, unlisted contractor, sustainment scope.","[""modification_small_pct_of_base"", ""multi_award_pool"", ""sustainment""]",2026-09-02 20:49:18,claude-haiku-4-5,d1e9c4ca5b1e51330c168ade50bc97d1e6c2f889b248c0054c52ed8bd9fb4be2,sk-5d396ec5
79a7e7323d396c95,20,routine,GD subsidiary awarded $13M modification for vehicle maintenance sustainment; trivial 13th percentile size and routine fleet support work.,"[""sustainment"", ""small_modification""]",2026-09-02 20:49:18,claude-haiku-4-5,d1e9c4ca5b1e51330c168ade50bc97d1e6c2f889b248c0054c52ed8bd9fb4be2,sk-5d396ec5
79bcce3b54ee75af,45,notable,"USFD (US Foods Inc.) wins $69M IDIQ ceiling for DLA food service in 2-bid contest; listed company, new award to known vendor, competitive position but ceiling-structure limits near-term revenue.","[""ceiling_not_revenue"", ""new_award"", ""listed_company""]",2026-09-02 20:49:18,claude-haiku-4-5,d1e9c4ca5b1e51330c168ade50bc97d1e6c2f889b248c0054c52ed8bd9fb4be2,sk-5d396ec5
7a0d932f5ef22bc1,48,notable,"LMT (Lockheed Martin) awarded $142.9M C-5 Galaxy software sustainment IDIQ; listed prime retains program-critical role in long-production system, modest size but strategic platform.","[""incumbent_retained"", ""program_of_record"", ""listed_company""]",2026-09-02 20:49:18,claude-haiku-4-5,d1e9c4ca5b1e51330c168ade50bc97d1e6c2f889b248c0054c52ed8bd9fb4be2,sk-5d396ec5
7a367661f84c2d96,26,routine,Shared $800M ceiling under multi-award shipping IDIQ; unlisted contractor on Universal Services Contract transportation with no read-through to listed prime.,"[""ceiling_not_revenue"", ""multi_award_pool"", ""sustainment""]",2026-09-02 20:49:18,claude-haiku-4-5,d1e9c4ca5b1e51330c168ade50bc97d1e6c2f889b248c0054c52ed8bd9fb4be2,sk-5d396ec5
7a4aab0e99bd3651,45,notable,NOC's $158.8M definitization of an Army contract at the 66th percentile confirms an existing program expansion; a modification on a known vehicle adds real incremental revenue.,"[""size_vs_revenue"", ""modification_expands_program"", ""incumbency_retained""]",2026-09-02 20:49:19,claude-haiku-4-5,0b36ac34cb4b68ea4858332b504e810c70b3b6681e0f1e202a9163beeea6f165,sk-5d396ec5
7a9a703eb22c216f,35,routine,RTX subsidiary awarded a shared ceiling for KC-46 aircraft parts repair under a 28-way pool; RTX's realistic share is a fraction of the $471M headline and this is sustainment work on a known program.,"[""ceiling_not_revenue"", ""shared_pool"", ""sustainment""]",2026-09-02 20:49:19,claude-haiku-4-5,0b36ac34cb4b68ea4858332b504e810c70b3b6681e0f1e202a9163beeea6f165,sk-5d396ec5
7aa0d1d213d622b7,25,routine,Shared $400M NAVWAR pool seat is rounding for General Dynamics (GD); revenue only comes with task orders.,"[""multi_award_pool"", ""ceiling_not_revenue"", ""size_vs_revenue""]",2026-09-02 20:49:24,claude-opus-5,ba0d045e4b50fe7d0f74bea635558215e5dbe1d1557d7941735b1112e416f182,sk-5d396ec5
7ab576576c0b2219,18,routine,"Facilities maintenance for an unlisted contractor with sole-source incumbency; $36.7M is below-median and the IDIQ ceiling is an option, not revenue.","[""no_listed_company"", ""ceiling_not_revenue"", ""sole_source_incumbent""]",2026-09-02 20:49:19,claude-haiku-4-5,0b36ac34cb4b68ea4858332b504e810c70b3b6681e0f1e202a9163beeea6f165,sk-5d396ec5
7ae5d33967846f90,24,routine,One of 28 seats on a shared KC-46 parts repair pool; sustainment work at an unlisted (Cobham-affiliated) site.,"[""multi_award_pool"", ""ceiling_not_revenue"", ""sustainment""]",2026-09-02 20:49:24,claude-opus-5,ba0d045e4b50fe7d0f74bea635558215e5dbe1d1557d7941735b1112e416f182,sk-5d396ec5
7b044b64d93d27e3,48,notable,"CAE (TLS: public, but CAE Inc. is direct-listed) wins a new program for Royal Moroccan Air Force F-16 training systems; $42.1M for a first FMS award on a new platform is material for a smaller contractor.","[""new_program_of_record"", ""fms"", ""international_trainer""]",2026-09-02 20:49:19,claude-haiku-4-5,0b36ac34cb4b68ea4858332b504e810c70b3b6681e0f1e202a9163beeea6f165,sk-5d396ec5
7bc7e3e4c7c80ee9,45,notable,"Balfour Beatty (BBL) holds a seat on the $8B NAVFAC Washington MACC — a durable order pipeline for its US construction arm, but the ceiling is split 15 ways and is not backlog today.","[""multi_award_pool"", ""ceiling_not_revenue"", ""pipeline_position""]",2026-09-02 20:49:24,claude-opus-5,ba0d045e4b50fe7d0f74bea635558215e5dbe1d1557d7941735b1112e416f182,sk-5d396ec5
7bcdfe4b92b6b488,35,routine,ETN subsidiary awarded a shared ceiling for KC-46 parts repair under a 28-way pool; sustainment work under a known vehicle with a fractional realistic share.,"[""ceiling_not_revenue"", ""shared_pool"", ""sustainment""]",2026-09-02 20:49:19,claude-haiku-4-5,0b36ac34cb4b68ea4858332b504e810c70b3b6681e0f1e202a9163beeea6f165,sk-5d396ec5
7c0e8d3c030ae25c,48,notable,"PSN awarded a shared $981M ceiling for Air Force space test and training support under a 20-way pool; PSN already holds $2.19B in the window, signaling that Parsons is building share in space-related engineering.","[""ceiling_not_revenue"", ""shared_pool"", ""repeat_bidder_accumulating""]",2026-09-02 20:49:19,claude-haiku-4-5,0b36ac34cb4b68ea4858332b504e810c70b3b6681e0f1e202a9163beeea6f165,sk-5d396ec5
7c63a1dc6180541e,42,notable,LHX exercised a $70.8M option on Navy equipment contracts; option exercise confirms a known program and adds real incremental revenue at the 53rd percentile.,"[""option_exercise"", ""incumbency_retained"", ""navy_sustainment""]",2026-09-02 20:49:19,claude-haiku-4-5,0b36ac34cb4b68ea4858332b504e810c70b3b6681e0f1e202a9163beeea6f165,sk-5d396ec5
7c81663ecf730e99,20,routine,An unlisted construction contractor wins a $34.4M flood mitigation contract with only 2 bids; routine civil works project.,"[""no_listed_company"", ""local_construction""]",2026-09-02 20:49:19,claude-haiku-4-5,0b36ac34cb4b68ea4858332b504e810c70b3b6681e0f1e202a9163beeea6f165,sk-5d396ec5
7cbf17a722369c99,36,routine,ETN subsidiary awarded a shared ceiling for KC-46 parts repair under a 28-way pool; sustainment work with fractional realistic share.,"[""ceiling_not_revenue"", ""shared_pool"", ""sustainment""]",2026-09-02 20:49:19,claude-haiku-4-5,0b36ac34cb4b68ea4858332b504e810c70b3b6681e0f1e202a9163beeea6f165,sk-5d396ec5
7d0e7c4261d541d9,22,routine,An unlisted fuel-services contractor awarded storage operations at Port of Anchorage; routine DLA logistics sustainment.,"[""no_listed_company"", ""sustainment"", ""logistics""]",2026-09-02 20:49:19,claude-haiku-4-5,0b36ac34cb4b68ea4858332b504e810c70b3b6681e0f1e202a9163beeea6f165,sk-5d396ec5
7d27e26b7b4469f3,58,notable,"GE exercises a $319.5M option on J85 engine supplies at the 79th percentile; GE already holds $427.6M in the window, confirming that the J85 franchise is expanding within DLA sustainment.","[""option_exercise"", ""incumbency_retained"", ""repeat_winner""]",2026-09-02 20:49:19,claude-haiku-4-5,0b36ac34cb4b68ea4858332b504e810c70b3b6681e0f1e202a9163beeea6f165,sk-5d396ec5
7d3dc29af7f97060,36,routine,An unlisted contractor awarded a shared Navy ceiling for operational exercise support under a 50-way pool; routine IDIQ with fractional realistic share.,"[""ceiling_not_revenue"", ""shared_pool"", ""no_listed_company""]",2026-09-02 20:49:19,claude-haiku-4-5,0b36ac34cb4b68ea4858332b504e810c70b3b6681e0f1e202a9163beeea6f165,sk-5d396ec5
7d72ec5855301ffc,30,routine,An unlisted research institute awarded a shared Air Force ceiling for supply-chain repair services under a 25-way pool; routine sustainment with fractional realistic share.,"[""ceiling_not_revenue"", ""shared_pool"", ""no_listed_company""]",2026-09-02 20:49:19,claude-haiku-4-5,0b36ac34cb4b68ea4858332b504e810c70b3b6681e0f1e202a9163beeea6f165,sk-5d396ec5
7de1b72e4bb376e9,44,notable,"TLS awarded a $37.8M IDIQ ceiling for Air Force cybersecurity and AI modernization under 30-way competition; TLS's competitive win in a growth area (AI/security) is material for the 43th-percentile-sized award, though the ceiling is an option not revenue.","[""ceiling_not_revenue"", ""new_program_entry"", ""ai_cybersecurity"", ""competitive""]",2026-09-02 20:49:19,claude-haiku-4-5,0b36ac34cb4b68ea4858332b504e810c70b3b6681e0f1e202a9163beeea6f165,sk-5d396ec5
7de72f18d7fb353a,15,routine,S&B Christ Consulting LLC is not a listed company; this is one of five shared-pool awards on a $249.5M architect-engineering ceiling with no named competitor context.,"[""ceiling_not_revenue"", ""multi_award_pool"", ""unlisted_awardee""]",2026-09-02 20:49:19,claude-haiku-4-5,370363d982d8742921d2d8da94df6220273e544b33f400e164793a35f400c8a3,sk-5d396ec5
7ee037def3a82d01,38,routine,"LMT won sole-source maintenance on a $66.8M contract for Apache MTADS/PNVS logistics against no stated competition, but this is an established program of record where LMT already holds $67.17B in the window and the increment is routine sustainment.","[""sole_source"", ""sustainment"", ""incumbent_retained""]",2026-09-02 20:49:19,claude-haiku-4-5,370363d982d8742921d2d8da94df6220273e544b33f400e164793a35f400c8a3,sk-5d396ec5
7eff5b5138985b0e,18,routine,LMT's $20.2M modification for F-35 Netherlands afloat spares is foreign military sales content on an existing program where LMT has massive incumbent position; the amendment is routine and immaterial to a $200B+ revenue company.,"[""fms"", ""sustainment"", ""modification_small_vs_incumbent""]",2026-09-02 20:49:19,claude-haiku-4-5,370363d982d8742921d2d8da94df6220273e544b33f400e164793a35f400c8a3,sk-5d396ec5
7f17e28db0afff2e,28,routine,"RENK America LLC (unlisted) won sole-source on a $691.3M production contract for hydro-mechanical transmissions, but no listed competitor is named and without a prime read-through this remains a private transaction.","[""sole_source"", ""unlisted_awardee"", ""ceiling_not_revenue""]",2026-09-02 20:49:19,claude-haiku-4-5,370363d982d8742921d2d8da94df6220273e544b33f400e164793a35f400c8a3,sk-5d396ec5
7f79d5565de5b9fc,12,routine,"Aventis LLC's $1.88B multi-award pool ceiling for Air Force R&D technical services is shared among multiple unstated awardees, making each holder's realistic share a small fraction of the headline; unlisted contractor with no listed prime context.","[""ceiling_not_revenue"", ""multi_award_pool"", ""unlisted_awardee""]",2026-09-02 20:49:19,claude-haiku-4-5,370363d982d8742921d2d8da94df6220273e544b33f400e164793a35f400c8a3,sk-5d396ec5
7ff4ea6f0ccf8bca,32,routine,"SAIC won sole-source with a $45.9M engineering ceiling; SAIC holds $352M in the window already, and this IDIQ has no booked orders, making it a modest option on an incumbent position.","[""ceiling_not_revenue"", ""sole_source"", ""incumbent_retained""]",2026-09-02 20:49:19,claude-haiku-4-5,370363d982d8742921d2d8da94df6220273e544b33f400e164793a35f400c8a3,sk-5d396ec5
80383168a3502689,25,routine,"Kongsberg Defence & Aerospace (Norway, unlisted) exercised a $50.3M option on a foreign naval contracts with no named U.S. competitor context; no material read-through identified.","[""option_exercise"", ""fms"", ""unlisted_awardee""]",2026-09-02 20:49:19,claude-haiku-4-5,370363d982d8742921d2d8da94df6220273e544b33f400e164793a35f400c8a3,sk-5d396ec5
808e8466d1f1dc21,14,routine,"B.C. Schmidt Construction's $450.0M shared pool ceiling for Air Force roofing had 40 bids but is IDIQ with no definitive orders; a ceiling shared across many competitors, unlisted awardee, immaterial in isolation.","[""ceiling_not_revenue"", ""multi_award_pool""]",2026-09-02 20:49:19,claude-haiku-4-5,370363d982d8742921d2d8da94df6220273e544b33f400e164793a35f400c8a3,sk-5d396ec5
809e0b91bbb0f1fe,22,routine,"HON's $9.1M inertial navigation units order is in DLA spares, ranked at the bottom percentile; routine sustainment for a $40B+ revenue company with existing DLA relationships.","[""sustainment"", ""small_vs_revenue""]",2026-09-02 20:49:19,claude-haiku-4-5,370363d982d8742921d2d8da94df6220273e544b33f400e164793a35f400c8a3,sk-5d396ec5
80c7b3e85698644a,16,routine,Deloitte's $278.0M shared pool ceiling for Navy operational exercises is one of multiple awardees on a 50-bid IDIQ with no booked revenue; unlisted contractor with no material read-through to a listed prime.,"[""ceiling_not_revenue"", ""multi_award_pool"", ""unlisted_awardee""]",2026-09-02 20:49:19,claude-haiku-4-5,370363d982d8742921d2d8da94df6220273e544b33f400e164793a35f400c8a3,sk-5d396ec5
810db46a8fb0ef5e,14,routine,"LATG Inc.'s $278.0M shared pool ceiling is identical to the Deloitte award (same RFP, same ceiling): Navy operational exercise IDIQ one of many awardees, ceiling not revenue, unlisted contractor.","[""ceiling_not_revenue"", ""multi_award_pool"", ""unlisted_awardee""]",2026-09-02 20:49:19,claude-haiku-4-5,370363d982d8742921d2d8da94df6220273e544b33f400e164793a35f400c8a3,sk-5d396ec5
8154c634d1e4beea,42,notable,GLDD won a $44.5M dredging contract for Fire Island Inlet with three competitors; GLDD holds $315.6M in the window and this is a specific project (not IDIQ) that extends their dredging backlog in a market with limited public competitors.,"[""size_vs_revenue"", ""competitive_win"", ""specific_project""]",2026-09-02 20:49:19,claude-haiku-4-5,370363d982d8742921d2d8da94df6220273e544b33f400e164793a35f400c8a3,sk-5d396ec5
81f2dc2579e65bbf,62,notable,RTX Pratt & Whitney's $240.8M modification to mature the F135 engine for F-35 production signals program urgency and incremental work on a core defense platform; material to RTX's $67B defense portfolio.,"[""modification_incremental"", ""program_of_record"", ""f35_platform""]",2026-09-02 20:49:19,claude-haiku-4-5,370363d982d8742921d2d8da94df6220273e544b33f400e164793a35f400c8a3,sk-5d396ec5
8258b39215467927,18,routine,"Kleinfelder's $70.0M shared pool ceiling for Navy cultural resource services in Hawaii/Guam is IDIQ with 8 competitors; unlisted awardee, no listed prime read-through identified.","[""ceiling_not_revenue"", ""multi_award_pool"", ""unlisted_awardee""]",2026-09-02 20:49:19,claude-haiku-4-5,370363d982d8742921d2d8da94df6220273e544b33f400e164793a35f400c8a3,sk-5d396ec5
82593994ff05cf34,16,routine,Kimley-Hanson-Bergmann JV's $49.0M shared pool ceiling for Army disaster/emergency repair is IDIQ across 5 awardees; unlisted JV with no material read-through to a listed name.,"[""ceiling_not_revenue"", ""multi_award_pool"", ""unlisted_awardee""]",2026-09-02 20:49:19,claude-haiku-4-5,370363d982d8742921d2d8da94df6220273e544b33f400e164793a35f400c8a3,sk-5d396ec5
825c745a06a8e3d2,28,routine,"Griffon Aerospace (asterisked small business, unlisted) won sole-source $133.0M IDIQ for Griffon Outlaw systems support; ceiling not revenue, sole-source flag does not offset lack of listed investor connection.","[""ceiling_not_revenue"", ""sole_source"", ""unlisted_awardee""]",2026-09-02 20:49:19,claude-haiku-4-5,370363d982d8742921d2d8da94df6220273e544b33f400e164793a35f400c8a3,sk-5d396ec5
8279f715a0bd84ea,20,routine,"ASJ-NASCO JV's $193.0M shared pool ceiling for Army construction is one of 25 small-business awardees on an IDIQ; ceiling not revenue, unlisted, no listed prime context.","[""ceiling_not_revenue"", ""multi_award_pool"", ""unlisted_awardee""]",2026-09-02 20:49:19,claude-haiku-4-5,370363d982d8742921d2d8da94df6220273e544b33f400e164793a35f400c8a3,sk-5d396ec5
82cc0f3a9e990a38,48,notable,"Airbus Helicopters (AIR subsidiary) won $115.4M sole-source for up to 12 Lakota UH-72B helicopters; a definitive production order (not IDIQ) on a program where Airbus is the sole supplier, material to AIR's U.S. defense footprint.","[""sole_source"", ""production_order"", ""specific_qty""]",2026-09-02 20:49:19,claude-haiku-4-5,370363d982d8742921d2d8da94df6220273e544b33f400e164793a35f400c8a3,sk-5d396ec5
8312d2b372edb327,24,routine,"TRU Simulation + Training (unlisted) won a $396.0M training-system IDIQ against 23 bidders; ceiling not revenue, unlisted awardee, no listed prime or competitor displacement identified.","[""ceiling_not_revenue"", ""competitive_but_unlisted""]",2026-09-02 20:49:19,claude-haiku-4-5,370363d982d8742921d2d8da94df6220273e544b33f400e164793a35f400c8a3,sk-5d396ec5
83dc09eb3a3cd4c2,13,routine,"Environmental Chemical's $997.0M shared pool ceiling for Navy pipeline and fuel-storage services is one of 17 awardees on an IDIQ; ceiling not revenue, unlisted contractor, no material read-through.","[""ceiling_not_revenue"", ""multi_award_pool"", ""unlisted_awardee""]",2026-09-02 20:49:19,claude-haiku-4-5,370363d982d8742921d2d8da94df6220273e544b33f400e164793a35f400c8a3,sk-5d396ec5
83e8a25b33498318,18,routine,"Shared $249M ceiling over five years across an unspecified multi-award pool for environmental services; this is an option, not booked revenue.","[""ceiling_not_revenue"", ""multi_award_pool""]",2026-09-02 20:49:19,claude-haiku-4-5,95a6fed967e9e85db6ffef367fa4544705ae8e30c0583379dbf5789b6ce8da17,sk-5d396ec5
84102e3ee2434b38,22,routine,Shared $800M ceiling (part of $2.33B cumulative) under Universal Services Contract-10 ocean freight; ceiling_not_revenue and no read-through to a listed prime investor can hold.,"[""ceiling_not_revenue"", ""multi_award_pool""]",2026-09-02 20:49:19,claude-haiku-4-5,95a6fed967e9e85db6ffef367fa4544705ae8e30c0583379dbf5789b6ce8da17,sk-5d396ec5
84d62c254bff4658,25,routine,Shared DHA/DHMS deployment-services pool seat for GDIT; immaterial to General Dynamics (GD) until task orders land.,"[""multi_award_pool"", ""ceiling_not_revenue"", ""size_vs_revenue""]",2026-09-02 20:49:24,claude-opus-5,ba0d045e4b50fe7d0f74bea635558215e5dbe1d1557d7941735b1112e416f182,sk-5d396ec5
84ea31537ad6e981,26,routine,SBIR Phase III DevOps-as-a-service award to a private integrator; too small and no listed incumbent displaced.,"[""small_dollar"", ""unlisted_awardee""]",2026-09-02 20:49:24,claude-opus-5,ba0d045e4b50fe7d0f74bea635558215e5dbe1d1557d7941735b1112e416f182,sk-5d396ec5
851aedb2860a2fc6,20,routine,Shared $450M ceiling across 40 bidders for roofing services at Air Force bases; ceiling_not_revenue and dispersed pool.,"[""ceiling_not_revenue"", ""multi_award_pool""]",2026-09-02 20:49:19,claude-haiku-4-5,95a6fed967e9e85db6ffef367fa4544705ae8e30c0583379dbf5789b6ce8da17,sk-5d396ec5
852104bc3596a248,28,routine,Rheinmetall subsidiary (RMT) wins $18.9M for tank track shoes from 9 bidders; small award relative to RMT's defense revenue and routine sustainment.,"[""size_vs_revenue"", ""sustainment""]",2026-09-02 20:49:19,claude-haiku-4-5,95a6fed967e9e85db6ffef367fa4544705ae8e30c0583379dbf5789b6ce8da17,sk-5d396ec5
853469333071a05b,22,routine,Shared $800M ceiling (part of $2.33B cumulative) under Universal Services Contract-10 ocean freight; ceiling_not_revenue and no read-through to listed investor.,"[""ceiling_not_revenue"", ""multi_award_pool""]",2026-09-02 20:49:19,claude-haiku-4-5,95a6fed967e9e85db6ffef367fa4544705ae8e30c0583379dbf5789b6ce8da17,sk-5d396ec5
8536a6c4a28197d0,31,routine,"TEI-Tusas, a Turkish government firm, receives shared $370.2M ceiling for Navy turbine overhaul with no US-listed tie-in; foreign location and multi-award ceiling mask any single-awardee signal.","[""ceiling_not_revenue"", ""multi_award_pool"", ""fms""]",2026-09-02 20:49:19,claude-haiku-4-5,95a6fed967e9e85db6ffef367fa4544705ae8e30c0583379dbf5789b6ce8da17,sk-5d396ec5
854fdcbf0b903974,24,routine,Velo Aviation receives shared $471M ceiling for KC-46 aircraft parts repairs from 28 bidders; no listed player identified in pool and ceiling is an option.,"[""ceiling_not_revenue"", ""multi_award_pool""]",2026-09-02 20:49:19,claude-haiku-4-5,95a6fed967e9e85db6ffef367fa4544705ae8e30c0583379dbf5789b6ce8da17,sk-5d396ec5
85902ab7c0221cd8,25,routine,"Cottrell's $75M ceiling for dredging services only 2 bids received suggests limited competition, but IDIQ ceiling_not_revenue and small-business setaside blunt the signal.","[""ceiling_not_revenue"", ""idiq""]",2026-09-02 20:49:19,claude-haiku-4-5,95a6fed967e9e85db6ffef367fa4544705ae8e30c0583379dbf5789b6ce8da17,sk-5d396ec5
85c05c8a671eec36,20,routine,Eaton (ETN) takes one of 28 shared seats on a KC-46 parts repair vehicle — immaterial against ~$25B revenue.,"[""multi_award_pool"", ""ceiling_not_revenue"", ""size_vs_revenue""]",2026-09-02 20:49:24,claude-opus-5,ba0d045e4b50fe7d0f74bea635558215e5dbe1d1557d7941735b1112e416f182,sk-5d396ec5
85efeaeb9f208ca6,42,notable,"Government-controlled domestic production of UAS electric motor stators at Anniston is a small but pointed drone-industrial-base signal; immaterial to Siemens AG itself, relevant to US motor/drone supply chain names.","[""new_program"", ""industrial_base_signal"", ""size_vs_revenue""]",2026-09-02 20:49:24,claude-opus-5,ba0d045e4b50fe7d0f74bea635558215e5dbe1d1557d7941735b1112e416f182,sk-5d396ec5
8655df8fdd0a1fa9,20,routine,"Barnett Paving's $25M IDIQ for airfield pavement maintenance is a small, repetitive award with 4 bids and prior similar work; routine sustainment.","[""ceiling_not_revenue"", ""sustainment""]",2026-09-02 20:49:19,claude-haiku-4-5,95a6fed967e9e85db6ffef367fa4544705ae8e30c0583379dbf5789b6ce8da17,sk-5d396ec5
869240dcac62ffe7,19,routine,Raytheon (RTX) gets $10.2M in F/A-18 spare parts from a DLA catalog contract; $10.2M is rounding against RTX's $68B+ revenue and $1.98B in window awards already.,"[""size_vs_revenue"", ""sustainment""]",2026-09-02 20:49:19,claude-haiku-4-5,95a6fed967e9e85db6ffef367fa4544705ae8e30c0583379dbf5789b6ce8da17,sk-5d396ec5
86a4d21c148a4167,30,routine,Heaviside Industries' $99M IDIQ for MOTH spectrum analyzer fielding and sustainment from 99 bidders is an option ceiling with no listed stake visible; routine niche capability refresh.,"[""ceiling_not_revenue"", ""sustainment""]",2026-09-02 20:49:19,claude-haiku-4-5,95a6fed967e9e85db6ffef367fa4544705ae8e30c0583379dbf5789b6ce8da17,sk-5d396ec5
86a504ce7dd23861,32,routine,Seven-year SWAFS sustainment and modernization for privately held Peraton; steady space-domain services work with no listed read-through.,"[""sustainment"", ""unlisted_awardee"", ""incumbent_retained""]",2026-09-02 20:49:24,claude-opus-5,ba0d045e4b50fe7d0f74bea635558215e5dbe1d1557d7941735b1112e416f182,sk-5d396ec5
86deb1da4d07df25,42,notable,Leidos (LDOS) wins $64.8M IDIQ for Navy intelligence systems support at the Hopper Global Communication Center from 6 bidders; confirms LDOS's presence in a Navy intelligence modernization program alongside $690M in other window awards.,"[""program_confirmation"", ""ceiling_not_revenue""]",2026-09-02 20:49:19,claude-haiku-4-5,95a6fed967e9e85db6ffef367fa4544705ae8e30c0583379dbf5789b6ce8da17,sk-5d396ec5
877db7c79306e36e,20,routine,Norfolk Dredging's $27.3M for Delaware River maintenance dredging is a specific civil works project from 3 bids; routine sustainment with no listed read-through.,"[""sustainment""]",2026-09-02 20:49:19,claude-haiku-4-5,95a6fed967e9e85db6ffef367fa4544705ae8e30c0583379dbf5789b6ce8da17,sk-5d396ec5
878ea0c373e9954e,20,routine,C. Ortiz receives shared $450M ceiling across 40 bidders for Air Force roofing; ceiling_not_revenue and dispersed pool.,"[""ceiling_not_revenue"", ""multi_award_pool""]",2026-09-02 20:49:19,claude-haiku-4-5,95a6fed967e9e85db6ffef367fa4544705ae8e30c0583379dbf5789b6ce8da17,sk-5d396ec5
87c11c602f0c17f0,20,routine,Gallaher receives shared $450M ceiling across 40 bidders for Air Force roofing; ceiling_not_revenue and dispersed pool identical to awards 5 and 19.,"[""ceiling_not_revenue"", ""multi_award_pool""]",2026-09-02 20:49:19,claude-haiku-4-5,95a6fed967e9e85db6ffef367fa4544705ae8e30c0583379dbf5789b6ce8da17,sk-5d396ec5
885b066c258ec34f,28,routine,"Serco wins a shared pool ceiling ($300M ÷ ~25 competitors ≈ $12M realistic share) for routine repair services; with $325M in other awards in the window, this is sustainment-level work.","[""ceiling_not_revenue"", ""multi_award_pool"", ""sustainment""]",2026-09-02 20:49:19,claude-haiku-4-5,3f88c327f2c7e8d8d7b3e5c1aacfac50357c8034730fe1bb6e0d15319d6fcb44,sk-5d396ec5
8895250c484feb51,32,routine,Small-business architect-engineer IDIQ with $95M shared ceiling (~$6M realistic share) for routine civil planning within Army Corps; no listed prime or read-through visible.,"[""ceiling_not_revenue"", ""multi_award_pool"", ""sustainment""]",2026-09-02 20:49:19,claude-haiku-4-5,3f88c327f2c7e8d8d7b3e5c1aacfac50357c8034730fe1bb6e0d15319d6fcb44,sk-5d396ec5
88bc4f193c9af301,78,alert,"Blue Origin's $11.4B modification (P00009) to the NSSL Phase Three Lane One program signals continued investment in commercial heavy-lift for national security, though it is shared with ULA and others; the 99th-percentile size and undefinitized language suggest program momentum.","[""size_vs_revenue"", ""modification_on_program_of_record"", ""sole_source_urgency""]",2026-09-02 20:49:19,claude-haiku-4-5,3f88c327f2c7e8d8d7b3e5c1aacfac50357c8034730fe1bb6e0d15319d6fcb44,sk-5d396ec5
892e2cc17fa15832,15,routine,"Coca-Cola (KO) wins a 2-bidder, shared pool ceiling ($9M ÷ 2 ≈ $4.5M realistic share) to supply soda beverages via DLA; immaterial to a $45B-revenue beverage company and unrelated to core defense primes.","[""ceiling_not_revenue"", ""multi_award_pool""]",2026-09-02 20:49:19,claude-haiku-4-5,3f88c327f2c7e8d8d7b3e5c1aacfac50357c8034730fe1bb6e0d15319d6fcb44,sk-5d396ec5
895309f8b737b9cf,35,routine,ATEC's $920M shared pool ceiling (~$14M realistic share with 66 competitors) for aerospace equipment modernization under a broad IDIQ; no read-through to a listed prime identifiable.,"[""ceiling_not_revenue"", ""multi_award_pool""]",2026-09-02 20:49:19,claude-haiku-4-5,3f88c327f2c7e8d8d7b3e5c1aacfac50357c8034730fe1bb6e0d15319d6fcb44,sk-5d396ec5
89e3206d1368074c,38,routine,Dynamo's $278M shared pool ceiling (~$5.5M realistic share with 50 competitors) for Navy operational exercise support; cost-plus pricing and broad engineering scopes suggest routine sustainment-level work.,"[""ceiling_not_revenue"", ""multi_award_pool"", ""sustainment""]",2026-09-02 20:49:19,claude-haiku-4-5,3f88c327f2c7e8d8d7b3e5c1aacfac50357c8034730fe1bb6e0d15319d6fcb44,sk-5d396ec5
8a091a7eb5194dc4,33,routine,Amentum's $981M shared pool ceiling (~$49M realistic share with 20 competitors) for Air Force test and training facility support is large in absolute terms but routine sustainment work with no program-of-record signal.,"[""ceiling_not_revenue"", ""multi_award_pool"", ""sustainment""]",2026-09-02 20:49:19,claude-haiku-4-5,3f88c327f2c7e8d8d7b3e5c1aacfac50357c8034730fe1bb6e0d15319d6fcb44,sk-5d396ec5
8a0bcb3094d3acc9,36,routine,Small-business Kenall's $249.5M shared IDIQ ceiling (~$50M realistic share with 5 bidders) for Army architect-engineer design services is routine infrastructure planning with no listed prime involvement.,"[""ceiling_not_revenue"", ""multi_award_pool"", ""sustainment""]",2026-09-02 20:49:19,claude-haiku-4-5,3f88c327f2c7e8d8d7b3e5c1aacfac50357c8034730fe1bb6e0d15319d6fcb44,sk-5d396ec5
8a1c544cec588bf9,37,routine,SBS-RSSI's $450M shared pool ceiling (~$11M realistic share with 40 competitors) for roofing repair at Air Force installations is routine facility maintenance across many bases.,"[""ceiling_not_revenue"", ""multi_award_pool"", ""sustainment""]",2026-09-02 20:49:19,claude-haiku-4-5,3f88c327f2c7e8d8d7b3e5c1aacfac50357c8034730fe1bb6e0d15319d6fcb44,sk-5d396ec5
8a5114939d68ad0b,20,routine,Private builder takes a seat on the shared $8B NAVFAC Washington MACC; matters only as pipeline context for listed peers like Balfour Beatty (BBL).,"[""multi_award_pool"", ""ceiling_not_revenue"", ""unlisted_awardee""]",2026-09-02 20:49:24,claude-opus-5,ba0d045e4b50fe7d0f74bea635558215e5dbe1d1557d7941735b1112e416f182,sk-5d396ec5
8abfa89744ccc775,25,routine,Childs' small-business IDIQ with unstated amount for routine waterfront facility inspection; no revenue figure and no read-through to a listed name makes this noise.,"[""ceiling_not_revenue"", ""sustainment""]",2026-09-02 20:49:19,claude-haiku-4-5,3f88c327f2c7e8d8d7b3e5c1aacfac50357c8034730fe1bb6e0d15319d6fcb44,sk-5d396ec5
8b9ff1276faaf201,58,notable,"Boeing (BA) receives a $636.1M modification (PZ0022) on Apache component repair and supply chain work, adding to $1.13B cumulative face value on a program of record; the 88th-percentile size and logistics focus on a core rotorcraft system warrant tracking, though routine sustainment for a $170B-revenue company.","[""modification_on_program_of_record"", ""size_vs_revenue_notable""]",2026-09-02 20:49:19,claude-haiku-4-5,3f88c327f2c7e8d8d7b3e5c1aacfac50357c8034730fe1bb6e0d15319d6fcb44,sk-5d396ec5
8bf2c4275f4b3759,24,routine,Lockheed Martin (LMT) receives a $23.3M modification for F-35 retrofit kits supporting multiple services and allied nations; small for LMT's $65B revenue and routine sustainment on a mature program.,"[""modification_on_program_of_record"", ""sustainment""]",2026-09-02 20:49:19,claude-haiku-4-5,3f88c327f2c7e8d8d7b3e5c1aacfac50357c8034730fe1bb6e0d15319d6fcb44,sk-5d396ec5
8c0269c64c099e17,62,notable,"General Dynamics (GD) wins a $400.4M cost-plus award for PWSA Tranche Three ground segment software development, marking a new award on an emerging space architecture program; the contracting structure (CPAF/CPFF) and technical scope signal program importance, though realistic share in a competitive space environment is unclear.","[""new_program_of_record"", ""software_development"", ""space_modernization""]",2026-09-02 20:49:19,claude-haiku-4-5,3f88c327f2c7e8d8d7b3e5c1aacfac50357c8034730fe1bb6e0d15319d6fcb44,sk-5d396ec5
8c1407949bd40df7,18,routine,"Immaterial to TXT at $15.5M, though it extends Textron's sea-based UAS ISR services franchise on Navy vessels.","[""size_vs_revenue"", ""sustainment"", ""incumbent_retained""]",2026-09-02 20:49:24,claude-opus-5,c9e1ca84e93ff3b9702ca3d8e35774eb1295e399023772cb4b3f98cad80a0012,sk-5d396ec5
8c8c8336b3fb74f5,45,notable,"LDOS awarded a competitive seat (50 bids) in a $278M Navy IDIQ for operational exercise and systems engineering work, shared ceiling with other awardees; adds to $690M of same-contractor awards already in window.","[""ceiling_not_revenue"", ""multi_award_pool"", ""incumbent_position""]",2026-09-02 20:49:20,claude-haiku-4-5,6aca903a93eae04de45ceb033b80068e5cb87f7fa7b575c40051d4f9b8c355c1,sk-5d396ec5
8ca3b314ebed85d6,28,routine,Small-business $200M IDIQ for environmental remediation with 3 bids; no listed competitor and low win-rate signal.,"[""ceiling_not_revenue"", ""small_business"", ""narrow_bid_field""]",2026-09-02 20:49:20,claude-haiku-4-5,6aca903a93eae04de45ceb033b80068e5cb87f7fa7b575c40051d4f9b8c355c1,sk-5d396ec5
8d1d5d2575faf832,32,routine,"ACN subsidiary wins $13.6M cloud-automation contract from 14 bids, routine sustainment-scale work against $591.6M of same-contractor awards already in the window.","[""small_vs_backlog"", ""narrow_scope""]",2026-09-02 20:49:20,claude-haiku-4-5,6aca903a93eae04de45ceb033b80068e5cb87f7fa7b575c40051d4f9b8c355c1,sk-5d396ec5
8d3621ce764bf8a3,25,routine,"Serco modification of $25M to a Navy IDIQ ceiling for weapons-system support, typical sustainment at low percentile.","[""modification_low_value"", ""ceiling_not_revenue""]",2026-09-02 20:49:20,claude-haiku-4-5,6aca903a93eae04de45ceb033b80068e5cb87f7fa7b575c40051d4f9b8c355c1,sk-5d396ec5
8d61fa8c31476900,15,routine,Shared $1B Navy construction pool (14 competitors) for Okinawa base maintenance; no listed read-through and multi-award dilution makes individual share immaterial.,"[""ceiling_not_revenue"", ""multi_award_pool"", ""facilities_maintenance""]",2026-09-02 20:49:20,claude-haiku-4-5,6aca903a93eae04de45ceb033b80068e5cb87f7fa7b575c40051d4f9b8c355c1,sk-5d396ec5
8d9f1c405a4f065c,22,routine,Small-business share of $450M Air Force roofing IDIQ (40 competitors); shared ceiling and narrow technical scope signal routine facilities work.,"[""ceiling_not_revenue"", ""multi_award_pool"", ""small_business""]",2026-09-02 20:49:20,claude-haiku-4-5,6aca903a93eae04de45ceb033b80068e5cb87f7fa7b575c40051d4f9b8c355c1,sk-5d396ec5
8def23a36c84ae4d,48,notable,"Federal Contracting wins $143.2M ground-based-deterrent construction (4 competitors, narrow field), new strategic program; no listed prime but size and rarity of work merit tracking for competitive dynamics.","[""new_program_signal"", ""narrow_bid_field"", ""strategic_infrastructure""]",2026-09-02 20:49:20,claude-haiku-4-5,6aca903a93eae04de45ceb033b80068e5cb87f7fa7b575c40051d4f9b8c355c1,sk-5d396ec5
8e5d243750a055d3,15,routine,GE (LMT) P00107 mod of $9.8M on $889.5M Apache/Black Hawk turbine development; routine incremental engineering against massive cumulative base.,"[""modification_low_value"", ""size_vs_cumulative""]",2026-09-02 20:49:20,claude-haiku-4-5,6aca903a93eae04de45ceb033b80068e5cb87f7fa7b575c40051d4f9b8c355c1,sk-5d396ec5
8ea8f52de34241d7,20,routine,Shared $70M Navy archaeology IDIQ (8 competitors) for cultural resource work in Pacific; multi-award dilution and specialized scope make individual award noise.,"[""ceiling_not_revenue"", ""multi_award_pool"", ""niche_scope""]",2026-09-02 20:49:20,claude-haiku-4-5,6aca903a93eae04de45ceb033b80068e5cb87f7fa7b575c40051d4f9b8c355c1,sk-5d396ec5
8ee282eaa136c05c,42,notable,LMT/Sikorsky P00027 mod of $49.9M to qualify Improved Turbine Engine on UH/HH-60M Black Hawk; incremental work on major rotorcraft program with narrow focus.,"[""modification_incremental"", ""program_of_record"", ""narrow_scope""]",2026-09-02 20:49:20,claude-haiku-4-5,6aca903a93eae04de45ceb033b80068e5cb87f7fa7b575c40051d4f9b8c355c1,sk-5d396ec5
8f2e25a83cd388b2,18,routine,Shared $450M Air Force roofing IDIQ (40 competitors) identical to award 6; multi-award and facilities maintenance drive routine classification.,"[""ceiling_not_revenue"", ""multi_award_pool"", ""facilities_maintenance""]",2026-09-02 20:49:20,claude-haiku-4-5,6aca903a93eae04de45ceb033b80068e5cb87f7fa7b575c40051d4f9b8c355c1,sk-5d396ec5
8f3176237953b177,35,routine,BA Systems option exercise of $24.4M for USS Patrick Gallagher post-shakedown availability; routine carrier maintenance against massive ship-repair base.,"[""modification_low_value"", ""sustainment""]",2026-09-02 20:49:20,claude-haiku-4-5,6aca903a93eae04de45ceb033b80068e5cb87f7fa7b575c40051d4f9b8c355c1,sk-5d396ec5
8f54f2e3860c674d,25,routine,Sizeable NATO facility build but the awardee is private and no listed prime is visibly displaced.,"[""unlisted_awardee"", ""construction""]",2026-09-02 20:49:24,claude-opus-5,c9e1ca84e93ff3b9702ca3d8e35774eb1295e399023772cb4b3f98cad80a0012,sk-5d396ec5
8f6ebce45557b327,82,alert,RKLB P00005 mod of $11.4B on National Security Space Launch Phase Three contract increases ceiling to $17.0B; dramatic program expansion on sole strategic space-launch incumbent signals major share shift and capacity commitment.,"[""program_expansion"", ""sole_source"", ""strategic_program"", ""modification_material""]",2026-09-02 20:49:20,claude-haiku-4-5,6aca903a93eae04de45ceb033b80068e5cb87f7fa7b575c40051d4f9b8c355c1,sk-5d396ec5
8fdb1d8b83bbe46d,28,routine,"GD's $33.9M IDIQ ceiling on low-collateral ammunition cases is one of two awards to this subsidiary in the window; the ceiling itself is an option, not committed revenue, and $33.9M is immaterial to General Dynamics' $43B+ revenue.","[""ceiling_not_revenue"", ""sustainment"", ""multi_award_incumbent""]",2026-09-02 20:49:20,claude-haiku-4-5,78128a0e5a5cc20d2f0948af6c6c58d861e1ba47891d06840a0fa2fd5e35dd24,sk-5d396ec5
90652db999be08fb,32,routine,"LMT's $502.4M IDIQ ceiling on AH-64 support is a high-percentile award but represents an option pool under an existing program, not new revenue, and is negligible relative to Lockheed's $66B+ annual revenue.","[""ceiling_not_revenue"", ""sustainment""]",2026-09-02 20:49:20,claude-haiku-4-5,78128a0e5a5cc20d2f0948af6c6c58d861e1ba47891d06840a0fa2fd5e35dd24,sk-5d396ec5
908403bcc45dab90,24,routine,Osprey Management is an unlisted small business competing in a 25-bid Army construction pool where this single $193M ceiling is shared among multiple awardees; no read-through to a listed prime is available.,"[""ceiling_not_revenue"", ""multi_award_shared"", ""small_business""]",2026-09-02 20:49:20,claude-haiku-4-5,78128a0e5a5cc20d2f0948af6c6c58d861e1ba47891d06840a0fa2fd5e35dd24,sk-5d396ec5
90ba935bbffbc012,18,routine,Millburn Harbor is an unlisted small business in a 6-bid real-estate services pool where the $99M ceiling is divided; the work is administrative and not strategically material to any listed contractor.,"[""ceiling_not_revenue"", ""multi_award_shared"", ""small_business""]",2026-09-02 20:49:20,claude-haiku-4-5,78128a0e5a5cc20d2f0948af6c6c58d861e1ba47891d06840a0fa2fd5e35dd24,sk-5d396ec5
90eff224cd9de180,48,notable,AAR Corp (AIR) is awarded a 28-bid share of a $471M KC-46 parts pool; the competitive win in a high-participation pool and focus on a named aircraft program represents material incremental backlog for the subsidiary's MRO business.,"[""multi_award_competitive"", ""aircraft_support"", ""read_through_to_prime""]",2026-09-02 20:49:20,claude-haiku-4-5,78128a0e5a5cc20d2f0948af6c6c58d861e1ba47891d06840a0fa2fd5e35dd24,sk-5d396ec5
912edc3e778c120a,35,routine,RTX's $53.8M task order on F135 engine non-recurring engineering is routine sustainment against a $1.39B program window already held and RTX's $85B+ revenue base.,"[""sustainment"", ""nre"", ""existing_platform""]",2026-09-02 20:49:20,claude-haiku-4-5,78128a0e5a5cc20d2f0948af6c6c58d861e1ba47891d06840a0fa2fd5e35dd24,sk-5d396ec5
913c17ccba23d36e,16,routine,Callan Marine is an unlisted contractor in a shared dredging pool; no investor read-through applies.,"[""ceiling_not_revenue"", ""multi_award_shared""]",2026-09-02 20:49:20,claude-haiku-4-5,78128a0e5a5cc20d2f0948af6c6c58d861e1ba47891d06840a0fa2fd5e35dd24,sk-5d396ec5
917fbdc72f5129d5,21,routine,"CYE Enterprises is an unlisted small business in a 40-bid roofing services pool where the $450M ceiling is shared among many awardees; the work is base operations, not strategic.","[""ceiling_not_revenue"", ""multi_award_shared"", ""small_business"", ""base_operations""]",2026-09-02 20:49:20,claude-haiku-4-5,78128a0e5a5cc20d2f0948af6c6c58d861e1ba47891d06840a0fa2fd5e35dd24,sk-5d396ec5
91918df93e537386,19,routine,Vision Construction is an unlisted contractor in a shared Air Force roofing pool; the work is routine facility maintenance with no listed-company read-through.,"[""ceiling_not_revenue"", ""multi_award_shared"", ""base_operations""]",2026-09-02 20:49:20,claude-haiku-4-5,78128a0e5a5cc20d2f0948af6c6c58d861e1ba47891d06840a0fa2fd5e35dd24,sk-5d396ec5
91d34f5fad5326bc,22,routine,HII's $12.5M modification to San Antonio-class ship maintenance is routine spares and sustainment work negligible to Huntington Ingalls' $10B+ revenue.,"[""sustainment"", ""small_vs_revenue"", ""ship_spares""]",2026-09-02 20:49:20,claude-haiku-4-5,78128a0e5a5cc20d2f0948af6c6c58d861e1ba47891d06840a0fa2fd5e35dd24,sk-5d396ec5
91d9318e48594d7e,14,routine,"PepsiCo is awarded a 2-bid share of a $9M beverage supply pool; this is subsistence supply noise, not material to PEP's $88B revenue.","[""ceiling_not_revenue"", ""multi_award_shared"", ""subsistence""]",2026-09-02 20:49:20,claude-haiku-4-5,78128a0e5a5cc20d2f0948af6c6c58d861e1ba47891d06840a0fa2fd5e35dd24,sk-5d396ec5
9225244f4d8a8993,26,routine,Bristol Engineering is an unlisted small business competing in a 21-bid Army construction pool where the $699M ceiling is shared; no listed-company signal.,"[""ceiling_not_revenue"", ""multi_award_shared"", ""small_business""]",2026-09-02 20:49:20,claude-haiku-4-5,78128a0e5a5cc20d2f0948af6c6c58d861e1ba47891d06840a0fa2fd5e35dd24,sk-5d396ec5
922a7c2621b5ec8a,28,routine,Orion Government Services is an unlisted contractor in a 13-bid Navy facilities pool where the $700M ceiling is shared among competitors; no listed-prime read-through identified.,"[""ceiling_not_revenue"", ""multi_award_shared""]",2026-09-02 20:49:20,claude-haiku-4-5,78128a0e5a5cc20d2f0948af6c6c58d861e1ba47891d06840a0fa2fd5e35dd24,sk-5d396ec5
92369a5543eefc0b,72,alert,United Launch Services secures an $11.4B modification that increases the NSSL Phase Three Lane One ceiling from $17B cumulative; this signals sustained commitment to the named competitor in national security space launch and is material to the competitive landscape even though ULS is private.,"[""program_expansion"", ""national_security_space_launch"", ""share_signal"", ""modification_on_named_program""]",2026-09-02 20:49:20,claude-haiku-4-5,78128a0e5a5cc20d2f0948af6c6c58d861e1ba47891d06840a0fa2fd5e35dd24,sk-5d396ec5
9283211405dc1046,36,routine,KBR Wyle's $36M award on weapon-system SETA is routine engineering support; unlisted contractor with no clear read-through to a listed prime.,"[""sustainment"", ""seta""]",2026-09-02 20:49:20,claude-haiku-4-5,78128a0e5a5cc20d2f0948af6c6c58d861e1ba47891d06840a0fa2fd5e35dd24,sk-5d396ec5
92c402caf512b266,34,routine,"Mod nearly doubles Persistent Systems' Wave Relay/TAK contract for ICBM base security, but the company is private and the read-through to listed tactical-comms names (LHX) is thin.","[""unlisted_awardee"", ""program_expansion"", ""nuclear_modernization""]",2026-09-02 20:49:24,claude-opus-5,c9e1ca84e93ff3b9702ca3d8e35774eb1295e399023772cb4b3f98cad80a0012,sk-5d396ec5
92fb001c51dc7198,24,routine,Boeing's $32.3M task order on P-8A sensor integration is routine sustainment against Boeing's $182B revenue and $136B in same-window awards to this subsidiary.,"[""sustainment"", ""sensor_integration"", ""small_vs_revenue""]",2026-09-02 20:49:20,claude-haiku-4-5,78128a0e5a5cc20d2f0948af6c6c58d861e1ba47891d06840a0fa2fd5e35dd24,sk-5d396ec5
93cdab5eeb35bf6e,55,notable,"Castelion (unlisted small business) wins a Blackbeard Hypersonic Weapon SBIR Phase III IDIQ including 50 Early Operational Capability units; the named hypersonic program and production component signal meaningful work, though the ceiling structure requires discounting.","[""sbir_phase3"", ""named_hypersonic_program"", ""small_business_setaside""]",2026-09-02 20:49:20,claude-haiku-4-5,78128a0e5a5cc20d2f0948af6c6c58d861e1ba47891d06840a0fa2fd5e35dd24,sk-5d396ec5
94128e7aeb8018e1,24,routine,"MSAB is an unlisted small business in the same 25-bid Army construction pool as award #3; the $193M ceiling is shared and the work is administrative facility construction.","[""ceiling_not_revenue"", ""multi_award_shared"", ""small_business""]",2026-09-02 20:49:20,claude-haiku-4-5,78128a0e5a5cc20d2f0948af6c6c58d861e1ba47891d06840a0fa2fd5e35dd24,sk-5d396ec5
94566ee06dfe2bb1,34,routine,"GE Aerospace's $117.9M IDIQ ceiling on T700 engine depot services is routine sustainment for a commercial aviation product line, immaterial to GE's $186B revenue.","[""ceiling_not_revenue"", ""sustainment"", ""commercial_product""]",2026-09-02 20:49:20,claude-haiku-4-5,78128a0e5a5cc20d2f0948af6c6c58d861e1ba47891d06840a0fa2fd5e35dd24,sk-5d396ec5
950ee5a51dabf8df,28,routine,An $800M ceiling on a shared multi-award pool for routine ocean transportation is not allocated revenue; estimated share is well below material thresholds for listed peers.,"[""ceiling_not_revenue"", ""multi_award_pool"", ""sustainment""]",2026-09-02 20:49:20,claude-haiku-4-5,bdd7fd1c7b429fc3a0898fcf0dd298f04fd7836f0a14d6b472c4d2d8e060c311,sk-5d396ec5
9510722a7105bc7e,22,routine,Unstated IDIQ ceiling for architect-engineer inspections is boilerplate sustainment work; no investor impact even at listed company pricing.,"[""ceiling_not_revenue"", ""idiq"", ""sustainment""]",2026-09-02 20:49:20,claude-haiku-4-5,bdd7fd1c7b429fc3a0898fcf0dd298f04fd7836f0a14d6b472c4d2d8e060c311,sk-5d396ec5
9543d93c341cf639,31,routine,A $997M shared IDIQ ceiling for routine pipeline and storage-tank work across 17 competitors divides to immaterial per-awardee share.,"[""ceiling_not_revenue"", ""multi_award_pool""]",2026-09-02 20:49:20,claude-haiku-4-5,bdd7fd1c7b429fc3a0898fcf0dd298f04fd7836f0a14d6b472c4d2d8e060c311,sk-5d396ec5
95fb91b2b4ea54d5,72,alert,LMT (Lockheed Martin) wins sole-source new Sentinel A4 radar IDIQ; $3B ceiling on one of the largest air-defense programs and a new vehicle for this product line signals strategic positioning despite IDIQ structure.,"[""sole_source"", ""new_program_of_record"", ""strategic_radar""]",2026-09-02 20:49:20,claude-haiku-4-5,bdd7fd1c7b429fc3a0898fcf0dd298f04fd7836f0a14d6b472c4d2d8e060c311,sk-5d396ec5
9642e35e52142c99,33,routine,LHX (L3Harris) subsidiary QinetiQ awarded $36.4M ceiling for robotic-system software sustainment under sole-source IDIQ; routine follow-on work.,"[""ceiling_not_revenue"", ""sustainment"", ""sole_source""]",2026-09-02 20:49:20,claude-haiku-4-5,bdd7fd1c7b429fc3a0898fcf0dd298f04fd7836f0a14d6b472c4d2d8e060c311,sk-5d396ec5
967de7f38da7b5b5,54,notable,SAIC mod adds $28.1M to a $83.5M contract for Tranche Three satellite integration with new capabilities and vehicles; expands content on a program of record.,"[""modification"", ""program_expansion"", ""satellite""]",2026-09-02 20:49:20,claude-haiku-4-5,bdd7fd1c7b429fc3a0898fcf0dd298f04fd7836f0a14d6b472c4d2d8e060c311,sk-5d396ec5
9681ccd6338b3df8,38,routine,Unlisted AEVEX awarded $77.8M IDIQ for Casper airborne systems sustainment; three bidders suggest competition but no read-through to listed prime is apparent.,"[""ceiling_not_revenue"", ""three_bidders""]",2026-09-02 20:49:20,claude-haiku-4-5,bdd7fd1c7b429fc3a0898fcf0dd298f04fd7836f0a14d6b472c4d2d8e060c311,sk-5d396ec5
96a3aa3ad4911824,65,notable,"RKLB (Rocket Lab) wins $266M firm fixed-price for 12 suborbital launches against 3 competitors; incremental booked revenue on a narrowly focused platform with clear inventory path, smaller than recent RTX recon work but material to RKLB's revenue scale.","[""booked_revenue"", ""firm_fixed_price"", ""competitive_award""]",2026-09-02 20:49:20,claude-haiku-4-5,bdd7fd1c7b429fc3a0898fcf0dd298f04fd7836f0a14d6b472c4d2d8e060c311,sk-5d396ec5
96f17d5b1048549e,71,alert,A seat on this shared $981M NSTTC test-and-range vehicle is large relative to newly listed Firefly's (FFY) tiny revenue base even at a fraction of the ceiling.,"[""size_vs_revenue"", ""ceiling_not_revenue"", ""multi_award_shared""]",2026-09-02 20:49:24,claude-opus-5,c9e1ca84e93ff3b9702ca3d8e35774eb1295e399023772cb4b3f98cad80a0012,sk-5d396ec5
970d698431c7c790,35,routine,Unlisted Contrack Watts mod adds $54M to $380M shared multi-award NAVFAC pool for routine marine-facility construction; incremental share in competitive pool is immaterial.,"[""modification"", ""multi_award_pool"", ""sustainment""]",2026-09-02 20:49:20,claude-haiku-4-5,bdd7fd1c7b429fc3a0898fcf0dd298f04fd7836f0a14d6b472c4d2d8e060c311,sk-5d396ec5
9743cb069db6e7da,32,routine,Unlisted Barfield in shared $471M IDIQ pool for KC-46 aircraft-parts repair across 28 competitors; estimated per-awardee ceiling ceiling ~$17M is noise.,"[""ceiling_not_revenue"", ""multi_award_pool""]",2026-09-02 20:49:20,claude-haiku-4-5,bdd7fd1c7b429fc3a0898fcf0dd298f04fd7836f0a14d6b472c4d2d8e060c311,sk-5d396ec5
978025ca76293d09,42,notable,RTX (Rockwell Collins) sole-source $82M for AN/ARC-210 radio logistics and repair; booked firm-fixed-price revenue on a legacy product line sustained for operational fleets.,"[""sole_source"", ""booked_revenue"", ""sustainment""]",2026-09-02 20:49:20,claude-haiku-4-5,bdd7fd1c7b429fc3a0898fcf0dd298f04fd7836f0a14d6b472c4d2d8e060c311,sk-5d396ec5
97b80d4a3cafc84b,24,routine,Sole-bid small-business software IDIQ ceiling to a private firm with no listed read-through.,"[""unlisted_awardee"", ""ceiling_not_revenue"", ""sole_source""]",2026-09-02 20:49:24,claude-opus-5,c9e1ca84e93ff3b9702ca3d8e35774eb1295e399023772cb4b3f98cad80a0012,sk-5d396ec5
97babbe279a82cfc,36,routine,Unlisted Ballard Marine in shared $700M IDIQ pool for Navy pier construction across 13 competitors; estimated per-awardee share ~$54M is routine sustainment work.,"[""ceiling_not_revenue"", ""multi_award_pool""]",2026-09-02 20:49:20,claude-haiku-4-5,bdd7fd1c7b429fc3a0898fcf0dd298f04fd7836f0a14d6b472c4d2d8e060c311,sk-5d396ec5
97eeb08d0c72af8a,48,notable,"TXT (Textron, Bell) wins sole-source $43.2M for 32 H-1 helicopter gearboxes under Czech Republic FMS; booked revenue on a sustainment order but FMS customer and sole-source status signal program continuity.","[""booked_revenue"", ""fms"", ""sole_source""]",2026-09-02 20:49:20,claude-haiku-4-5,bdd7fd1c7b429fc3a0898fcf0dd298f04fd7836f0a14d6b472c4d2d8e060c311,sk-5d396ec5
989ebe1f08993a3b,40,notable,"Adds six-year JHMCS spares/repair backlog for RTX but is rounding at ~$80B revenue and is incumbent sustainment, not share shift.","[""size_vs_revenue"", ""sustainment"", ""ceiling_not_revenue""]",2026-09-02 20:49:24,claude-opus-5,c9e1ca84e93ff3b9702ca3d8e35774eb1295e399023772cb4b3f98cad80a0012,sk-5d396ec5
98d21bcfac9576ba,78,alert,RTX (Raytheon Missiles) mod expands AN/SPY-6(V) radar production by $1.81B on $3.39B total contract; material production increment on the Navy's most critical air-defense radar program signals sustained demand and manufacturing scale.,"[""modification"", ""program_expansion"", ""production_order"", ""size_vs_revenue""]",2026-09-02 20:49:20,claude-haiku-4-5,bdd7fd1c7b429fc3a0898fcf0dd298f04fd7836f0a14d6b472c4d2d8e060c311,sk-5d396ec5
99abbfee6f831185,22,routine,Small business construction pool ceiling shared across 19 bidders; $160M shared ceiling is routine sustainment for Army facilities work.,"[""ceiling_not_revenue"", ""multi_award_pool"", ""construction_sustainment""]",2026-09-02 20:49:20,claude-haiku-4-5,fd3f20f6502573e2d2c534278059674ba788c1d07a1c30a82047c20e3aa7307d,sk-5d396ec5
99cbfe996c73414f,62,notable,CLF wins strategic $400M IDIQ ceiling for grain-oriented electrical steel sourcing; notable as a new program vehicle for a direct subsidiary even though the ceiling is shared over contract life.,"[""new_program"", ""ceiling_not_revenue"", ""strategic_material""]",2026-09-02 20:49:20,claude-haiku-4-5,fd3f20f6502573e2d2c534278059674ba788c1d07a1c30a82047c20e3aa7307d,sk-5d396ec5
9a3e28555c25efb5,35,routine,CACI wins seat in $981M shared Space Force engineering ceiling across 20 awardees; CACI's realistic share of this pool work is immaterial to a $10B-revenue integrator.,"[""ceiling_not_revenue"", ""multi_award_pool"", ""incumbency""]",2026-09-02 20:49:20,claude-haiku-4-5,fd3f20f6502573e2d2c534278059674ba788c1d07a1c30a82047c20e3aa7307d,sk-5d396ec5
9acace59a28e6a06,8,routine,Administrative option exercise on a container-leasing vehicle with no dollar value and no listed awardee.,"[""administrative_mod"", ""unlisted_awardee""]",2026-09-02 20:49:24,claude-opus-5,c9e1ca84e93ff3b9702ca3d8e35774eb1295e399023772cb4b3f98cad80a0012,sk-5d396ec5
9b19e4a3638ac552,31,routine,"SupplyCore exercises option for $112.5M shared IDIQ ceiling on MRO products for Asia-Pacific; this is the third award to the company in the window, confirming incumbent status on a routine spares vehicle.","[""ceiling_not_revenue"", ""option_exercise"", ""fms_adjacent"", ""small_business""]",2026-09-02 20:49:20,claude-haiku-4-5,fd3f20f6502573e2d2c534278059674ba788c1d07a1c30a82047c20e3aa7307d,sk-5d396ec5
9b469bb75e5ef4fc,28,routine,L2 Aviation wins seat in $471M shared Air Force KC-46 parts ceiling across 28 awardees; realistic share is too small to move KC-46 economics for a program already in production.,"[""ceiling_not_revenue"", ""multi_award_pool"", ""sustainment""]",2026-09-02 20:49:20,claude-haiku-4-5,fd3f20f6502573e2d2c534278059674ba788c1d07a1c30a82047c20e3aa7307d,sk-5d396ec5
9bd8e4b614b77f61,58,notable,"CAE USA (CAE Inc. subsidiary) wins sole-bid $257.9M Bombardier Global 6500 pilot training contract for Army; notable as a large, undisputed win on a new airframe type for a $2.7B-revenue parent.","[""incumbent_retained"", ""sole_source"", ""new_airframe_type""]",2026-09-02 20:49:20,claude-haiku-4-5,fd3f20f6502573e2d2c534278059674ba788c1d07a1c30a82047c20e3aa7307d,sk-5d396ec5
9bd93a0774de6d4f,12,routine,"Northrop Grumman exercises option for $18.1M on Navy inertial sensor module production; routine sustainment of existing navigation program, immaterial to NOC.","[""option_exercise"", ""sustainment"", ""small_vs_revenue""]",2026-09-02 20:49:20,claude-haiku-4-5,fd3f20f6502573e2d2c534278059674ba788c1d07a1c30a82047c20e3aa7307d,sk-5d396ec5
9c0bbf5b94d3d3da,25,routine,Small business construction pool ceiling shared across 25 Army bidders; $193M shared for facilities work is routine maintenance of existing base infrastructure.,"[""ceiling_not_revenue"", ""multi_award_pool"", ""construction_sustainment""]",2026-09-02 20:49:20,claude-haiku-4-5,fd3f20f6502573e2d2c534278059674ba788c1d07a1c30a82047c20e3aa7307d,sk-5d396ec5
9cc9bb697b06ae63,24,routine,Small business naval machinery services pool ceiling of $112.8M shared across 8 bidders; routine shipyard and shore-facility support work.,"[""ceiling_not_revenue"", ""multi_award_pool"", ""sustainment"", ""small_business""]",2026-09-02 20:49:20,claude-haiku-4-5,fd3f20f6502573e2d2c534278059674ba788c1d07a1c30a82047c20e3aa7307d,sk-5d396ec5
9cd6b9d0ec7437c0,20,routine,Sea Pac Engineering wins seat in $99M shared Army construction ceiling for Central America facilities work; routine infrastructure maintenance.,"[""ceiling_not_revenue"", ""multi_award_pool"", ""construction_sustainment""]",2026-09-02 20:49:20,claude-haiku-4-5,fd3f20f6502573e2d2c534278059674ba788c1d07a1c30a82047c20e3aa7307d,sk-5d396ec5
9cedbc633aa7f9a8,48,notable,"Conti Federal Services wins $78M seismic magazine construction at Sigonella, Italy; notable as a large international military construction award to a contractor with heavy Navy presence ($450M in the window), though facility work is not platform-moving.","[""new_award"", ""international_facility"", ""consolidated_contractor""]",2026-09-02 20:49:20,claude-haiku-4-5,fd3f20f6502573e2d2c534278059674ba788c1d07a1c30a82047c20e3aa7307d,sk-5d396ec5
9cf5becfa62aaa7d,26,routine,Small business environmental remediation pool ceiling of $249M shared across 24 Army awardees; routine sustainment work under existing programs.,"[""ceiling_not_revenue"", ""multi_award_pool"", ""sustainment"", ""small_business""]",2026-09-02 20:49:20,claude-haiku-4-5,fd3f20f6502573e2d2c534278059674ba788c1d07a1c30a82047c20e3aa7307d,sk-5d396ec5
9de360ab3b0f8fb9,22,routine,"CPI Electron wins seat in $300M shared Air Force 415th Squadron repair ceiling across 25 awardees; routine spares and maintenance support, shared pool economics are immaterial.","[""ceiling_not_revenue"", ""multi_award_pool"", ""sustainment""]",2026-09-02 20:49:20,claude-haiku-4-5,fd3f20f6502573e2d2c534278059674ba788c1d07a1c30a82047c20e3aa7307d,sk-5d396ec5
9e89903ffa0cee42,18,routine,Small business construction pool ceiling of $99M shared across 42 Army awardees for Southern California base work; routine facility sustainment across many competitors.,"[""ceiling_not_revenue"", ""multi_award_pool"", ""construction_sustainment"", ""small_business""]",2026-09-02 20:49:20,claude-haiku-4-5,fd3f20f6502573e2d2c534278059674ba788c1d07a1c30a82047c20e3aa7307d,sk-5d396ec5
9e9e986b502ff393,44,notable,"Hutchinson Industries wins $191.6M DLA requirements contract for wheel and tire assemblies against 14 competitors; notable as a new program vehicle in a core supply chain category, though sustainment work limits upside.","[""new_award"", ""competitive"", ""supply_chain""]",2026-09-02 20:49:20,claude-haiku-4-5,fd3f20f6502573e2d2c534278059674ba788c1d07a1c30a82047c20e3aa7307d,sk-5d396ec5
9f299d8b5b9d3eae,26,routine,"Haskell wins $45.2M hangar renovation at Patrick Space Force Base; routine facility upgrade, immaterial to investors.","[""facility_work"", ""single_site""]",2026-09-02 20:49:20,claude-haiku-4-5,fd3f20f6502573e2d2c534278059674ba788c1d07a1c30a82047c20e3aa7307d,sk-5d396ec5
9fff50d13d55fb3e,27,routine,"Small dollar for PSN, but BLADE electronic-attack development is a technology position worth tracking for follow-on scale.","[""size_vs_revenue"", ""new_program"", ""early_stage""]",2026-09-02 20:49:24,claude-opus-5,c9e1ca84e93ff3b9702ca3d8e35774eb1295e399023772cb4b3f98cad80a0012,sk-5d396ec5
a0609a368927144f,15,routine,"Small business construction services ceiling of $997M shared across 17 Navy awardees for overseas petroleum infrastructure; despite large headline ceiling, shared pool economics and routine fuel facility work are immaterial.","[""ceiling_not_revenue"", ""multi_award_pool"", ""small_business"", ""shared_pool""]",2026-09-02 20:49:20,claude-haiku-4-5,fd3f20f6502573e2d2c534278059674ba788c1d07a1c30a82047c20e3aa7307d,sk-5d396ec5
a0980091f4c7044c,15,routine,"Small business construction services ceiling of $997M shared across 17 Navy awardees for petroleum infrastructure; identical to award 19 in economics and scope, routine shared-pool facility work.","[""ceiling_not_revenue"", ""multi_award_pool"", ""small_business"", ""shared_pool""]",2026-09-02 20:49:20,claude-haiku-4-5,fd3f20f6502573e2d2c534278059674ba788c1d07a1c30a82047c20e3aa7307d,sk-5d396ec5
a0a1e3742c44b889,28,routine,$18M for a single training device for a foreign military customer (Nigeria) is small against Textron's $15B+ revenue and represents sustainment of an existing program.,"[""fms"", ""small_award"", ""sustainment""]",2026-09-02 20:49:20,claude-haiku-4-5,1a99a22ae6ae2f2b5e20e425b82d082a6baebdfde751aeee0d7bb8b38cfdffbc,sk-5d396ec5
a0a8564df18a2a23,45,notable,"RTX (RTX) wins a seat in a competitive 28-bidder pool for KC-46 aircraft parts repair, confirming its role on a major Air Force platform, but the $471M is shared across multiple awardees and is a ceiling, not booked revenue.","[""ceiling_not_revenue"", ""multi_award_pool"", ""program_of_record""]",2026-09-02 20:49:20,claude-haiku-4-5,1a99a22ae6ae2f2b5e20e425b82d082a6baebdfde751aeee0d7bb8b38cfdffbc,sk-5d396ec5
a10c8675b2d8bf7a,18,routine,$800M ceiling on an unlisted logistics contractor in an international cargo pool shared across many competitors is routine sustainment of the Universal Services Contract with no read-through to a listed prime.,"[""ceiling_not_revenue"", ""multi_award_pool"", ""logistics""]",2026-09-02 20:49:20,claude-haiku-4-5,1a99a22ae6ae2f2b5e20e425b82d082a6baebdfde751aeee0d7bb8b38cfdffbc,sk-5d396ec5
a125d4db7dbe1402,41,notable,"LMT (LMT) adds $73.9M in incremental work on the Indra Rigel Radar system for Navy surface combatants, a known foreign-sourced upgrade program, confirming an existing win on a program of record.","[""modification"", ""program_of_record"", ""foreign_sourced""]",2026-09-02 20:49:20,claude-haiku-4-5,1a99a22ae6ae2f2b5e20e425b82d082a6baebdfde751aeee0d7bb8b38cfdffbc,sk-5d396ec5
a15228ed804c1362,19,routine,$35.8M modification for MV-22/CMV-22 nacelle kits to an unlisted joint venture is routine sustainment of a mature helicopter fleet with no listed company exposure.,"[""modification"", ""sustainment""]",2026-09-02 20:49:20,claude-haiku-4-5,1a99a22ae6ae2f2b5e20e425b82d082a6baebdfde751aeee0d7bb8b38cfdffbc,sk-5d396ec5
a16451102bdc34f2,46,notable,"LMT (LMT) adds $83.2M to the Navy's Conventional Prompt Strike program to satisfy Army requirements, extending an existing program with cross-service demand signal.","[""modification"", ""program_expansion"", ""cross_service_demand""]",2026-09-02 20:49:20,claude-haiku-4-5,1a99a22ae6ae2f2b5e20e425b82d082a6baebdfde751aeee0d7bb8b38cfdffbc,sk-5d396ec5
a18dfd62a66bfab5,22,routine,$90M IDIQ ceiling for DLA facilities maintenance supplies to an unlisted small business is a routine sustainment contract with no investor read-through.,"[""ceiling_not_revenue"", ""small_business"", ""logistics""]",2026-09-02 20:49:20,claude-haiku-4-5,1a99a22ae6ae2f2b5e20e425b82d082a6baebdfde751aeee0d7bb8b38cfdffbc,sk-5d396ec5
a1ad2e42fc1c1b8c,29,routine,$51.6M for Air Force Academy training support services to an unlisted contractor under competitive bidding is routine sustainment with no listed company exposure.,"[""sustainment"", ""training_services""]",2026-09-02 20:49:20,claude-haiku-4-5,1a99a22ae6ae2f2b5e20e425b82d082a6baebdfde751aeee0d7bb8b38cfdffbc,sk-5d396ec5
a1dedc2253758fb6,35,routine,$278M shared ceiling across a 50-bidder Navy exercises and analysis pool to an unlisted consultant is routine professional services with high competition and no listed prime read-through.,"[""ceiling_not_revenue"", ""multi_award_pool"", ""professional_services""]",2026-09-02 20:49:20,claude-haiku-4-5,1a99a22ae6ae2f2b5e20e425b82d082a6baebdfde751aeee0d7bb8b38cfdffbc,sk-5d396ec5
a22f98012429db4e,35,routine,"Meaningful Navy automated test/re-test award but IDT is PE-owned; listed Navy engineering-services primes (LDOS, CACI) are only indirectly affected.","[""unlisted_awardee"", ""recompete"", ""navy_services""]",2026-09-02 20:49:24,claude-opus-5,c9e1ca84e93ff3b9702ca3d8e35774eb1295e399023772cb4b3f98cad80a0012,sk-5d396ec5
a29f20bbc3369677,24,routine,$249M shared ceiling across a 24-bidder Army environmental remediation pool to an unlisted small-business JV is routine sustainment with distributed competition.,"[""ceiling_not_revenue"", ""multi_award_pool"", ""small_business""]",2026-09-02 20:49:20,claude-haiku-4-5,1a99a22ae6ae2f2b5e20e425b82d082a6baebdfde751aeee0d7bb8b38cfdffbc,sk-5d396ec5
a2ff5316da47bdd8,24,routine,"$249M shared ceiling across a 24-bidder Army environmental remediation pool to an unlisted small-business contractor is routine sustainment with distributed competition, identical program to award 11.","[""ceiling_not_revenue"", ""multi_award_pool"", ""small_business""]",2026-09-02 20:49:20,claude-haiku-4-5,1a99a22ae6ae2f2b5e20e425b82d082a6baebdfde751aeee0d7bb8b38cfdffbc,sk-5d396ec5
a31adc6fa3b4c893,26,routine,$193M shared ceiling across a 25-bidder Army construction pool to an unlisted small-business contractor is routine sustainment with distributed competition.,"[""ceiling_not_revenue"", ""multi_award_pool"", ""small_business""]",2026-09-02 20:49:20,claude-haiku-4-5,1a99a22ae6ae2f2b5e20e425b82d082a6baebdfde751aeee0d7bb8b38cfdffbc,sk-5d396ec5
a409b9269e40830a,32,routine,$33.6M for H-1 helicopter structural kits under an existing production program is modest in size against Textron's revenue and represents routine fleet upgrade work already signaled by award 1.,"[""sustainment"", ""program_of_record"", ""fleet_upgrade""]",2026-09-02 20:49:20,claude-haiku-4-5,1a99a22ae6ae2f2b5e20e425b82d082a6baebdfde751aeee0d7bb8b38cfdffbc,sk-5d396ec5
a476b919fec40356,45,notable,RTX (RTX) wins a second seat in the same 28-bidder competitive KC-46 parts repair pool as award 2; together the two awards signal RTX's dominance on this platform but each share the same $471M ceiling.,"[""ceiling_not_revenue"", ""multi_award_pool"", ""program_of_record""]",2026-09-02 20:49:20,claude-haiku-4-5,1a99a22ae6ae2f2b5e20e425b82d082a6baebdfde751aeee0d7bb8b38cfdffbc,sk-5d396ec5
a61d124562c28cd7,26,routine,Small MDA solid-rocket-motor demo; only interest is as another new-entrant SRM source pressuring NOC and L3Harris long term.,"[""unlisted_awardee"", ""read_through_to_prime"", ""early_stage""]",2026-09-02 20:49:24,claude-opus-5,c9e1ca84e93ff3b9702ca3d8e35774eb1295e399023772cb4b3f98cad80a0012,sk-5d396ec5
a633d4b3d4be30cc,28,routine,"$12.3M modification on a $59.1M IDIQ is routine sustainment dredging work for GLDD, a $500M-revenue company.","[""ceiling_not_revenue"", ""modification"", ""sustainment""]",2026-09-02 20:49:21,claude-haiku-4-5,8cd332e0e83f00ab0a670952e487cb522efc2d42515d98f4a240878c55922446,sk-5d396ec5
a6be6714831e4926,32,routine,"$981M shared ceiling across 20 bidders on a space-test IDIQ is negligible per awardee and only an option, not revenue.","[""ceiling_not_revenue"", ""multi_award_pool"", ""shared_ceiling""]",2026-09-02 20:49:21,claude-haiku-4-5,8cd332e0e83f00ab0a670952e487cb522efc2d42515d98f4a240878c55922446,sk-5d396ec5
a70c7aaa0ce6ab33,25,routine,$95M shared dredging IDIQ ceiling split across multiple awardees is routine program sustainment with no listed read-through.,"[""ceiling_not_revenue"", ""multi_award_pool"", ""sustainment""]",2026-09-02 20:49:21,claude-haiku-4-5,8cd332e0e83f00ab0a670952e487cb522efc2d42515d98f4a240878c55922446,sk-5d396ec5
a70d7e4de0091ec6,24,routine,$72.3M IDIQ ceiling for small-business programmatic support is routine work with no clear listed connection and no execution risk visible.,"[""ceiling_not_revenue"", ""small_business_setaside"", ""sustainment""]",2026-09-02 20:49:21,claude-haiku-4-5,8cd332e0e83f00ab0a670952e487cb522efc2d42515d98f4a240878c55922446,sk-5d396ec5
a76abb9195bfe6e2,38,routine,$95M shared A-E IDIQ ceiling for ACM (AECOM) in a competitive 16-bidder pool is routine framework extension; cumulative $319.7M in the window shows established relationship.,"[""ceiling_not_revenue"", ""multi_award_pool"", ""sustained_incumbent""]",2026-09-02 20:49:21,claude-haiku-4-5,8cd332e0e83f00ab0a670952e487cb522efc2d42515d98f4a240878c55922446,sk-5d396ec5
a77ffd1139ffa21a,74,alert,Even a modest share of this $40M shared UUV/USV survey pool is transformational against OPTT's single-digit-million revenue and typically moves the microcap.,"[""size_vs_revenue"", ""ceiling_not_revenue"", ""multi_award_shared""]",2026-09-02 20:49:24,claude-opus-5,c9e1ca84e93ff3b9702ca3d8e35774eb1295e399023772cb4b3f98cad80a0012,sk-5d396ec5
a7c3fe236d806e55,27,routine,$193M shared construction IDIQ ceiling split among 25 small-business bidders is routine facility work with no listed entity involved.,"[""ceiling_not_revenue"", ""multi_award_pool"", ""small_business_setaside""]",2026-09-02 20:49:21,claude-haiku-4-5,8cd332e0e83f00ab0a670952e487cb522efc2d42515d98f4a240878c55922446,sk-5d396ec5
a845480dd6384205,26,routine,$69.9M food-and-beverage IDIQ ceiling for an unlisted supplier is routine DLA provisioning with no listed read-through.,"[""ceiling_not_revenue"", ""sustainment""]",2026-09-02 20:49:21,claude-haiku-4-5,8cd332e0e83f00ab0a670952e487cb522efc2d42515d98f4a240878c55922446,sk-5d396ec5
a85c56ddc78b654c,35,routine,$15M CVN-74 refueling-overhaul modification for HII is routine nuclear-carrier maintenance; immaterial to $10B-revenue shipbuilder.,"[""modification"", ""sustainment"", ""size_vs_revenue""]",2026-09-02 20:49:21,claude-haiku-4-5,8cd332e0e83f00ab0a670952e487cb522efc2d42515d98f4a240878c55922446,sk-5d396ec5
a8da38f8b5ba0726,31,routine,$471M shared KC-46 parts IDIQ ceiling split across 28 bidders is routine aerospace sustainment with no listed prime.,"[""ceiling_not_revenue"", ""multi_award_pool"", ""sustainment""]",2026-09-02 20:49:21,claude-haiku-4-5,8cd332e0e83f00ab0a670952e487cb522efc2d42515d98f4a240878c55922446,sk-5d396ec5
a90b5449917ec64c,39,routine,$99M shared real-estate IDIQ for JLL (subsidiary of $95B LaSalle) is routine property negotiation across five states in a 6-company pool.,"[""ceiling_not_revenue"", ""multi_award_pool"", ""sustainment""]",2026-09-02 20:49:21,claude-haiku-4-5,8cd332e0e83f00ab0a670952e487cb522efc2d42515d98f4a240878c55922446,sk-5d396ec5
a90ceb3e27464452,29,routine,$112.8M shared Navy maintenance IDIQ ceiling split among 8 small-business bidders for hull and mechanical services is routine ship-support sustainment.,"[""ceiling_not_revenue"", ""multi_award_pool"", ""small_business_setaside""]",2026-09-02 20:49:21,claude-haiku-4-5,8cd332e0e83f00ab0a670952e487cb522efc2d42515d98f4a240878c55922446,sk-5d396ec5
a99a0c791c8992d8,26,routine,$40.5M modification for royalty fees on eight Dutch-built Medium Landing Ships is routine manufacturing continuation outside the U.S. industrial base.,"[""modification"", ""foreign_supplier"", ""sustainment""]",2026-09-02 20:49:21,claude-haiku-4-5,8cd332e0e83f00ab0a670952e487cb522efc2d42515d98f4a240878c55922446,sk-5d396ec5
a9cd62db996ccbaf,33,routine,$30.7M sole-source A-E IDIQ for AECOM (ACM) on cost-estimating software is routine tool sustainment; sole-source signals lock-in but IDIQ ceiling and software scope limit materiality.,"[""ceiling_not_revenue"", ""sole_source"", ""sustainment""]",2026-09-02 20:49:21,claude-haiku-4-5,8cd332e0e83f00ab0a670952e487cb522efc2d42515d98f4a240878c55922446,sk-5d396ec5
aa98eca0d133ec3b,28,routine,$450M shared roofing IDIQ ceiling across 40 bidders for Air Force facility maintenance is routine facility work with no listed entity.,"[""ceiling_not_revenue"", ""multi_award_pool"", ""sustainment""]",2026-09-02 20:49:21,claude-haiku-4-5,8cd332e0e83f00ab0a670952e487cb522efc2d42515d98f4a240878c55922446,sk-5d396ec5
aac8dafef1a58b07,26,routine,$99M shared small-business IDIQ ceiling for vegetation-clearing on Army civil works is routine environmental maintenance split across 17 awardees.,"[""ceiling_not_revenue"", ""multi_award_pool"", ""small_business_setaside""]",2026-09-02 20:49:21,claude-haiku-4-5,8cd332e0e83f00ab0a670952e487cb522efc2d42515d98f4a240878c55922446,sk-5d396ec5
aacd673b6c37e08f,24,routine,$25M new IDIQ ceiling for Mississippi River flood-control work is routine Army civil works with 3 bidders and no listed involvement.,"[""ceiling_not_revenue"", ""new_idiq""]",2026-09-02 20:49:21,claude-haiku-4-5,8cd332e0e83f00ab0a670952e487cb522efc2d42515d98f4a240878c55922446,sk-5d396ec5
ab1b5941ade796dd,27,routine,$70M base-operations maintenance award for Tessera at JBER Alaska is routine facility support with no listed prime and full contract value yet uncertain.,"[""sustainment"", ""routine_base_ops""]",2026-09-02 20:49:21,claude-haiku-4-5,8cd332e0e83f00ab0a670952e487cb522efc2d42515d98f4a240878c55922446,sk-5d396ec5
ab97f3bc673c37fb,54,notable,$231.5M modification to TXT (Textron) for construction of two LCAC-100 landing craft adds incremental revenue to a defined Navy program of record; material to $17B-revenue prime and signals continued ship-to-shore modernization.,"[""modification"", ""program_of_record"", ""size_vs_revenue""]",2026-09-02 20:49:21,claude-haiku-4-5,8cd332e0e83f00ab0a670952e487cb522efc2d42515d98f4a240878c55922446,sk-5d396ec5
ac604a93a807b3e1,38,routine,$42.9M FMS C-17 IRCM upgrade for UAE aircraft is routine foreign-military equipment upgrade for BA (Boeing); immaterial to $170B revenue and one of 21 awards in window.,"[""fms"", ""sustainment"", ""size_vs_revenue""]",2026-09-02 20:49:21,claude-haiku-4-5,8cd332e0e83f00ab0a670952e487cb522efc2d42515d98f4a240878c55922446,sk-5d396ec5
ac86403f64de96c3,28,routine,Aero Specialties is unnamed to markets and receives one seat in a 66-firm $920M shared pool for aerospace equipment sustainment; realistic individual share is $14M or less.,"[""ceiling_not_revenue"", ""multi_award_pool_shared"", ""new_entrant""]",2026-09-02 20:49:21,claude-haiku-4-5,38b8972298cb3c6e65773b66f3d52e754caf176e88071e2ce57784c8a1b6fb49,sk-5d396ec5
ac86849434337c65,35,routine,"GD's sole-source $33.9M ceiling for bomb casings is an IDIQ option, not booked revenue; General Dynamics (GD) already holds $67.8M across two prior awards in the window.","[""ceiling_not_revenue"", ""idiq"", ""sole_source""]",2026-09-02 20:49:21,claude-haiku-4-5,38b8972298cb3c6e65773b66f3d52e754caf176e88071e2ce57784c8a1b6fb49,sk-5d396ec5
ace05385f36d4aea,24,routine,"Turbopower (private) takes one of three seats in a $343.2M shared ceiling for C-130 engine overhaul; realistic individual allocation ~$114M but it is a ceiling, not revenue, and the firm is unlisted.","[""ceiling_not_revenue"", ""multi_award_pool_shared"", ""sustainment""]",2026-09-02 20:49:21,claude-haiku-4-5,38b8972298cb3c6e65773b66f3d52e754caf176e88071e2ce57784c8a1b6fb49,sk-5d396ec5
ad1971998fdd5f11,31,routine,"Weeks Marine (private) is one of four bidders on a $95M shared dredging pool; realistic share ~$24M is a ceiling, not revenue, and company already holds $190M in two prior awards.","[""ceiling_not_revenue"", ""multi_award_pool_shared"", ""sustainment""]",2026-09-02 20:49:21,claude-haiku-4-5,38b8972298cb3c6e65773b66f3d52e754caf176e88071e2ce57784c8a1b6fb49,sk-5d396ec5
ad3ae47e6599ef04,68,notable,GD Electric Boat receives an unstated-value modification to Columbia/Virginia submarine construction (N00024-12-C-2115) with a 2038 completion; the work scope—material and productivity investments on the Navy's largest shipbuilding programs—signals major expansion on existing vehicles worth tracking against GD's $250B+ revenue.,"[""program_of_record_expansion"", ""strategic_submarine"", ""material_sourcing""]",2026-09-02 20:49:21,claude-haiku-4-5,38b8972298cb3c6e65773b66f3d52e754caf176e88071e2ce57784c8a1b6fb49,sk-5d396ec5
addef79c8f0c39f6,38,routine,Northrop Grumman's $1.84B IDIQ ceiling for LITENING pod sustainment and production is at the 98th percentile but is a ceiling (not current revenue) for a company with $36B+ annual revenue; the work is continued sustainment of a known program.,"[""ceiling_not_revenue"", ""sustainment"", ""large_ceiling_not_material_to_large_prime""]",2026-09-02 20:49:21,claude-haiku-4-5,38b8972298cb3c6e65773b66f3d52e754caf176e88071e2ce57784c8a1b6fb49,sk-5d396ec5
ae7834327efc4a97,26,routine,Miwok (small business) is one of 40 bidders on a $450M shared roofing-services pool; realistic individual share ~$11M is a ceiling for routine facilities maintenance.,"[""ceiling_not_revenue"", ""multi_award_pool_shared"", ""sustainment"", ""small_business""]",2026-09-02 20:49:21,claude-haiku-4-5,38b8972298cb3c6e65773b66f3d52e754caf176e88071e2ce57784c8a1b6fb49,sk-5d396ec5
afeea234142781cd,45,notable,"GD Electric Boat receives a $127M modification for submarine Internal Communications System procurement on a Virginia-class contract (N00024-24-C-2124); the company holds $382.1M in three prior awards in the window, and this is a material incremental obligation on the Navy's core submarine production program.","[""modification_revenue"", ""program_of_record_expansion"", ""virginia_class_submarine""]",2026-09-02 20:49:21,claude-haiku-4-5,38b8972298cb3c6e65773b66f3d52e754caf176e88071e2ce57784c8a1b6fb49,sk-5d396ec5
b00fee422cfcdf25,24,routine,"Chase Defense (private) is one of 66 bidders on the identical $920M shared aerospace sustainment pool as award #1; realistic individual share is ~$14M and the company is unlisted.","[""ceiling_not_revenue"", ""multi_award_pool_shared"", ""sustainment""]",2026-09-02 20:49:21,claude-haiku-4-5,38b8972298cb3c6e65773b66f3d52e754caf176e88071e2ce57784c8a1b6fb49,sk-5d396ec5
b20f864e69c588dc,29,routine,"Inland Dredging (private) is one of likely 3–4 bidders on a $95M shared pipeline-dredging pool; realistic individual share is ~$24M as a ceiling, and the company already holds $111.3M in two prior awards.","[""ceiling_not_revenue"", ""multi_award_pool_shared"", ""sustainment""]",2026-09-02 20:49:21,claude-haiku-4-5,38b8972298cb3c6e65773b66f3d52e754caf176e88071e2ce57784c8a1b6fb49,sk-5d396ec5
b25d05a27156ae1b,32,routine,"Lockheed Martin Aeronautics receives a $14.5M new award for F-35 supply-chain and obsolescence services under a cost-plus-fixed-fee structure; the company already holds $1.77B across six prior awards in the window, so this is minor sustainment work.","[""sustainment"", ""f35_program"", ""small_relative_to_incumbent""]",2026-09-02 20:49:21,claude-haiku-4-5,38b8972298cb3c6e65773b66f3d52e754caf176e88071e2ce57784c8a1b6fb49,sk-5d396ec5
b265de8b0eaaeff5,20,routine,Shared marine gas turbine overhaul ceiling is immaterial to StandardAero (SAR) but confirms its Navy 501K depot position.,"[""size_vs_revenue"", ""sustainment"", ""multi_award_shared""]",2026-09-02 20:49:24,claude-opus-5,c9e1ca84e93ff3b9702ca3d8e35774eb1295e399023772cb4b3f98cad80a0012,sk-5d396ec5
b3465e727c800703,24,routine,Valiant Construction (small business) is one of 19 bidders in a $160M shared construction-services pool; realistic individual share is ~$8M as a ceiling for routine military construction.,"[""ceiling_not_revenue"", ""multi_award_pool_shared"", ""small_business_setaside"", ""sustainment""]",2026-09-02 20:49:21,claude-haiku-4-5,38b8972298cb3c6e65773b66f3d52e754caf176e88071e2ce57784c8a1b6fb49,sk-5d396ec5
b411a313d0d157e2,31,routine,Boeing receives a $25.1M modification (P00005) for F/A-18E/F EW integration; the company holds $136.41B across 21 awards in the window and this is routine fighter sustainment engineering.,"[""modification_revenue"", ""sustainment"", ""small_relative_to_incumbent""]",2026-09-02 20:49:21,claude-haiku-4-5,38b8972298cb3c6e65773b66f3d52e754caf176e88071e2ce57784c8a1b6fb49,sk-5d396ec5
b41b21b1e0a07726,34,routine,"Leidos receives a $20M IDIQ ceiling for advanced munitions R&D research at Eglin; it is a ceiling not revenue, the company holds $690M across five prior awards, and the work is exploratory technology development.","[""ceiling_not_revenue"", ""research"", ""small_relative_to_incumbent""]",2026-09-02 20:49:21,claude-haiku-4-5,38b8972298cb3c6e65773b66f3d52e754caf176e88071e2ce57784c8a1b6fb49,sk-5d396ec5
b470bec287048f4e,26,routine,"Redwire Space (private) is one of 20 bidders on a $981M shared ceiling for space test and training operations; realistic individual share is ~$49M as a ceiling, and the company is unlisted.","[""ceiling_not_revenue"", ""multi_award_pool_shared"", ""space_test_range""]",2026-09-02 20:49:21,claude-haiku-4-5,38b8972298cb3c6e65773b66f3d52e754caf176e88071e2ce57784c8a1b6fb49,sk-5d396ec5
b5015214ac9a86ef,25,routine,"Carroll's Roofing (private) is one of 40 bidders on the identical $450M shared roofing-services pool as award #7; realistic individual share is ~$11M as a ceiling for routine facilities maintenance.","[""ceiling_not_revenue"", ""multi_award_pool_shared"", ""sustainment""]",2026-09-02 20:49:21,claude-haiku-4-5,38b8972298cb3c6e65773b66f3d52e754caf176e88071e2ce57784c8a1b6fb49,sk-5d396ec5
b5574192899df117,22,routine,Spur Nicklaus JV (private) is one of 18 bidders on a $25M shared architect-engineer services ceiling; realistic share is ~$1.4M for routine facilities engineering at Arizona locations.,"[""ceiling_not_revenue"", ""multi_award_pool_shared"", ""small_award""]",2026-09-02 20:49:21,claude-haiku-4-5,38b8972298cb3c6e65773b66f3d52e754caf176e88071e2ce57784c8a1b6fb49,sk-5d396ec5
b611e46a306e91cd,29,routine,"Manson Construction (private) is one of 13 bidders on a $700M shared Navy facilities pool; realistic individual share is ~$54M as a ceiling, and the company already holds $970.2M across six prior awards, indicating sustained but not transformational work.","[""ceiling_not_revenue"", ""multi_award_pool_shared"", ""sustainment""]",2026-09-02 20:49:21,claude-haiku-4-5,38b8972298cb3c6e65773b66f3d52e754caf176e88071e2ce57784c8a1b6fb49,sk-5d396ec5
b66c9f771ba77992,48,notable,L3Harris (LHX) receives a $44.2M modification for MK 20 electro-optical sensor procurement and spares supporting Arleigh Burke destroyers and allied navies; this is incremental revenue on a combat-ship program of record with potential FMS content that warrants tracking against LHX's $18B+ revenue.,"[""modification_revenue"", ""program_of_record_expansion"", ""ddg_class_destroyer"", ""potential_fms""]",2026-09-02 20:49:21,claude-haiku-4-5,38b8972298cb3c6e65773b66f3d52e754caf176e88071e2ce57784c8a1b6fb49,sk-5d396ec5
b70f24a4f7d744db,28,routine,IDIQ ceiling for C4 technical support services aboard Navy sealift vessels; typical sustainment vehicle with no listed awardee and no share shift.,"[""ceiling_not_revenue"", ""sustainment""]",2026-09-02 20:49:21,claude-haiku-4-5,896c4075180270b518add70a541a99aa68b18e686eb81978fd2e7f05fb42094f,sk-5d396ec5
b7105c1ad390e885,22,routine,Sole-source research award to University of New Mexico on nuclear command/control development; below materiality threshold and no listed prime read-through identifiable.,"[""sole_source"", ""research""]",2026-09-02 20:49:21,claude-haiku-4-5,896c4075180270b518add70a541a99aa68b18e686eb81978fd2e7f05fb42094f,sk-5d396ec5
b71a09b94713bfca,68,notable,GD Electric Boat modification of $255M on existing submarine support contract (P00002); material incremental revenue for GD's submarine business but consistent with known program and prior quarter awards totaling $382M.,"[""modification_on_poc"", ""size_vs_awardee_segment""]",2026-09-02 20:49:21,claude-haiku-4-5,896c4075180270b518add70a541a99aa68b18e686eb81978fd2e7f05fb42094f,sk-5d396ec5
b753a7cd65f3aca9,24,routine,RTX subsidiary (Rockwell Collins) technical upgrade order for E-2D Hawkeye trainers worth $21.2M; routine sustainment of existing training program.,"[""sustainment"", ""small_vs_revenue""]",2026-09-02 20:49:21,claude-haiku-4-5,896c4075180270b518add70a541a99aa68b18e686eb81978fd2e7f05fb42094f,sk-5d396ec5
b7b2be061e05cb9c,35,routine,"Lockheed Martin awarded seat in $920M shared IDIQ pool for aerospace equipment modernization with 66 competitors; LMT already holds $955.8M in similar awards this window, so this ceiling represents option value split across many holders, not incremental revenue.","[""ceiling_not_revenue"", ""multi_award_pool"", ""high_competition""]",2026-09-02 20:49:21,claude-haiku-4-5,896c4075180270b518add70a541a99aa68b18e686eb81978fd2e7f05fb42094f,sk-5d396ec5
b7bcdf70dfcfa83b,31,routine,Miltrain JV modification expanding Navy/Marine Corps training curriculum services; $70M increment on $160M total contract is routine sustainment without listed awardee involvement.,"[""ceiling_not_revenue"", ""sustainment"", ""modification_on_poc""]",2026-09-02 20:49:21,claude-haiku-4-5,896c4075180270b518add70a541a99aa68b18e686eb81978fd2e7f05fb42094f,sk-5d396ec5
b809b08dc351839e,18,routine,ADCO Medical Suppliers asterisked small-business seat in DLA medical equipment pool with shared $51M ceiling; typical medical spares sustainment.,"[""ceiling_not_revenue"", ""multi_award_pool"", ""small_business""]",2026-09-02 20:49:21,claude-haiku-4-5,896c4075180270b518add70a541a99aa68b18e686eb81978fd2e7f05fb42094f,sk-5d396ec5
b814e6cf82b5fc80,42,notable,"Action Manufacturing sole-source award of $712.5M IDIQ ceiling for M739A1 fuze production; sole-source and sole bid signal schedule pressure on munitions, but ceiling format and no listed competitor read-through limit to notable.","[""sole_source"", ""ceiling_not_revenue"", ""munitions""]",2026-09-02 20:49:21,claude-haiku-4-5,896c4075180270b518add70a541a99aa68b18e686eb81978fd2e7f05fb42094f,sk-5d396ec5
b8aaa15a8382fe2e,24,routine,"Tote Maritime Alaska modification to Universal Services Contract shipping pool; $800M shared ceiling on $2.33B cumulative vehicle is routine logistics sustainment, no listed awardee.","[""ceiling_not_revenue"", ""multi_award_pool"", ""sustainment""]",2026-09-02 20:49:21,claude-haiku-4-5,896c4075180270b518add70a541a99aa68b18e686eb81978fd2e7f05fb42094f,sk-5d396ec5
b93ad9ac7479d7d9,26,routine,"IAG Engine Center multi-award seat for KC-46 aircraft parts repair with $471M shared ceiling across 28 competitors; routine supply chain for known platform, no listed awardee.","[""ceiling_not_revenue"", ""multi_award_pool"", ""sustainment""]",2026-09-02 20:49:21,claude-haiku-4-5,896c4075180270b518add70a541a99aa68b18e686eb81978fd2e7f05fb42094f,sk-5d396ec5
ba5ea72f025408d2,35,routine,Concurrent Technologies modification to shared Marine Corps Installations Command support contract; $96.7M increment on $198M IDIQ is routine professional services sustainment without listed prime exposure.,"[""ceiling_not_revenue"", ""multi_award_pool"", ""sustainment""]",2026-09-02 20:49:21,claude-haiku-4-5,896c4075180270b518add70a541a99aa68b18e686eb81978fd2e7f05fb42094f,sk-5d396ec5
bb20ac36f4e1d05c,38,routine,"Conti Federal Services competitive design-build award for B-21 shelter construction; $44M is within normal range for Air Force facility work, and awardee has $450M in prior awards this window so this is incremental on known vehicle.","[""construction"", ""small_vs_program""]",2026-09-02 20:49:21,claude-haiku-4-5,896c4075180270b518add70a541a99aa68b18e686eb81978fd2e7f05fb42094f,sk-5d396ec5
bb5246be9701bc7d,48,notable,"Stantec GS multi-award A/E pool ceiling of $249M shared across 13 competitors for Army engineering services; STN (parent) holds $319M in same window, indicating competitive positioning but ceiling format limits impact.","[""ceiling_not_revenue"", ""multi_award_pool"", ""size_vs_revenue""]",2026-09-02 20:49:21,claude-haiku-4-5,896c4075180270b518add70a541a99aa68b18e686eb81978fd2e7f05fb42094f,sk-5d396ec5
bc7b504059ab1a7d,75,alert,"Northrop Grumman (NOC) awarded $1.20B definitive order for three E-2D Advanced Hawkeye Block II aircraft with production and support; material new production contract on established platform, moving real revenue in a single definitized line.","[""program_of_record"", ""production_award"", ""size_vs_revenue""]",2026-09-02 20:49:21,claude-haiku-4-5,896c4075180270b518add70a541a99aa68b18e686eb81978fd2e7f05fb42094f,sk-5d396ec5
bcde0e23fef8d0cd,34,routine,"Torch Technologies multi-award seat for $920M shared aerospace/ground equipment modernization IDIQ with 66 competitors; same ceiling as Lockheed Martin award in this batch, so routine split option value.","[""ceiling_not_revenue"", ""multi_award_pool"", ""high_competition""]",2026-09-02 20:49:21,claude-haiku-4-5,896c4075180270b518add70a541a99aa68b18e686eb81978fd2e7f05fb42094f,sk-5d396ec5
bcff4fcaf638f15f,29,routine,Hesco Bastion multi-award DLA expeditionary barrier systems pool with $200M shared ceiling across 11 competitors; routine logistics supply with UK-based vendor and no listed prime read-through.,"[""ceiling_not_revenue"", ""multi_award_pool"", ""sustainment""]",2026-09-02 20:49:21,claude-haiku-4-5,896c4075180270b518add70a541a99aa68b18e686eb81978fd2e7f05fb42094f,sk-5d396ec5
bdc61999698511e8,32,routine,HDT Expeditionary Systems multi-award Navy seat for gas-particulate filter sets; $53M shared ceiling across unspecified field is routine component supply.,"[""ceiling_not_revenue"", ""multi_award_pool"", ""sustainment""]",2026-09-02 20:49:21,claude-haiku-4-5,896c4075180270b518add70a541a99aa68b18e686eb81978fd2e7f05fb42094f,sk-5d396ec5
beff15032fd30c70,36,routine,Continental Tide Defense asterisked small-business multi-award seat for Navy hull/mechanical services with $112.8M shared ceiling across 8 competitors; routine maritime maintenance contract without listed prime exposure.,"[""ceiling_not_revenue"", ""multi_award_pool"", ""small_business""]",2026-09-02 20:49:21,claude-haiku-4-5,896c4075180270b518add70a541a99aa68b18e686eb81978fd2e7f05fb42094f,sk-5d396ec5
bf17c9a357d0a64c,52,notable,"Johns Hopkins APL awarded $199.3M for Sentinel program research and engineering support; material new R&D contract on established missile program, with APL holding $211.4M already this window indicating sustained program momentum.","[""program_of_record"", ""research_engineering"", ""size_vs_revenue""]",2026-09-02 20:49:21,claude-haiku-4-5,896c4075180270b518add70a541a99aa68b18e686eb81978fd2e7f05fb42094f,sk-5d396ec5
bf1e9026b81f36cf,26,routine,SupplyCore small-business IDIQ ceiling for water purification parts logistics; $88.8M shared ceiling on DLA supply contract is routine sustainment.,"[""ceiling_not_revenue"", ""small_business"", ""sustainment""]",2026-09-02 20:49:21,claude-haiku-4-5,896c4075180270b518add70a541a99aa68b18e686eb81978fd2e7f05fb42094f,sk-5d396ec5
bf9a3eb6b77c5cf1,35,routine,"L3Harris (LHX) is being awarded a $42.7M IDIQ ceiling as one holder of a multi-year towed-array vehicle; the ceiling is not booked revenue and sits at the 40th percentile, with three other L3 awards in the window already totalling $77M.","[""ceiling_not_revenue"", ""sustainment"", ""percentile_low""]",2026-09-02 20:49:21,claude-haiku-4-5,ff3f750fc5a11265cda6872a727aec3c63afdb54546708de4b103fbcd493d44c,sk-5d396ec5
c0478eeb8d238528,72,alert,"RTX (RTX) receives a $536M modification on the TOW Weapon System, meaningful incremental revenue on a programs-of-record at the 88th percentile, signalling continued production momentum on this established platform.","[""size_vs_revenue"", ""modification_expansion"", ""existing_program""]",2026-09-02 20:49:21,claude-haiku-4-5,ff3f750fc5a11265cda6872a727aec3c63afdb54546708de4b103fbcd493d44c,sk-5d396ec5
c05d07f6cc21e0fc,28,routine,Lockheed Martin (LMT) is awarded $126.9M in spare parts for HH-60W Lot Five under an existing $6.4B cumulative program; this is routine sustainment of a known platform.,"[""sustainment"", ""spares"", ""known_program""]",2026-09-02 20:49:21,claude-haiku-4-5,ff3f750fc5a11265cda6872a727aec3c63afdb54546708de4b103fbcd493d44c,sk-5d396ec5
c0dd9af0b4be248b,45,notable,"Leonardo DRS (DRS) wins production of up to 55 Joint Tactical Terminal Transceiver units with sole bid (one bid received), a competitive industrial base signal on a platform upgrade for Super Hornet and Growler aircraft.","[""sole_source_indicator"", ""production_new_units"", ""incumbency_signal""]",2026-09-02 20:49:21,claude-haiku-4-5,ff3f750fc5a11265cda6872a727aec3c63afdb54546708de4b103fbcd493d44c,sk-5d396ec5
c0f7c3369a1f9a4b,15,routine,"Tabcon (unlisted) receives one of 40 shares of a $450M roofing-services ceiling under an Air Force facilities pool; realistic share is negligible, work is sustainment, and awardee is not publicly held.","[""ceiling_not_revenue"", ""multi_award_shared"", ""roofing_sustainment""]",2026-09-02 20:49:21,claude-haiku-4-5,ff3f750fc5a11265cda6872a727aec3c63afdb54546708de4b103fbcd493d44c,sk-5d396ec5
c1051beb690e3761,18,routine,"Intuitive (unlisted) receives one of 66 shares of a $920M aerospace-equipment IDIQ ceiling across a decade; realistic share too small and early-stage to affect any listed investor, even at 92nd percentile headline.","[""ceiling_not_revenue"", ""multi_award_shared"", ""early_stage_program""]",2026-09-02 20:49:21,claude-haiku-4-5,ff3f750fc5a11265cda6872a727aec3c63afdb54546708de4b103fbcd493d44c,sk-5d396ec5
c1376dcea3cbbc43,42,notable,"Environmental Chemical (unlisted) wins a $66.4M new construction award for a Marine Corps maintenance complex with four bids received, a straightforward build project with no read-through to a listed company.","[""construction_new"", ""competitive_bid"", ""unmapped_awardee""]",2026-09-02 20:49:21,claude-haiku-4-5,ff3f750fc5a11265cda6872a727aec3c63afdb54546708de4b103fbcd493d44c,sk-5d396ec5
c1429d64e1740763,25,routine,"Boeing (BA) receives a $49.5M IDIQ ceiling on ALCM controller remanufacture sustainment; the ceiling is immaterial against a $136B window total for Boeing awards already announced, and work is legacy platform support.","[""ceiling_not_revenue"", ""sustainment"", ""size_vs_large_awardee""]",2026-09-02 20:49:21,claude-haiku-4-5,ff3f750fc5a11265cda6872a727aec3c63afdb54546708de4b103fbcd493d44c,sk-5d396ec5
c146b6ac26661b08,30,routine,Undisclosed-value AARGM technology R&D IDIQ; supports LHX's anti-radiation missile franchise but carries no quantifiable backlog.,"[""ceiling_not_revenue"", ""no_dollar_value"", ""incumbent_retained""]",2026-09-02 20:49:24,claude-opus-5,c9e1ca84e93ff3b9702ca3d8e35774eb1295e399023772cb4b3f98cad80a0012,sk-5d396ec5
c16980b50dc54b51,48,notable,Accenture (ACN) receives one of 29 shares of a $300M healthcare-IT IDIQ ceiling as part of its existing $591.6M contract portfolio with the DoD; realistic share is modest but the work sits on the federal health-systems modernization path.,"[""ceiling_not_revenue"", ""multi_award_shared"", ""health_systems_modernization""]",2026-09-02 20:49:21,claude-haiku-4-5,ff3f750fc5a11265cda6872a727aec3c63afdb54546708de4b103fbcd493d44c,sk-5d396ec5
c1fb0cb5f759a750,22,routine,"Southern Aire (unlisted, small-business setaside) receives one of 25 shares of a $193M construction IDIQ ceiling; realistic share is negligible and awardee is not publicly held.","[""ceiling_not_revenue"", ""multi_award_shared"", ""small_business_setaside""]",2026-09-02 20:49:21,claude-haiku-4-5,ff3f750fc5a11265cda6872a727aec3c63afdb54546708de4b103fbcd493d44c,sk-5d396ec5
c2636711918a20af,20,routine,"RTX (RTX) is awarded $15.1M in F/A-18 spare parts from DLA, a routine sustainment order at the 17th percentile that is noise against RTX's $1.98B window total and $70B+ annual revenue.","[""sustainment"", ""spares"", ""size_vs_revenue"", ""low_percentile""]",2026-09-02 20:49:21,claude-haiku-4-5,ff3f750fc5a11265cda6872a727aec3c63afdb54546708de4b103fbcd493d44c,sk-5d396ec5
c27ed9dedf335134,24,routine,US Ocean (unlisted) receives one of an unstated number of shares of an $800M modification to an ocean-transport ceiling under Universal Services Contract-10; this is logistics sustainment with no listed read-through.,"[""ceiling_not_revenue"", ""multi_award_shared"", ""logistics_sustainment""]",2026-09-02 20:49:21,claude-haiku-4-5,ff3f750fc5a11265cda6872a727aec3c63afdb54546708de4b103fbcd493d44c,sk-5d396ec5
c291fdde2b71c71f,32,routine,"Booz Allen Hamilton (BAH) wins a $13.7M cybersecurity implementation order for TRANSCOM at the 14th percentile; work is small, localized to one command, and does not signal a shift in the federal IT security posture.","[""sustainment"", ""cybersecurity_small_scope"", ""low_percentile""]",2026-09-02 20:49:21,claude-haiku-4-5,ff3f750fc5a11265cda6872a727aec3c63afdb54546708de4b103fbcd493d44c,sk-5d396ec5
c2a5f5b85bc791db,20,routine,STS Component Solutions (unlisted) receives one of 28 shares of a $471M KC-46 aircraft-parts repair IDIQ; realistic share is negligible and awardee is not publicly held.,"[""ceiling_not_revenue"", ""multi_award_shared"", ""parts_repair""]",2026-09-02 20:49:21,claude-haiku-4-5,ff3f750fc5a11265cda6872a727aec3c63afdb54546708de4b103fbcd493d44c,sk-5d396ec5
c2cbcb5fb1dd6d2a,34,routine,"General Dynamics (GD) exercises a $14M option on Mining Expendable Delivery Unmanned Submarine Asset prototypes, a small R&D continuation at the 14th percentile on a niche undersea program.","[""option_exercise"", ""research_prototype"", ""low_percentile""]",2026-09-02 20:49:21,claude-haiku-4-5,ff3f750fc5a11265cda6872a727aec3c63afdb54546708de4b103fbcd493d44c,sk-5d396ec5
c3ad75b3be1d6681,36,routine,"Lockheed Martin (LMT) receives a $29.4M award for MMSC-1 ship maintenance support under a Saudi Arabia Foreign Military Sale, small incremental FMS work on an established support contract.","[""fms"", ""maintenance_support"", ""low_percentile"", ""existing_program""]",2026-09-02 20:49:21,claude-haiku-4-5,ff3f750fc5a11265cda6872a727aec3c63afdb54546708de4b103fbcd493d44c,sk-5d396ec5
c5cf508134ddf911,18,routine,"Topside Contracting (unlisted) receives one of 40 shares of a $450M roofing-services ceiling at Air Force installations; realistic share is negligible, work is facilities sustainment, and awardee is not publicly held.","[""ceiling_not_revenue"", ""multi_award_shared"", ""roofing_sustainment""]",2026-09-02 20:49:21,claude-haiku-4-5,ff3f750fc5a11265cda6872a727aec3c63afdb54546708de4b103fbcd493d44c,sk-5d396ec5
c5da59fa4326d28f,24,routine,Foss International (unlisted) receives one of an unstated number of shares of an $800M modification to an ocean-transport ceiling under Universal Services Contract-10; this is logistics sustainment with no listed read-through.,"[""ceiling_not_revenue"", ""multi_award_shared"", ""logistics_sustainment""]",2026-09-02 20:49:21,claude-haiku-4-5,ff3f750fc5a11265cda6872a727aec3c63afdb54546708de4b103fbcd493d44c,sk-5d396ec5
c5e30bc28522d8f1,58,notable,"BAE Systems (BA) wins a $149.8M ship-maintenance award for USS Boxer with three bids received, a competitive platform-support order that confirms BAE's incumbency on Navy surface combatant maintenance and extends its backlog.","[""platform_support_win"", ""competitive_bid"", ""ship_maintenance"", ""cumulative_context""]",2026-09-02 20:49:21,claude-haiku-4-5,ff3f750fc5a11265cda6872a727aec3c63afdb54546708de4b103fbcd493d44c,sk-5d396ec5
c5e4b39c6a3e138b,24,routine,"$10.1M GPS control segment work for LMT is sustainment on a known space program, immaterial against a $70B+ revenue company.","[""size_vs_revenue"", ""sustainment""]",2026-09-02 20:49:22,claude-haiku-4-5,6c2217fc9b041709fc83a7845ddf5660f4a13468885462cb11ef1ecd2d8cd33a,sk-5d396ec5
c6222e5f80edef86,41,notable,$54M modification on a shared $380M Navy construction pool confirms incumbent position in NAVFAC Northwest waterfront work.,"[""ceiling_not_revenue"", ""multi_award_pool"", ""incumbent_retained""]",2026-09-02 20:49:22,claude-haiku-4-5,6c2217fc9b041709fc83a7845ddf5660f4a13468885462cb11ef1ecd2d8cd33a,sk-5d396ec5
c666a06db8b10671,35,routine,$43.3M BOA for vehicle spares and diminishing-source support under OSK's existing MTVR position adds backlog but is routine sustainment.,"[""size_vs_revenue"", ""sustainment"", ""incumbent_retained""]",2026-09-02 20:49:22,claude-haiku-4-5,6c2217fc9b041709fc83a7845ddf5660f4a13468885462cb11ef1ecd2d8cd33a,sk-5d396ec5
c673ca13267be8a2,29,routine,"Solute receives $278M share of a $400M shared IDIQ ceiling with 50 competitors; realistic individual take is ~$8M annually, a ceiling not revenue.","[""ceiling_not_revenue"", ""multi_award_pool""]",2026-09-02 20:49:22,claude-haiku-4-5,6c2217fc9b041709fc83a7845ddf5660f4a13468885462cb11ef1ecd2d8cd33a,sk-5d396ec5
c678b7335c3c5b42,32,routine,"$36.4M IDIQ ceiling for LHX subsidiary's robotic system software maintenance is a sole-source sustainment contract, not booked revenue.","[""ceiling_not_revenue"", ""sole_source"", ""sustainment""]",2026-09-02 20:49:22,claude-haiku-4-5,6c2217fc9b041709fc83a7845ddf5660f4a13468885462cb11ef1ecd2d8cd33a,sk-5d396ec5
c6824a2d98bba781,18,routine,"$10.8M sole-source tactical comms equipment for LHX is a small replenishment order, immaterial against a $15B+ revenue parent.","[""size_vs_revenue"", ""sole_source""]",2026-09-02 20:49:22,claude-haiku-4-5,6c2217fc9b041709fc83a7845ddf5660f4a13468885462cb11ef1ecd2d8cd33a,sk-5d396ec5
c69c1c87a71fd974,27,routine,"PCI Aviation's $920M share of a shared $920M IDIQ ceiling with 66 competitors is a ceiling, not revenue; realistic annual take per awardee is ~$14M.","[""ceiling_not_revenue"", ""multi_award_pool""]",2026-09-02 20:49:22,claude-haiku-4-5,6c2217fc9b041709fc83a7845ddf5660f4a13468885462cb11ef1ecd2d8cd33a,sk-5d396ec5
c6b295189b97b119,52,notable,"$74.6M mod for five SPN-50 radar units is definitive low-rate production, confirming Saab's naval radar position against SAAB-B's $15B revenue.","[""size_vs_revenue"", ""incumbent_retained""]",2026-09-02 20:49:22,claude-haiku-4-5,6c2217fc9b041709fc83a7845ddf5660f4a13468885462cb11ef1ecd2d8cd33a,sk-5d396ec5
c714ab871eceb763,32,routine,$53M jetty repair at Indian River Inlet is a one-off construction project with no listed equity read-through and sole-source award.,"[""sole_source"", ""singularity""]",2026-09-02 20:49:22,claude-haiku-4-5,6c2217fc9b041709fc83a7845ddf5660f4a13468885462cb11ef1ecd2d8cd33a,sk-5d396ec5
c749ff3127f64c5f,28,routine,"Blue Frog's $450M share of a shared $450M roofing IDIQ with 40 competitors and small-business set-aside is a ceiling, not revenue; individual realistic take is ~$11M annually.","[""ceiling_not_revenue"", ""multi_award_pool""]",2026-09-02 20:49:22,claude-haiku-4-5,6c2217fc9b041709fc83a7845ddf5660f4a13468885462cb11ef1ecd2d8cd33a,sk-5d396ec5
c7771e7856d99698,35,routine,$27M modification on a shared $127M Navy facilities IDIQ is a continuation of low-value multi-discipline work across NAVFAC Northwest.,"[""ceiling_not_revenue"", ""multi_award_pool"", ""sustainment""]",2026-09-02 20:49:22,claude-haiku-4-5,6c2217fc9b041709fc83a7845ddf5660f4a13468885462cb11ef1ecd2d8cd33a,sk-5d396ec5
c7d6bccc23b121d1,54,notable,"$117.8M production contract for MQ-25 Aircraft Laydown Facilities at Norfolk represents a new, discrete construction win in a high-priority naval aviation program.","[""new_program_of_record"", ""competitive_win""]",2026-09-02 20:49:22,claude-haiku-4-5,6c2217fc9b041709fc83a7845ddf5660f4a13468885462cb11ef1ecd2d8cd33a,sk-5d396ec5
c7e02b597f8d9f14,22,routine,"$17.3M sole-source F-16 hydraulic drive unit delivery order for MOG is spares sustainment under an existing agreement, immaterial against $3B+ parent revenue.","[""size_vs_revenue"", ""sole_source"", ""sustainment""]",2026-09-02 20:49:22,claude-haiku-4-5,6c2217fc9b041709fc83a7845ddf5660f4a13468885462cb11ef1ecd2d8cd33a,sk-5d396ec5
c829b2bf1056890a,42,notable,"$446.7M IDIQ ceiling for Army Persistent Surveillance Systems-Tethered is a strategic ISR program with only 2-of-10 competitors selected, signaling competitive narrowing.","[""new_program_of_record"", ""ceiling_not_revenue"", ""competitive_win""]",2026-09-02 20:49:22,claude-haiku-4-5,6c2217fc9b041709fc83a7845ddf5660f4a13468885462cb11ef1ecd2d8cd33a,sk-5d396ec5
c8374b5233d024ff,28,routine,"$22M Space Data Networking Phase II mod for LMT is a small research continuation on a known program, immaterial against a $70B+ revenue company.","[""size_vs_revenue"", ""sustainment""]",2026-09-02 20:49:22,claude-haiku-4-5,6c2217fc9b041709fc83a7845ddf5660f4a13468885462cb11ef1ecd2d8cd33a,sk-5d396ec5
c8597235804fe5ba,61,notable,"$992.4M IDIQ ceiling for Torch Technologies' RDT&E advisory services at Eglin AFB is a strategic research program, though ceiling size requires the caveat that realized revenue will be shared with competing task order holders.","[""ceiling_not_revenue"", ""new_program_of_record""]",2026-09-02 20:49:22,claude-haiku-4-5,6c2217fc9b041709fc83a7845ddf5660f4a13468885462cb11ef1ecd2d8cd33a,sk-5d396ec5
c86485e5fae570aa,68,notable,"$439.4M ATACMS production order for LMT is a significant definitized procurement on a tactical missile program of record, though sole-source and against $70B+ revenue base limits the swing.","[""size_vs_revenue"", ""incumbent_retained"", ""sole_source""]",2026-09-02 20:49:22,claude-haiku-4-5,6c2217fc9b041709fc83a7845ddf5660f4a13468885462cb11ef1ecd2d8cd33a,sk-5d396ec5
c875f41f9e956cf9,20,routine,$16.1M sustainment mod for GD's Abrams support is routine spares against a $1.2B cumulative contract and a $40B+ parent company.,"[""size_vs_revenue"", ""sustainment""]",2026-09-02 20:49:22,claude-haiku-4-5,6c2217fc9b041709fc83a7845ddf5660f4a13468885462cb11ef1ecd2d8cd33a,sk-5d396ec5
c94d83c5f26be061,38,routine,$54M modification on a shared $380M Navy construction pool is a continuation of incumbent NAVFAC work with no competitive shift or new scope signal.,"[""ceiling_not_revenue"", ""multi_award_pool"", ""incumbent_retained""]",2026-09-02 20:49:22,claude-haiku-4-5,6c2217fc9b041709fc83a7845ddf5660f4a13468885462cb11ef1ecd2d8cd33a,sk-5d396ec5
c9ecf4976639e39a,29,routine,"$35.8M IDIQ ceiling for Advanced Capability-3 software support is a sole-source research continuation for LMT, a ceiling with small realistic annual take against $70B+ revenue.","[""ceiling_not_revenue"", ""sole_source"", ""sustainment""]",2026-09-02 20:49:22,claude-haiku-4-5,6c2217fc9b041709fc83a7845ddf5660f4a13468885462cb11ef1ecd2d8cd33a,sk-5d396ec5
ca3abf56fb87674b,28,routine,Ceiling contract for Navy propeller depot work shared among unspecified awardees; unlisted contractor with no read-through to a traded company.,"[""ceiling_not_revenue"", ""multi_award_pool""]",2026-09-02 20:49:22,claude-haiku-4-5,d76b6a2175ce33860cc29d75ea4ecb956987f758cfb4f0b5afa25e81bf19ae8e,sk-5d396ec5
ca86548bb0b6a8d4,42,notable,"Option exercise on an existing Navy countermeasures program adds $40.9M incremental revenue to BAE Systems (BA), confirming program continuation with sole incumbent status (1 of 1 bid received).","[""incumbent_retained"", ""option_exercise""]",2026-09-02 20:49:22,claude-haiku-4-5,d76b6a2175ce33860cc29d75ea4ecb956987f758cfb4f0b5afa25e81bf19ae8e,sk-5d396ec5
cb0f46c901022e3b,24,routine,Multi-award small-business construction ceiling shared among 25 bidders; the $193M divided across many competitors with no read-through to a listed prime.,"[""ceiling_not_revenue"", ""multi_award_pool"", ""small_business_setaside""]",2026-09-02 20:49:22,claude-haiku-4-5,d76b6a2175ce33860cc29d75ea4ecb956987f758cfb4f0b5afa25e81bf19ae8e,sk-5d396ec5
cb1a7412a88c44df,45,notable,"Boeing (BA) awarded $109M for F/A-18 outer wing panels as sole bidder (1 of 1), confirming production-run continuation on a major platform already in BA's backlog.","[""incumbent_retained"", ""sole_source""]",2026-09-02 20:49:22,claude-haiku-4-5,d76b6a2175ce33860cc29d75ea4ecb956987f758cfb4f0b5afa25e81bf19ae8e,sk-5d396ec5
cb343661f020a0b3,35,routine,Multi-award IDIQ ceiling for Navy petroleum services shared among 14 competitors; even AECOM's (ACM) share of $145M distributed ceiling is routine sustainment work.,"[""ceiling_not_revenue"", ""multi_award_pool""]",2026-09-02 20:49:22,claude-haiku-4-5,d76b6a2175ce33860cc29d75ea4ecb956987f758cfb4f0b5afa25e81bf19ae8e,sk-5d396ec5
cb8c67b9ab4a1c8b,26,routine,"Multi-award Navy construction ceiling of $700M shared across 13 bidders for marine facilities; unlisted contractor, no traded-company signal.","[""ceiling_not_revenue"", ""multi_award_pool""]",2026-09-02 20:49:22,claude-haiku-4-5,d76b6a2175ce33860cc29d75ea4ecb956987f758cfb4f0b5afa25e81bf19ae8e,sk-5d396ec5
cb9440c2f56c205b,30,routine,Boeing (BA) awarded $18.8M for F-18 distributed-target-processor repair as sole bidder; small increment on an already-large program ($136.4B in window).,"[""incumbent_retained"", ""sole_source"", ""size_vs_revenue""]",2026-09-02 20:49:22,claude-haiku-4-5,d76b6a2175ce33860cc29d75ea4ecb956987f758cfb4f0b5afa25e81bf19ae8e,sk-5d396ec5
cc503417e5aee98d,32,routine,"IDIQ ceiling for Air Force aircraft parts and support shared across 3 bidders; unlisted contractor, no visible read-through to a traded prime.","[""ceiling_not_revenue"", ""new_award""]",2026-09-02 20:49:22,claude-haiku-4-5,d76b6a2175ce33860cc29d75ea4ecb956987f758cfb4f0b5afa25e81bf19ae8e,sk-5d396ec5
cc6166211e01c278,35,routine,"$27.8M Fort Hood chilled-water plant construction for unlisted firm; small, one-time facility work with no leverage to any listed company.","[""sustainment""]",2026-09-02 20:49:22,claude-haiku-4-5,d76b6a2175ce33860cc29d75ea4ecb956987f758cfb4f0b5afa25e81bf19ae8e,sk-5d396ec5
cc9f273180d5b8f5,28,routine,Multi-award environmental services ceiling of $249M shared among 24 small-business bidders for Army; unlisted contractor with no read-through.,"[""ceiling_not_revenue"", ""multi_award_pool"", ""small_business_setaside""]",2026-09-02 20:49:22,claude-haiku-4-5,d76b6a2175ce33860cc29d75ea4ecb956987f758cfb4f0b5afa25e81bf19ae8e,sk-5d396ec5
cd07fcc43ecffc4b,25,routine,Multi-award Air Force roofing ceiling of $450M shared among 40 small-business competitors; routine facilities maintenance with no listed-company angle.,"[""ceiling_not_revenue"", ""multi_award_pool"", ""small_business_setaside""]",2026-09-02 20:49:22,claude-haiku-4-5,d76b6a2175ce33860cc29d75ea4ecb956987f758cfb4f0b5afa25e81bf19ae8e,sk-5d396ec5
cd948a489f7ac0d3,29,routine,Multi-award Navy engineering and operations ceiling of $278M shared among 50 bidders; unlisted contractor on IDIQ development work.,"[""ceiling_not_revenue"", ""multi_award_pool""]",2026-09-02 20:49:22,claude-haiku-4-5,d76b6a2175ce33860cc29d75ea4ecb956987f758cfb4f0b5afa25e81bf19ae8e,sk-5d396ec5
ce131bd439b903c8,25,routine,Multi-award Air Force roofing ceiling of $450M shared among 40 competitors; routine facilities maintenance with no material angle.,"[""ceiling_not_revenue"", ""multi_award_pool""]",2026-09-02 20:49:22,claude-haiku-4-5,d76b6a2175ce33860cc29d75ea4ecb956987f758cfb4f0b5afa25e81bf19ae8e,sk-5d396ec5
cea596f4e2ec9b18,26,routine,Multi-award healthcare-IT services ceiling of $300M shared among 29 bidders; unlisted consultant with no traded-company signal.,"[""ceiling_not_revenue"", ""multi_award_pool""]",2026-09-02 20:49:22,claude-haiku-4-5,d76b6a2175ce33860cc29d75ea4ecb956987f758cfb4f0b5afa25e81bf19ae8e,sk-5d396ec5
cf22371272823a41,35,routine,Multi-award Navy petroleum services ceiling shared among 14 competitors; Aptim's portion of $145M is sustainment-level IDIQ work.,"[""ceiling_not_revenue"", ""multi_award_pool""]",2026-09-02 20:49:22,claude-haiku-4-5,d76b6a2175ce33860cc29d75ea4ecb956987f758cfb4f0b5afa25e81bf19ae8e,sk-5d396ec5
cf29bfbdcfdf9011,27,routine,"Multi-award Air Force aerospace equipment ceiling of $920M shared among 66 bidders across a decade-long vehicle; unlisted winner, routine IDIQ ceiling.","[""ceiling_not_revenue"", ""multi_award_pool""]",2026-09-02 20:49:22,claude-haiku-4-5,d76b6a2175ce33860cc29d75ea4ecb956987f758cfb4f0b5afa25e81bf19ae8e,sk-5d396ec5
cf31d3afdc53054b,48,notable,"$418.5M firm-price contract for USS Enterprise decommissioning and nuclear waste handling is a specialized, first-of-kind program of record with schedule visibility and regulatory complexity; unlisted contractor but material signal of Navy nuclear-vessel disposition authority and budget.","[""new_program_of_record"", ""unique_scope""]",2026-09-02 20:49:22,claude-haiku-4-5,d76b6a2175ce33860cc29d75ea4ecb956987f758cfb4f0b5afa25e81bf19ae8e,sk-5d396ec5
cf35278d0e72ac94,38,routine,$42M P00019 modification to Northrop Grumman (NOC) on AN/APR-39 radar-warning-receiver production; incremental sustainment on an existing platform.,"[""sustainment"", ""modification""]",2026-09-02 20:49:22,claude-haiku-4-5,d76b6a2175ce33860cc29d75ea4ecb956987f758cfb4f0b5afa25e81bf19ae8e,sk-5d396ec5
cf3ce97d6fccd21e,25,routine,Multi-award Air Force roofing ceiling of $450M shared among 40 small-business competitors; routine facilities work with no listed-company read-through.,"[""ceiling_not_revenue"", ""multi_award_pool"", ""small_business_setaside""]",2026-09-02 20:49:22,claude-haiku-4-5,d76b6a2175ce33860cc29d75ea4ecb956987f758cfb4f0b5afa25e81bf19ae8e,sk-5d396ec5
cf70f8aa16fd491e,25,routine,Multi-award Air Force roofing ceiling of $450M shared among 40 competitors; routine maintenance and repair with no material investor angle.,"[""ceiling_not_revenue"", ""multi_award_pool""]",2026-09-02 20:49:22,claude-haiku-4-5,d76b6a2175ce33860cc29d75ea4ecb956987f758cfb4f0b5afa25e81bf19ae8e,sk-5d396ec5
cfe6e6c3de5fae1d,18,routine,A $30M IDIQ ceiling for A-E services in Pacific area is a typical facility-support vehicle; no listed awardee to move.,"[""ceiling_not_revenue"", ""sustainment""]",2026-09-02 20:49:22,claude-haiku-4-5,625851f897f7412903a4a37edd04f3be055d8be60830f4fb15350edf708af6dc,sk-5d396ec5
cfff0fbf5ba8f184,35,routine,"A $499M IDIQ ceiling for space systems research and development is large in absolute terms but shared across the government's experimental portfolio, and the awardee is unlisted with no read-through to a specific listed prime.","[""ceiling_not_revenue"", ""idiq_research""]",2026-09-02 20:49:22,claude-haiku-4-5,625851f897f7412903a4a37edd04f3be055d8be60830f4fb15350edf708af6dc,sk-5d396ec5
d06e3e9b885e5cf3,22,routine,Shared multi-award IDIQ ceiling ($370.2M divided among multiple holders) for routine foreign depot maintenance of turbine engines; no listed competitors or suppliers named.,"[""ceiling_not_revenue"", ""multi_award_pool"", ""fms""]",2026-09-02 20:49:22,claude-haiku-4-5,625851f897f7412903a4a37edd04f3be055d8be60830f4fb15350edf708af6dc,sk-5d396ec5
d0738cacafc8b019,28,routine,A shared multi-award IDIQ ceiling ($249M pool) for environmental remediation with 24 competitors; this is a small-business set-aside noise at typical federal contracting volumes.,"[""ceiling_not_revenue"", ""multi_award_pool"", ""small_business_setaside""]",2026-09-02 20:49:22,claude-haiku-4-5,625851f897f7412903a4a37edd04f3be055d8be60830f4fb15350edf708af6dc,sk-5d396ec5
d1104963d949a336,31,routine,BA Systems subsidiary wins $32.1M sole-source technical support for Navy radio systems; modest size for a $29B revenue company and a single-bidder incumbent task.,"[""sole_source"", ""sustainment""]",2026-09-02 20:49:22,claude-haiku-4-5,625851f897f7412903a4a37edd04f3be055d8be60830f4fb15350edf708af6dc,sk-5d396ec5
d1261728e1b84eaa,38,routine,"LMT (Lockheed Martin) exercises a $73.7M option for MK 41 VLS modules, a mature production vehicle; routine incremental work on a known program, small relative to LMT's $65B revenue.","[""incumbent_retained"", ""option_exercise"", ""sustainment""]",2026-09-02 20:49:22,claude-haiku-4-5,625851f897f7412903a4a37edd04f3be055d8be60830f4fb15350edf708af6dc,sk-5d396ec5
d131e4e4c89830de,20,routine,A shared multi-award transportation IDIQ ($800M ceiling on $2.33B cumulative) modifying an existing vehicle; no listed awardee or read-through visible.,"[""ceiling_not_revenue"", ""multi_award_pool"", ""modification""]",2026-09-02 20:49:22,claude-haiku-4-5,625851f897f7412903a4a37edd04f3be055d8be60830f4fb15350edf708af6dc,sk-5d396ec5
d14a93e1510a5f57,32,routine,A $200M IDIQ ceiling for general maintenance and repair services split among 44 competitors; typical Army sustainment noise with no path to a listed name.,"[""ceiling_not_revenue"", ""multi_award_pool""]",2026-09-02 20:49:22,claude-haiku-4-5,625851f897f7412903a4a37edd04f3be055d8be60830f4fb15350edf708af6dc,sk-5d396ec5
d195a0031f76971d,29,routine,BA Systems subsidiary issues a $34.5M modification to an existing Cold Weather All-Terrain Vehicle contract; routine production sustainment for a $29B revenue company.,"[""sustainment"", ""modification""]",2026-09-02 20:49:22,claude-haiku-4-5,625851f897f7412903a4a37edd04f3be055d8be60830f4fb15350edf708af6dc,sk-5d396ec5
d1a4aabd30937491,62,notable,"HYLN, a listed small-cap energy company, wins a direct $41.7M design-and-build contract for 2-3 MW naval power units in a 1-bidder procurement, signaling early-stage program traction.","[""new_program_of_record"", ""sole_source"", ""size_vs_revenue""]",2026-09-02 20:49:22,claude-haiku-4-5,625851f897f7412903a4a37edd04f3be055d8be60830f4fb15350edf708af6dc,sk-5d396ec5
d1e3966ed6d79f7a,24,routine,A shared multi-award IDIQ ($125M ceiling) for vanadium supply under small-business set-aside; chemical commodity procurement with no listed player or clear strategic read-through.,"[""ceiling_not_revenue"", ""multi_award_pool"", ""small_business_setaside""]",2026-09-02 20:49:22,claude-haiku-4-5,625851f897f7412903a4a37edd04f3be055d8be60830f4fb15350edf708af6dc,sk-5d396ec5
d28b7e0b99bed72e,19,routine,NOC (Northrop Grumman) modifies a $618M IDIQ for a $17.7M engineering change to Global Hawk receivers; small incremental work on a mature UAV platform.,"[""sustainment"", ""modification""]",2026-09-02 20:49:22,claude-haiku-4-5,625851f897f7412903a4a37edd04f3be055d8be60830f4fb15350edf708af6dc,sk-5d396ec5
d32d94b183ea2f81,25,routine,A $93.9M IDIQ ceiling for uniform garments under small-business set-aside is a commodity procurement with no materiality to any listed defense prime.,"[""ceiling_not_revenue"", ""small_business_setaside"", ""sustainment""]",2026-09-02 20:49:22,claude-haiku-4-5,625851f897f7412903a4a37edd04f3be055d8be60830f4fb15350edf708af6dc,sk-5d396ec5
d3c1a2186c3292ee,42,notable,BA (Boeing) is awarded a shared portion of a $471M IDIQ ceiling for KC-46 aircraft parts under high competition (28 bids); confirms Boeing's installed base maintenance role on a modernized tanker program.,"[""ceiling_not_revenue"", ""multi_award_pool"", ""incumbent_retained""]",2026-09-02 20:49:22,claude-haiku-4-5,625851f897f7412903a4a37edd04f3be055d8be60830f4fb15350edf708af6dc,sk-5d396ec5
d47664ac470bcf0a,16,routine,"BA Systems subsidiary exercises a $14.6M option for USS Iwo Jima restricted availability work; routine depot-level ship maintenance, immaterial to BA's $29B revenue.","[""sustainment"", ""option_exercise""]",2026-09-02 20:49:22,claude-haiku-4-5,625851f897f7412903a4a37edd04f3be055d8be60830f4fb15350edf708af6dc,sk-5d396ec5
d5a93d22782cd3c3,48,notable,CHR (Chemring Group) wins sole-source full-rate production of Joint Biological Tactical Detection System at $48.8M; marks transition from development to production on a named program.,"[""sole_source"", ""new_program_of_record"", ""full_rate_production""]",2026-09-02 20:49:22,claude-haiku-4-5,625851f897f7412903a4a37edd04f3be055d8be60830f4fb15350edf708af6dc,sk-5d396ec5
d6687443b35033a4,28,routine,A shared multi-award IDIQ ($300M ceiling) for repair services to Air Force supply chain with 25 competitors and a 10-year duration; typical logistics sustainment split across the base.,"[""ceiling_not_revenue"", ""multi_award_pool""]",2026-09-02 20:49:22,claude-haiku-4-5,625851f897f7412903a4a37edd04f3be055d8be60830f4fb15350edf708af6dc,sk-5d396ec5
d6c183ad27711c12,24,routine,RTX (Raytheon) wins a $13.5M sole-source order for P-8A repairable assemblies; immaterial small order on a mature installed-base program relative to RTX's $67B revenue.,"[""sustainment"", ""sole_source""]",2026-09-02 20:49:22,claude-haiku-4-5,625851f897f7412903a4a37edd04f3be055d8be60830f4fb15350edf708af6dc,sk-5d396ec5
d6d9063e4739a6d7,31,routine,A shared multi-award IDIQ ($278M ceiling on a $400M cumulative) for Navy exercise design and operations analysis among 50 competitors; federated research and development work with no listed winner.,"[""ceiling_not_revenue"", ""multi_award_pool""]",2026-09-02 20:49:22,claude-haiku-4-5,625851f897f7412903a4a37edd04f3be055d8be60830f4fb15350edf708af6dc,sk-5d396ec5
d75bf33573f9942e,26,routine,A shared multi-award IDIQ ($99M ceiling) for Army construction in Southern California under small-business set-aside with 42 competitors; typical real-estate sustainment noise.,"[""ceiling_not_revenue"", ""multi_award_pool"", ""small_business_setaside""]",2026-09-02 20:49:22,claude-haiku-4-5,625851f897f7412903a4a37edd04f3be055d8be60830f4fb15350edf708af6dc,sk-5d396ec5
d7c7c79afc306a35,15,routine,Shared $148M ceiling across 6 competitors for aircraft carrier readiness support under Navy facilities; this awardee's realistic share is immaterial to any listed investor.,"[""ceiling_not_revenue"", ""multi_award_pool""]",2026-09-02 20:49:22,claude-haiku-4-5,64667c32df89f823285fe84b1c7f29dba613a0dd295900657202efaada80c7c3,sk-5d396ec5
d8526466a16f717a,18,routine,"Shared $699M ceiling across multiple competitors for POL construction services; small-business setaside signals fragmented market, not a material position for any listed prime.","[""ceiling_not_revenue"", ""multi_award_pool"", ""small_business""]",2026-09-02 20:49:22,claude-haiku-4-5,64667c32df89f823285fe84b1c7f29dba613a0dd295900657202efaada80c7c3,sk-5d396ec5
d8803bd9b9b32f5d,22,routine,Shared $278M ceiling across 50 bidders for Navy operational exercises and systems engineering; no listed beneficiary or read-through to one identified.,"[""ceiling_not_revenue"", ""multi_award_pool"", ""high_competition""]",2026-09-02 20:49:22,claude-haiku-4-5,64667c32df89f823285fe84b1c7f29dba613a0dd295900657202efaada80c7c3,sk-5d396ec5
d88fc4d840b5f89a,12,routine,Shared $800M ceiling (P0008 mod) for ocean/intermodal cargo transport under an existing program; incremental value is immaterial to any listed shipper or freight company.,"[""ceiling_not_revenue"", ""multi_award_pool""]",2026-09-02 20:49:22,claude-haiku-4-5,64667c32df89f823285fe84b1c7f29dba613a0dd295900657202efaada80c7c3,sk-5d396ec5
d9143f734995878d,62,notable,RTX (Raytheon Missiles) wins $271.5M definitized order for AEGIS Fire Control System production plus Australia/Japan FMS content; material addition to RTX's Navy combat systems backlog.,"[""size_vs_revenue"", ""fms"", ""program_of_record""]",2026-09-02 20:49:22,claude-haiku-4-5,64667c32df89f823285fe84b1c7f29dba613a0dd295900657202efaada80c7c3,sk-5d396ec5
d9543f28286f1e90,28,routine,RTX (Raytheon) sole-source $25M ceiling for AN/USC-28 strategic comms terminal sustainment; small IDIQ for a niche legacy system against RTX's $1.98B window haul.,"[""ceiling_not_revenue"", ""sole_source"", ""sustainment""]",2026-09-02 20:49:22,claude-haiku-4-5,64667c32df89f823285fe84b1c7f29dba613a0dd295900657202efaada80c7c3,sk-5d396ec5
d9601dd19743f0d7,24,routine,LMT (Lockheed) $44.6M IDIQ for submarine EW system production material; routine insertion work against LMT's massive $67.17B Navy backlog this window.,"[""ceiling_not_revenue"", ""program_of_record""]",2026-09-02 20:49:22,claude-haiku-4-5,64667c32df89f823285fe84b1c7f29dba613a0dd295900657202efaada80c7c3,sk-5d396ec5
d9646e05b61f4eb5,33,routine,Unlisted contractor sole-source $147.8M ceiling for Army legacy network decommissioning; immaterial to any listed vendor unless a read-through to a systems integrator exists (not evident).,"[""ceiling_not_revenue"", ""sole_source""]",2026-09-02 20:49:22,claude-haiku-4-5,64667c32df89f823285fe84b1c7f29dba613a0dd295900657202efaada80c7c3,sk-5d396ec5
d9a345f0b2895e14,35,routine,"Unlisted $37.6M firm-fixed-price for F-35 facility work in Arkansas; small, localized construction that does not visibly benefit any listed defense prime.","[""size_immaterial"", ""special_access_program""]",2026-09-02 20:49:22,claude-haiku-4-5,64667c32df89f823285fe84b1c7f29dba613a0dd295900657202efaada80c7c3,sk-5d396ec5
d9c5285a95dd5290,21,routine,"Shared $278M ceiling across 50 Navy bidders for operational exercise design and engineering; same work scope as award #3 (different awardee), no read-through identified.","[""ceiling_not_revenue"", ""multi_award_pool"", ""high_competition""]",2026-09-02 20:49:22,claude-haiku-4-5,64667c32df89f823285fe84b1c7f29dba613a0dd295900657202efaada80c7c3,sk-5d396ec5
d9caf8e6667abd45,28,routine,HII (Huntington Ingalls) $13M mod for LPD-17 common rail material supply; small incrementals are routine sustainment on a carrier already in long-term production.,"[""sustainment"", ""modification""]",2026-09-02 20:49:22,claude-haiku-4-5,64667c32df89f823285fe84b1c7f29dba613a0dd295900657202efaada80c7c3,sk-5d396ec5
dab039882417b5cd,75,alert,ORCL (Oracle) wins $3.31B five-year ceiling for DOW/IC/Coast Guard enterprise software licenses and support under new contract N66001-26-D-0020; transforms Oracle's government software footprint at scale material to ORCL shareholders.,"[""size_vs_revenue"", ""new_program_of_record"", ""government_wide""]",2026-09-02 20:49:22,claude-haiku-4-5,64667c32df89f823285fe84b1c7f29dba613a0dd295900657202efaada80c7c3,sk-5d396ec5
db371be689702a08,19,routine,"Shared $997M ceiling across 17 competitors for Navy POL facilities construction; small-business setaside splits opportunity widely, immaterial to any listed investor.","[""ceiling_not_revenue"", ""multi_award_pool"", ""small_business""]",2026-09-02 20:49:22,claude-haiku-4-5,64667c32df89f823285fe84b1c7f29dba613a0dd295900657202efaada80c7c3,sk-5d396ec5
db5add98dc1fd31a,18,routine,"Shared $699M ceiling across 21 competitors for Army POL construction services (companion to award #2); small-business setaside same pool logic applies.","[""ceiling_not_revenue"", ""multi_award_pool"", ""small_business""]",2026-09-02 20:49:22,claude-haiku-4-5,64667c32df89f823285fe84b1c7f29dba613a0dd295900657202efaada80c7c3,sk-5d396ec5
dbea659e8cdd68f8,26,routine,"LMT (Lockheed) $31.3M IDIQ ceiling for F-16 advisory engineering support across foreign military customers (Argentina, Bahrain, Chile, Egypt, Indonesia, Jordan, Morocco, Oman, Taiwan, Thailand, Turkey); routine sustainment and FMS advisory work immaterial against LMT's $67.17B Navy window haul.","[""ceiling_not_revenue"", ""fms"", ""advisory_support""]",2026-09-02 20:49:22,claude-haiku-4-5,64667c32df89f823285fe84b1c7f29dba613a0dd295900657202efaada80c7c3,sk-5d396ec5
dca7aa78a63bf497,24,routine,"Multi-award IDIQ ceiling shared among 8 competitors for cultural resource services; Stantec Inc. (STN) has $319M in same-window awards already, making this a modest incremental option on known work.","[""ceiling_not_revenue"", ""multi_award_pool"", ""sustainment""]",2026-09-02 20:49:23,claude-haiku-4-5,5a9341e896f32968bad8e50c234f5e3ca9802bac56f5ae983a0f6c23e7190831,sk-5d396ec5
dd3e1553789cf688,18,routine,Sole-source software engineering support on an IDIQ with no listed competitor; VES is unlisted and no read-through to a named prime is evident.,"[""unlisted_winner"", ""sole_source""]",2026-09-02 20:49:23,claude-haiku-4-5,5a9341e896f32968bad8e50c234f5e3ca9802bac56f5ae983a0f6c23e7190831,sk-5d396ec5
ddbae21809cd96ac,22,routine,"Multi-award $700M IDIQ ceiling shared among 13 bidders for marine construction; Triton Marine is unlisted, and the ceiling-not-revenue split makes any single awardee's realistic share a small fraction of the headline.","[""ceiling_not_revenue"", ""multi_award_pool"", ""large_bidding""]",2026-09-02 20:49:23,claude-haiku-4-5,5a9341e896f32968bad8e50c234f5e3ca9802bac56f5ae983a0f6c23e7190831,sk-5d396ec5
dde55c91663b0284,19,routine,Multi-award $471M ceiling for KC-46 aircraft parts across 28 competitors; Evans Composite is unlisted and the ceiling-not-revenue split means limited incremental work per awardee.,"[""ceiling_not_revenue"", ""multi_award_pool"", ""large_bidding""]",2026-09-02 20:49:23,claude-haiku-4-5,5a9341e896f32968bad8e50c234f5e3ca9802bac56f5ae983a0f6c23e7190831,sk-5d396ec5
df0599a7e3569c36,28,routine,Multi-award $1.88B cost-plus ceiling for aerospace R&D support shared across many bidders; Odyssey is unlisted and no listed competitor read-through is identifiable from the statement of work.,"[""ceiling_not_revenue"", ""multi_award_pool"", ""large_bidding""]",2026-09-02 20:49:23,claude-haiku-4-5,5a9341e896f32968bad8e50c234f5e3ca9802bac56f5ae983a0f6c23e7190831,sk-5d396ec5
df2d019222da7062,31,routine,"Sole-source $502M IDIQ for AH-64 TADS/PNVS post-production support awarded to Lockheed Martin (LMT), but LMT already holds $67.2B in same-window awards, making this a small addition to an incumbent's existing backlog.","[""sole_source"", ""incumbent_retained"", ""small_vs_revenue""]",2026-09-02 20:49:23,claude-haiku-4-5,5a9341e896f32968bad8e50c234f5e3ca9802bac56f5ae983a0f6c23e7190831,sk-5d396ec5
dfed6a68febae5f7,35,routine,"Multi-award $249M architect-engineer ceiling shared among 13 bidders, awarded to Tetra Tech (TTEK); the shared nature and competitive field means modest real incremental revenue on a known program.","[""ceiling_not_revenue"", ""multi_award_pool"", ""sustainment""]",2026-09-02 20:49:23,claude-haiku-4-5,5a9341e896f32968bad8e50c234f5e3ca9802bac56f5ae983a0f6c23e7190831,sk-5d396ec5
e059c02cbaa8ca1f,20,routine,Multi-award $450M small-business IDIQ ceiling for roofing services shared among 40 competitors; Bishop Inc. is unlisted and the ceiling-not-revenue split minimizes any single awardee's certain work.,"[""ceiling_not_revenue"", ""multi_award_pool"", ""large_bidding""]",2026-09-02 20:49:23,claude-haiku-4-5,5a9341e896f32968bad8e50c234f5e3ca9802bac56f5ae983a0f6c23e7190831,sk-5d396ec5
e0f4077a966729dc,17,routine,Small-business $193M construction ceiling shared among 25 bidders; Trend Construction is unlisted and the fragmented multi-award pool limits real incremental revenue per awardee.,"[""ceiling_not_revenue"", ""multi_award_pool"", ""large_bidding""]",2026-09-02 20:49:23,claude-haiku-4-5,5a9341e896f32968bad8e50c234f5e3ca9802bac56f5ae983a0f6c23e7190831,sk-5d396ec5
e0fc7c7715e5da51,32,routine,Multi-award $981M ceiling for space engineering support shared among 20 bidders; Northrop Grumman (NOC) already holds substantial backlog and the shared ceiling-not-revenue split reduces materiality despite the high headline figure.,"[""ceiling_not_revenue"", ""multi_award_pool"", ""incumbent_retained""]",2026-09-02 20:49:23,claude-haiku-4-5,5a9341e896f32968bad8e50c234f5e3ca9802bac56f5ae983a0f6c23e7190831,sk-5d396ec5
e12a28d98f33ed77,21,routine,Small competitive award ($43.7M) for lock-and-dam work; J.F. Brennan is unlisted with only 2 bidders and no listed company read-through.,"[""small_award"", ""unlisted_winner""]",2026-09-02 20:49:23,claude-haiku-4-5,5a9341e896f32968bad8e50c234f5e3ca9802bac56f5ae983a0f6c23e7190831,sk-5d396ec5
e19466c678d0f08f,15,routine,"Multi-award $1.0B ceiling for overseas construction shared among 14 bidders at Okinawa; Sanken-Witco is a Japan-based JV with no listed U.S. parent, and ceiling-not-revenue applies.","[""ceiling_not_revenue"", ""multi_award_pool"", ""overseas""]",2026-09-02 20:49:23,claude-haiku-4-5,5a9341e896f32968bad8e50c234f5e3ca9802bac56f5ae983a0f6c23e7190831,sk-5d396ec5
e1e1b7a4d1ad8a66,19,routine,Small-business $249M environmental remediation ceiling shared among 24 bidders; AEC-Weston JV is unlisted and the multi-award pool structure limits incremental revenue per awardee.,"[""ceiling_not_revenue"", ""multi_award_pool"", ""large_bidding""]",2026-09-02 20:49:23,claude-haiku-4-5,5a9341e896f32968bad8e50c234f5e3ca9802bac56f5ae983a0f6c23e7190831,sk-5d396ec5
e2300dfdea82305e,24,routine,Multi-award $920M aerospace equipment IDIQ shared among 66 bidders; CVI is unlisted and the ceiling-not-revenue structure with heavy competition minimizes any single awardee's certain work.,"[""ceiling_not_revenue"", ""multi_award_pool"", ""large_bidding""]",2026-09-02 20:49:23,claude-haiku-4-5,5a9341e896f32968bad8e50c234f5e3ca9802bac56f5ae983a0f6c23e7190831,sk-5d396ec5
e230541d5c5c1328,24,routine,"Identical multi-award $920M aerospace equipment IDIQ shared among 66 bidders, same pool and work scope as award 14; P2 Mission Solutions is unlisted with routine ceiling-not-revenue and heavy bidding.","[""ceiling_not_revenue"", ""multi_award_pool"", ""large_bidding""]",2026-09-02 20:49:23,claude-haiku-4-5,5a9341e896f32968bad8e50c234f5e3ca9802bac56f5ae983a0f6c23e7190831,sk-5d396ec5
e235424e90884480,18,routine,"Small-business $9.9M architect-engineer ceiling in a multi-award pool; AECOM (ACM) is a joint-venture participant on a tiny fraction of a shared vehicle, immaterial at any revenue scale.","[""ceiling_not_revenue"", ""multi_award_pool"", ""small_award""]",2026-09-02 20:49:23,claude-haiku-4-5,5a9341e896f32968bad8e50c234f5e3ca9802bac56f5ae983a0f6c23e7190831,sk-5d396ec5
e2598b392fc2f9b7,38,routine,"Multi-award $249M architect-engineer ceiling shared among 13 full bidders, awarded to Parsons (PSN) alongside its $2.19B same-window backlog; competitive award on a known vehicle with modest incremental share.","[""ceiling_not_revenue"", ""multi_award_pool"", ""incumbent_retained""]",2026-09-02 20:49:23,claude-haiku-4-5,5a9341e896f32968bad8e50c234f5e3ca9802bac56f5ae983a0f6c23e7190831,sk-5d396ec5
e26b90a166f90cb5,21,routine,Small-business $157M commercial crane ceiling in a multi-award pool; American Material Handling is unlisted and the shared structure minimizes real incremental revenue.,"[""ceiling_not_revenue"", ""multi_award_pool""]",2026-09-02 20:49:23,claude-haiku-4-5,5a9341e896f32968bad8e50c234f5e3ca9802bac56f5ae983a0f6c23e7190831,sk-5d396ec5
e2b1bb482dd07b20,42,notable,"Nine competitive bids for a $37.1M vessel time-charter service in Okinawa; Schuyler Line Navigation already holds $852.7M in same-window awards, and this represents incremental work on a known program of maritime support.","[""incumbent_retained"", ""competitive_win"", ""sustainment""]",2026-09-02 20:49:23,claude-haiku-4-5,5a9341e896f32968bad8e50c234f5e3ca9802bac56f5ae983a0f6c23e7190831,sk-5d396ec5
e331d35ed437e860,21,routine,Multi-award $450M roofing ceiling shared among 40 bidders at Air Force installations; L. Wallace Construction is unlisted and the ceiling-not-revenue split across heavy competition minimizes any single awardee's certain work.,"[""ceiling_not_revenue"", ""multi_award_pool"", ""large_bidding""]",2026-09-02 20:49:23,claude-haiku-4-5,5a9341e896f32968bad8e50c234f5e3ca9802bac56f5ae983a0f6c23e7190831,sk-5d396ec5
e337980f513fb62f,28,routine,"Hardware spares under a sonar systems contract; the $19.7M is an option exercise on a known vehicle for a company with $244M in the same window, immaterial to LMT's scale.","[""sustainment"", ""option_exercise""]",2026-09-02 20:49:23,claude-haiku-4-5,ad2cb4a46d4196f03c93497540634bf35fb0a62070154f857034e5277ab45364,sk-5d396ec5
e3820719ab968913,32,routine,"Medical equipment IDIQ ceiling shared across federal buyers with no listed awardee; $100M is an option ceiling, not booked revenue.","[""ceiling_not_revenue"", ""multi_buyer""]",2026-09-02 20:49:23,claude-haiku-4-5,ad2cb4a46d4196f03c93497540634bf35fb0a62070154f857034e5277ab45364,sk-5d396ec5
e382f3419c5bdb88,45,notable,SO (Southern Company) wins a sole-bid $92M electrical distribution services IDIQ for the Army; first appearance on this vehicle worth tracking as a program entry point.,"[""new_program_entry"", ""sole_source"", ""idiq_ceiling""]",2026-09-02 20:49:23,claude-haiku-4-5,ad2cb4a46d4196f03c93497540634bf35fb0a62070154f857034e5277ab45364,sk-5d396ec5
e3a984bd370d36c9,24,routine,"Unlisted contractor awarded a $450M training services IDIQ ceiling on sole bid; without a read-through to a listed competitor, the pool signal is muted and no booked revenue is attached.","[""ceiling_not_revenue"", ""sole_source""]",2026-09-02 20:49:23,claude-haiku-4-5,ad2cb4a46d4196f03c93497540634bf35fb0a62070154f857034e5277ab45364,sk-5d396ec5
e420d2c76e8f5c21,35,routine,"RTX wins a $38M IDIQ for training software maintenance; one of 14 RTX awards in the window totalling $1.98B, this is routine sustainment within a known portfolio.","[""ceiling_not_revenue"", ""sustainment""]",2026-09-02 20:49:23,claude-haiku-4-5,ad2cb4a46d4196f03c93497540634bf35fb0a62070154f857034e5277ab45364,sk-5d396ec5
e427d9d24c9bee4d,48,notable,"Hensel Phelps (unlisted) secures a competitive $120.2M Air Force Academy facilities contract against 4 bidders, representing a real capex win on a named program.","[""new_program_win"", ""competitive_bid""]",2026-09-02 20:49:23,claude-haiku-4-5,ad2cb4a46d4196f03c93497540634bf35fb0a62070154f857034e5277ab45364,sk-5d396ec5
e429f08ca97d1621,29,routine,Small-business real estate services IDIQ ceiling shared among 6 awardees in a pool; this contractor's share of $99M is one piece of a multi-award vehicle and booked as orders only.,"[""ceiling_not_revenue"", ""multi_award_pool""]",2026-09-02 20:49:23,claude-haiku-4-5,ad2cb4a46d4196f03c93497540634bf35fb0a62070154f857034e5277ab45364,sk-5d396ec5
e4499bbeb34d306d,34,routine,BA (Boeing) exercise modifying the F-15 Eagle trainer contract with $17.6M for EPAWSS integration; routine mod to a known program within Boeing's $653.7M window total.,"[""sustainment"", ""modification""]",2026-09-02 20:49:23,claude-haiku-4-5,ad2cb4a46d4196f03c93497540634bf35fb0a62070154f857034e5277ab45364,sk-5d396ec5
e452cbad56a96aeb,36,routine,Unlisted contractor's share of a $300M repair services IDIQ ceiling split 25 ways under Air Force; no identified read-through to a listed prime and ceiling-not-revenue applies.,"[""ceiling_not_revenue"", ""multi_award_pool""]",2026-09-02 20:49:23,claude-haiku-4-5,ad2cb4a46d4196f03c93497540634bf35fb0a62070154f857034e5277ab45364,sk-5d396ec5
e4c4b23e49bf09b7,26,routine,Fuel supply multi-award IDIQ ceiling divided among 30 awardees; routine DLA logistics sustainment with no booked revenue or listed-name materiality.,"[""ceiling_not_revenue"", ""multi_award_pool"", ""sustainment""]",2026-09-02 20:49:23,claude-haiku-4-5,ad2cb4a46d4196f03c93497540634bf35fb0a62070154f857034e5277ab45364,sk-5d396ec5
e4d8adc859d5736f,37,routine,Unlisted firm's share of a $300M Air Force repair services IDIQ split 25 ways; ceiling-not-revenue and no read-through to a named listed competitor.,"[""ceiling_not_revenue"", ""multi_award_pool""]",2026-09-02 20:49:23,claude-haiku-4-5,ad2cb4a46d4196f03c93497540634bf35fb0a62070154f857034e5277ab45364,sk-5d396ec5
e5186b626fd8886c,54,notable,Sikorsky (LMT subsidiary) wins $107.3M for VH-92A Presidential Helicopter main rotor blade design and integration; first identified win on this capability modernization vehicle.,"[""new_program_win"", ""program_modernization""]",2026-09-02 20:49:23,claude-haiku-4-5,ad2cb4a46d4196f03c93497540634bf35fb0a62070154f857034e5277ab45364,sk-5d396ec5
e54b59cdcd92b10d,25,routine,RTX competitively wins $17.8M in Navy Multiband Terminal System parts procurement; routine spares order within RTX's existing $1.98B naval portfolio in the window.,"[""sustainment"", ""spares""]",2026-09-02 20:49:23,claude-haiku-4-5,ad2cb4a46d4196f03c93497540634bf35fb0a62070154f857034e5277ab45364,sk-5d396ec5
e55e619df2f03d07,31,routine,Small-business roofing services IDIQ ceiling of $450M shared across 40 awardees with Air Force real property; routine facilities sustainment with no booked revenue.,"[""ceiling_not_revenue"", ""multi_award_pool"", ""sustainment""]",2026-09-02 20:49:23,claude-haiku-4-5,ad2cb4a46d4196f03c93497540634bf35fb0a62070154f857034e5277ab45364,sk-5d396ec5
e5d923c8e1289466,23,routine,Unlisted contractor awarded a $350M fitness facility construction IDIQ ceiling on sole bid; no named competitor loss and ceiling-not-revenue eliminates materiality to any listed holder.,"[""ceiling_not_revenue"", ""sole_source""]",2026-09-02 20:49:23,claude-haiku-4-5,ad2cb4a46d4196f03c93497540634bf35fb0a62070154f857034e5277ab45364,sk-5d396ec5
e5dfdee04bc03d5e,28,routine,"BAH (BAH) received $23.5M in Pakistan-based support services, small relative to its $10B+ revenue and consistent with its $423.6M window total of routine overseas contracts.","[""size_vs_revenue"", ""sustainment""]",2026-09-02 20:49:23,claude-haiku-4-5,87a405a49fc095df8af16fef1bc5ea9fcd2cdd7838a53988fb1eeed2cda80e79,sk-5d396ec5
e65db0ffa0589493,24,routine,"FedVet's share of a $99M multi-award construction ceiling is 1/42 of a competitive pool (~$2.4M realistic allocation), below the threshold for a private firm read-through.","[""ceiling_not_revenue"", ""multi_award_pool"", ""small_allocation""]",2026-09-02 20:49:23,claude-haiku-4-5,87a405a49fc095df8af16fef1bc5ea9fcd2cdd7838a53988fb1eeed2cda80e79,sk-5d396ec5
e66577fd36aced97,45,notable,"Laurel Technologies exercises a $32M option on the DDG 147-149 radar contract, confirming Navy commitment to a known program with clear upgrade path for Arleigh Burke destroyers.","[""option_exercise"", ""program_of_record"", ""repeat_customer""]",2026-09-02 20:49:23,claude-haiku-4-5,87a405a49fc095df8af16fef1bc5ea9fcd2cdd7838a53988fb1eeed2cda80e79,sk-5d396ec5
e6c0b7e4d7760b9e,55,notable,"Columbia/Virginia-class construction mod is core to HII's decade-long backlog, but with no dollar figure disclosed the incremental value is unknowable — worth human check.","[""no_dollar_value"", ""program_of_record"", ""backlog""]",2026-09-02 20:49:24,claude-opus-5,c9e1ca84e93ff3b9702ca3d8e35774eb1295e399023772cb4b3f98cad80a0012,sk-5d396ec5
e6cbcc44315ccd9e,22,routine,"Universal Field Services' share of a $99M multi-award real-estate services pool across six awardees is ~$16.5M per competitor, and no listed entity read-through applies.","[""ceiling_not_revenue"", ""multi_award_pool"", ""small_allocation""]",2026-09-02 20:49:23,claude-haiku-4-5,87a405a49fc095df8af16fef1bc5ea9fcd2cdd7838a53988fb1eeed2cda80e79,sk-5d396ec5
e758c068d2a7a671,68,notable,"General Dynamics Mission Systems (GD) receives a $229.7M modification for 188 additional Hammerhead sonobuoys and support equipment, expanding production on a Navy undersea warfare platform already in its backlog.","[""modification"", ""production_expansion"", ""repeat_program""]",2026-09-02 20:49:23,claude-haiku-4-5,87a405a49fc095df8af16fef1bc5ea9fcd2cdd7838a53988fb1eeed2cda80e79,sk-5d396ec5
e772272d8cf5e534,32,routine,"Lockheed Martin Sippican (LMT) receives a $19.8M IDIQ ceiling for Stinger warhead production with only one bid, a small ceiling and sole-source behavior that does not change LMT's $70B+ revenue materially.","[""ceiling_not_revenue"", ""sole_source"", ""size_vs_revenue""]",2026-09-02 20:49:23,claude-haiku-4-5,87a405a49fc095df8af16fef1bc5ea9fcd2cdd7838a53988fb1eeed2cda80e79,sk-5d396ec5
e77e97824406f52f,38,routine,"Leidos (LDOS) receives a $27.2M modification for AGM-190A Small Cruise Missile procurements, a mid-window increment on an existing program small relative to LDOS's $15B+ revenue.","[""modification"", ""size_vs_revenue""]",2026-09-02 20:49:23,claude-haiku-4-5,87a405a49fc095df8af16fef1bc5ea9fcd2cdd7838a53988fb1eeed2cda80e79,sk-5d396ec5
e7d47799c313560a,25,routine,"Sikorsky (LMT subsidiary) receives a $10.2M sole-source award for Mode 5 retrofit engineering, a small non-recurring development activity relative to LMT's scale.","[""sole_source"", ""size_vs_revenue"", ""nre""]",2026-09-02 20:49:23,claude-haiku-4-5,87a405a49fc095df8af16fef1bc5ea9fcd2cdd7838a53988fb1eeed2cda80e79,sk-5d396ec5
e8207054fd1ff778,30,routine,"Janus Research's $200M IDIQ ceiling for Army innovation services appears large in headline but is capped at a single competitor winning all orders, likely indicating a program still ramping with no revenue yet booked.","[""ceiling_not_revenue"", ""idiq""]",2026-09-02 20:49:23,claude-haiku-4-5,87a405a49fc095df8af16fef1bc5ea9fcd2cdd7838a53988fb1eeed2cda80e79,sk-5d396ec5
e890421ca0958e13,35,routine,"REDLattice's share of a $400M multi-award Navy engineering and exercise-design pool is ~$278M listed but split among unnamed competitors (50 bids received), making realistic individual share immaterial and no listed entity read-through apparent.","[""ceiling_not_revenue"", ""multi_award_pool"", ""shared_ceiling""]",2026-09-02 20:49:23,claude-haiku-4-5,87a405a49fc095df8af16fef1bc5ea9fcd2cdd7838a53988fb1eeed2cda80e79,sk-5d396ec5
e92042e1e8feb2b9,24,routine,Western Pacific salvage/towing IDIQ to a foreign private operator with no listed read-through.,"[""unlisted_awardee"", ""ceiling_not_revenue""]",2026-09-02 20:49:24,claude-opus-5,c9e1ca84e93ff3b9702ca3d8e35774eb1295e399023772cb4b3f98cad80a0012,sk-5d396ec5
e9965fdc67abdf0f,48,notable,"BAE Systems (BA) wins a share of a $981M IDIQ Space Test and Range engineering ceiling with 20 competitors; realistic allocation ~$49M, representing a competitive award on a new Air Force space sustainment vehicle.","[""ceiling_not_revenue"", ""multi_award_pool"", ""competitive_win""]",2026-09-02 20:49:23,claude-haiku-4-5,87a405a49fc095df8af16fef1bc5ea9fcd2cdd7838a53988fb1eeed2cda80e79,sk-5d396ec5
e9d603aab17b4171,36,routine,"Epsilon C5I's share of the same $400M Navy engineering pool as award 11 is ~$139M on a shared ceiling with unknown number of co-winners (50 bids), creating immaterial per-awardee allocation.","[""ceiling_not_revenue"", ""multi_award_pool"", ""shared_ceiling""]",2026-09-02 20:49:23,claude-haiku-4-5,87a405a49fc095df8af16fef1bc5ea9fcd2cdd7838a53988fb1eeed2cda80e79,sk-5d396ec5
e9d9d18488bad98b,29,routine,Large headline but a 17-bidder shared POL construction ceiling held by a private firm; no listed name identifiably gains or loses.,"[""ceiling_not_revenue"", ""multi_award_shared"", ""unlisted_awardee""]",2026-09-02 20:49:24,claude-opus-5,c9e1ca84e93ff3b9702ca3d8e35774eb1295e399023772cb4b3f98cad80a0012,sk-5d396ec5
ea07c2cd809d4d4b,36,routine,"Team Carney receives a $57.9M task order for Defense Counterintelligence and Security Agency workforce training, a one-time instructional development effort with no listed entity exposure.","[""task_order"", ""non_recurring""]",2026-09-02 20:49:23,claude-haiku-4-5,87a405a49fc095df8af16fef1bc5ea9fcd2cdd7838a53988fb1eeed2cda80e79,sk-5d396ec5
ea442c9d6a76f262,35,routine,"Semper Tek's share of a $160M small-business-set-aside multi-award construction pool across 19 competitors is ~$8.4M per awardee, below materiality and no listed prime read-through.","[""ceiling_not_revenue"", ""multi_award_pool"", ""small_allocation""]",2026-09-02 20:49:23,claude-haiku-4-5,87a405a49fc095df8af16fef1bc5ea9fcd2cdd7838a53988fb1eeed2cda80e79,sk-5d396ec5
ea609d01a909070f,18,routine,"Oshkosh Defense (OSK) receives a $9.3M requirements contract for tire assemblies from DLA, routine logistics support immaterial to Oshkosh's $3.5B+ revenue.","[""sustainment"", ""size_vs_revenue""]",2026-09-02 20:49:23,claude-haiku-4-5,87a405a49fc095df8af16fef1bc5ea9fcd2cdd7838a53988fb1eeed2cda80e79,sk-5d396ec5
eab15556bcca8748,25,routine,Small-business petroleum/lubricants engineering IDIQ ceiling shared across 14 competitors; $145M ceiling yields negligible realistic share per awardee.,"[""ceiling_not_revenue"", ""multi_award_shared"", ""small_business_setaside""]",2026-09-02 20:49:23,claude-haiku-4-5,4e976b1262edde814c1616903ec87a045a98a3271948b3d2592c2e86eabcd6d8,sk-5d396ec5
eac35bfc7e39633b,42,notable,"TECH (Guidehouse) wins $25.3M of operations-support work for a federal agency against 1 other bidder, building on $37.1M of prior year awards to the same contractor; confirms customer relationship on non-core services.","[""low_competition"", ""same_contractor_momentum"", ""operations_support""]",2026-09-02 20:49:23,claude-haiku-4-5,4e976b1262edde814c1616903ec87a045a98a3271948b3d2592c2e86eabcd6d8,sk-5d396ec5
ebb00f999f862e98,78,alert,RTX (Pratt & Whitney) P00024 undefinitized modification of $1.30B on F135/F-35 spares is schedule-pressure language on a critical propulsion program; undefinitized + 98th percentile dollar value + same-contractor backlog of $1.39B signals urgent scope expansion on a program of record.,"[""undefinitized_urgent"", ""propulsion_system"", ""spares_growth"", ""same_contractor_backlog""]",2026-09-02 20:49:23,claude-haiku-4-5,4e976b1262edde814c1616903ec87a045a98a3271948b3d2592c2e86eabcd6d8,sk-5d396ec5
ebdede5ab5c89cb9,20,routine,"Army pipeline-dredging IDIQ ceiling of $95M shared among unnamed multiple awardees in Galveston District; unmapped contractor, no read-through to listed name.","[""ceiling_not_revenue"", ""multi_award_shared"", ""infrastructure""]",2026-09-02 20:49:23,claude-haiku-4-5,4e976b1262edde814c1616903ec87a045a98a3271948b3d2592c2e86eabcd6d8,sk-5d396ec5
ec2ac8df636662c0,35,routine,Aircraft-parts repair IDIQ ceiling of $471M shared among 28 competitors for KC-46 spares; unmapped contractor with no visible read-through to prime integrator.,"[""ceiling_not_revenue"", ""multi_award_shared"", ""high_competition""]",2026-09-02 20:49:23,claude-haiku-4-5,4e976b1262edde814c1616903ec87a045a98a3271948b3d2592c2e86eabcd6d8,sk-5d396ec5
ec55e940a61ce7c3,22,routine,Disaster-response IDIQ ceiling of $49M shared among 5 bidders for Army emergency-repair services; unmapped contractor with no clear read-through to listed company.,"[""ceiling_not_revenue"", ""multi_award_shared"", ""infrastructure""]",2026-09-02 20:49:23,claude-haiku-4-5,4e976b1262edde814c1616903ec87a045a98a3271948b3d2592c2e86eabcd6d8,sk-5d396ec5
ecc2d61b69601d07,28,routine,International ocean-transport IDIQ ceiling of $800M (shared) is a modification P0008 under an existing vehicle; unmapped private contractor with no listed-company read-through visible.,"[""ceiling_not_revenue"", ""multi_award_shared"", ""modification""]",2026-09-02 20:49:23,claude-haiku-4-5,4e976b1262edde814c1616903ec87a045a98a3271948b3d2592c2e86eabcd6d8,sk-5d396ec5
ed3143435609c282,20,routine,"Charleston Harbor maintenance dredging, $28.2M new award to unmapped contractor; small relative to same-contractor year total of $192.7M, no listed-company read-through.","[""infrastructure"", ""same_contractor_routine""]",2026-09-02 20:49:23,claude-haiku-4-5,4e976b1262edde814c1616903ec87a045a98a3271948b3d2592c2e86eabcd6d8,sk-5d396ec5
ed4d5e48e4fc70cc,24,routine,"Joint Base Lewis-McChord facility modernization, $169.1M to unmapped contractor with deep backlog ($450M same-window); routine sustainment on a known installation.","[""facilities_modernization"", ""same_contractor_backlog""]",2026-09-02 20:49:23,claude-haiku-4-5,4e976b1262edde814c1616903ec87a045a98a3271948b3d2592c2e86eabcd6d8,sk-5d396ec5
ee1c67173d547c0e,32,routine,"Navy NAVFAC modification of $54M for marine construction/dredging; small increment against $380M cumulative program; unmapped contractor with shared ceiling, no listed read-through.","[""modification_increment"", ""multi_award_shared"", ""infrastructure""]",2026-09-02 20:49:23,claude-haiku-4-5,4e976b1262edde814c1616903ec87a045a98a3271948b3d2592c2e86eabcd6d8,sk-5d396ec5
eed80e796df9bfe0,18,routine,NOC (Northrop Grumman) $21.1M new award for E-2D radar modification kits is routine sustainment on a known aircraft program; small against $2.64B same-window backlog.,"[""sustainment"", ""same_contractor_backlog""]",2026-09-02 20:49:23,claude-haiku-4-5,4e976b1262edde814c1616903ec87a045a98a3271948b3d2592c2e86eabcd6d8,sk-5d396ec5
eed832e6b37f8fc3,48,notable,"ACN (Accenture) $278M share of Navy multi-award IDIQ ceiling ($400M total, 50 bidders) for warfighting operations and systems engineering; notable as confirmation of seat retention in high-competition government-IT pool against major integrators.","[""multi_award_shared"", ""government_it_services"", ""competitive_retention""]",2026-09-02 20:49:23,claude-haiku-4-5,4e976b1262edde814c1616903ec87a045a98a3271948b3d2592c2e86eabcd6d8,sk-5d396ec5
eef6f6d06ebec798,26,routine,"Small-business Army construction IDIQ ceiling of $699M shared across 21 competitors for petroleum/lubricant facility design-build; unmapped contractor, no read-through to listed prime.","[""ceiling_not_revenue"", ""multi_award_shared"", ""small_business_setaside""]",2026-09-02 20:49:23,claude-haiku-4-5,4e976b1262edde814c1616903ec87a045a98a3271948b3d2592c2e86eabcd6d8,sk-5d396ec5
eef7ea7ab70ac501,25,routine,Shared Navy exercise-design/engineering pool with 50 offerors and a private awardee; per-seat revenue is small and untradeable.,"[""multi_award_shared"", ""ceiling_not_revenue"", ""unlisted_awardee""]",2026-09-02 20:49:24,claude-opus-5,c9e1ca84e93ff3b9702ca3d8e35774eb1295e399023772cb4b3f98cad80a0012,sk-5d396ec5
ef1735d42b2c259c,20,routine,"Air Force telecommunications IDIQ ceiling $30M to unmapped contractor; one new award among many on a small base, no listed-company signal.","[""ceiling_not_revenue"", ""base_telecom""]",2026-09-02 20:49:23,claude-haiku-4-5,4e976b1262edde814c1616903ec87a045a98a3271948b3d2592c2e86eabcd6d8,sk-5d396ec5
ef3114ae078d9dba,28,routine,"Strategic Command exercise/training support $49.1M new award to unmapped contractor; routine sustainment on known program, no listed read-through.","[""training_support"", ""sustainment""]",2026-09-02 20:49:23,claude-haiku-4-5,4e976b1262edde814c1616903ec87a045a98a3271948b3d2592c2e86eabcd6d8,sk-5d396ec5
ef5aabe2dc96516b,52,notable,"LDOS (Leidos) $300M share of multi-award IDIQ ceiling ($300M listed but multi-award shared, 29 bidders) for defense healthcare IT deployment; confirms seat on DHA enterprise portfolio vehicle, building on $690M prior-year backlog.","[""multi_award_shared"", ""defense_healthcare_it"", ""same_contractor_backlog""]",2026-09-02 20:49:23,claude-haiku-4-5,4e976b1262edde814c1616903ec87a045a98a3271948b3d2592c2e86eabcd6d8,sk-5d396ec5
f012e7f92f69d516,22,routine,"Small-business Air Force roofing IDIQ ceiling $450M shared among 40 competitors; unmapped contractor, routine infrastructure services.","[""ceiling_not_revenue"", ""multi_award_shared"", ""small_business_setaside""]",2026-09-02 20:49:23,claude-haiku-4-5,4e976b1262edde814c1616903ec87a045a98a3271948b3d2592c2e86eabcd6d8,sk-5d396ec5
f040159263ded844,38,routine,"RTX (Raytheon Tucson) $49.7M new award for CIWS gun-system parts repair, sole-source (1 of 1); small against $1.98B same-window backlog, routine spares sustainment on legacy platform.","[""sole_source_incumbent"", ""spares"", ""same_contractor_backlog""]",2026-09-02 20:49:23,claude-haiku-4-5,4e976b1262edde814c1616903ec87a045a98a3271948b3d2592c2e86eabcd6d8,sk-5d396ec5
f040a1bd09910d25,26,routine,"Unmapped Vertex Aerospace P00012 modification of $31.8M for F-5 aircraft depot maintenance labor adjustments; routine sustainment mod on legacy platform, small against $554.4M cumulative program.","[""modification_labor_adjustment"", ""sustainment"", ""legacy_platform""]",2026-09-02 20:49:23,claude-haiku-4-5,4e976b1262edde814c1616903ec87a045a98a3271948b3d2592c2e86eabcd6d8,sk-5d396ec5
f0a7dc0e16e03849,28,routine,$31.8M option exercise on Littoral Combat Ship sustainment for a $67B revenue company (GD) is routine incremental work on a known program.,"[""sustainment"", ""size_vs_revenue""]",2026-09-02 20:49:24,claude-haiku-4-5,c831af1deb793ff3cdaa1fc5dddae13e33d409e35b91750347e1a97175b7f953,sk-5d396ec5
f12b2a600ad40ecb,45,notable,"OSK awarded a seat in a 66-company $920M shared IDIQ pool for next-gen aerospace and ground equipment, signaling Oshkosh's position in modernization programs but the ceiling is distributed across many competitors.","[""ceiling_not_revenue"", ""multi_award_pool"", ""new_program_signal""]",2026-09-02 20:49:24,claude-haiku-4-5,c831af1deb793ff3cdaa1fc5dddae13e33d409e35b91750347e1a97175b7f953,sk-5d396ec5
f1bd68e1f4e9b6ec,10,routine,Master Lease Contract modification for unlisted SeaCube in a shared multi-award pool with unstated individual amount is routine logistics sustainment.,"[""ceiling_not_revenue"", ""multi_award_pool"", ""sustainment""]",2026-09-02 20:49:24,claude-haiku-4-5,c831af1deb793ff3cdaa1fc5dddae13e33d409e35b91750347e1a97175b7f953,sk-5d396ec5
f1e8f3bb0dbc05a8,15,routine,$450M shared ceiling across 40 competitors for roofing services at Air Force bases is distributed sustainment work; individual award value is immaterial.,"[""ceiling_not_revenue"", ""multi_award_pool"", ""sustainment"", ""small_business""]",2026-09-02 20:49:24,claude-haiku-4-5,c831af1deb793ff3cdaa1fc5dddae13e33d409e35b91750347e1a97175b7f953,sk-5d396ec5
f270638ccead7fbd,22,routine,$24.8M new production order for lightweight conformal arrays for a $180B-revenue company (LMT) with $67B in other awards this window is small and routine.,"[""size_vs_revenue"", ""routine_production""]",2026-09-02 20:49:24,claude-haiku-4-5,c831af1deb793ff3cdaa1fc5dddae13e33d409e35b91750347e1a97175b7f953,sk-5d396ec5
f27fe9e3d4dda7ad,32,routine,$249M shared environmental remediation services ceiling in a 24-company Army pool with small-business set-aside is distributed sustained work.,"[""ceiling_not_revenue"", ""multi_award_pool"", ""sustainment"", ""small_business""]",2026-09-02 20:49:24,claude-haiku-4-5,c831af1deb793ff3cdaa1fc5dddae13e33d409e35b91750347e1a97175b7f953,sk-5d396ec5
f2ed62717a264aeb,18,routine,$800M shared transportation ceiling split across multiple awardees in Universal Services Contract-10; Schuyler Line's incremental share of a distributed program is not material.,"[""ceiling_not_revenue"", ""multi_award_pool"", ""sustainment""]",2026-09-02 20:49:24,claude-haiku-4-5,c831af1deb793ff3cdaa1fc5dddae13e33d409e35b91750347e1a97175b7f953,sk-5d396ec5
f325897212223895,18,routine,$800M shared transportation ceiling split across multiple awardees in Universal Services Contract-10; Superior Maritime's incremental share of a distributed program is not material.,"[""ceiling_not_revenue"", ""multi_award_pool"", ""sustainment""]",2026-09-02 20:49:24,claude-haiku-4-5,c831af1deb793ff3cdaa1fc5dddae13e33d409e35b91750347e1a97175b7f953,sk-5d396ec5
f3724e0e69e92765,24,routine,"$24.3M six-month extension of Enterprise Task Management Software for ACN (Accenture, ~$65B revenue) is routine sustainment of a known program.","[""sustainment"", ""size_vs_revenue""]",2026-09-02 20:49:24,claude-haiku-4-5,c831af1deb793ff3cdaa1fc5dddae13e33d409e35b91750347e1a97175b7f953,sk-5d396ec5
f38c011c7e92cc03,35,routine,$29.5M IDIQ ceiling for low-hazard shaped charges to an unlisted Navy contractor is a specialized niche product with modest scale.,"[""ceiling_not_revenue"", ""idiq_new_award""]",2026-09-02 20:49:24,claude-haiku-4-5,c831af1deb793ff3cdaa1fc5dddae13e33d409e35b91750347e1a97175b7f953,sk-5d396ec5
f3d4fef2c779749f,50,notable,$100M fixed-price award to Vivsoft for Air Force aircrew scheduling and training modernization with only 3 bids received signals meaningful consolidation in this capability area.,"[""new_program_signal"", ""competition_low"", ""sole_source_adjacent""]",2026-09-02 20:49:24,claude-haiku-4-5,c831af1deb793ff3cdaa1fc5dddae13e33d409e35b91750347e1a97175b7f953,sk-5d396ec5
f3ddb3423382a8c4,55,notable,"$49.9M P00003 modification on Next-Generation Fixed Wing Helmet production for GNTX (Gentex, ~$500M revenue) confirms incumbent position on a modernization program expanding toward full-rate production.","[""incumbent_retained"", ""program_expansion"", ""size_vs_revenue""]",2026-09-02 20:49:24,claude-haiku-4-5,c831af1deb793ff3cdaa1fc5dddae13e33d409e35b91750347e1a97175b7f953,sk-5d396ec5
f427d2b8526e8597,28,routine,$33.9M IDIQ ceiling for weapon sled assembly to unlisted Corvid is a specialized procurement for Navy ship interdiction without competitive context.,"[""ceiling_not_revenue"", ""niche_product""]",2026-09-02 20:49:24,claude-haiku-4-5,c831af1deb793ff3cdaa1fc5dddae13e33d409e35b91750347e1a97175b7f953,sk-5d396ec5
f4ae80474aedb10c,38,routine,$699M shared Army construction services ceiling in a 21-company small-business pool is distributed sustainment work; individual award is immaterial.,"[""ceiling_not_revenue"", ""multi_award_pool"", ""sustainment"", ""small_business""]",2026-09-02 20:49:24,claude-haiku-4-5,c831af1deb793ff3cdaa1fc5dddae13e33d409e35b91750347e1a97175b7f953,sk-5d396ec5
f4e0e5cb8ea903ee,38,routine,"The $55B figure is a ceiling shared across 36 small-business holders — an option, not revenue — though the vehicle's scale signals contingency-logistics demand relevant to KBR and VVX over time.","[""ceiling_not_revenue"", ""multi_award_shared"", ""unlisted_awardee""]",2026-09-02 20:49:24,claude-opus-5,c9e1ca84e93ff3b9702ca3d8e35774eb1295e399023772cb4b3f98cad80a0012,sk-5d396ec5
f523d4947d536df3,12,routine,$48.3M shared multi-award DLA dental supplies ceiling to unlisted Hu-Friedy is standard healthcare sustainment.,"[""ceiling_not_revenue"", ""multi_award_pool"", ""sustainment""]",2026-09-02 20:49:24,claude-haiku-4-5,c831af1deb793ff3cdaa1fc5dddae13e33d409e35b91750347e1a97175b7f953,sk-5d396ec5
f52e3f0b7b3413c8,48,notable,"$34.1M sole-source IDIQ for Apache helmet-mounted display repair confirms ESLT (Elbit Systems subsidiary) as incumbent supplier for critical helicopter systems; with $334M in other awards this window, validates program consolidation.","[""incumbent_retained"", ""sole_source"", ""size_vs_revenue""]",2026-09-02 20:49:24,claude-haiku-4-5,c831af1deb793ff3cdaa1fc5dddae13e33d409e35b91750347e1a97175b7f953,sk-5d396ec5
f5e753a442586a73,14,routine,$25M IDIQ ceiling for airfield pavement maintenance at Little Rock AFB to unlisted Barnett Paving is routine base sustainment.,"[""ceiling_not_revenue"", ""sustainment""]",2026-09-02 20:49:24,claude-haiku-4-5,c831af1deb793ff3cdaa1fc5dddae13e33d409e35b91750347e1a97175b7f953,sk-5d396ec5
f5e89f7608b95b5a,36,routine,$61.6M option exercise on Camp Blaz fiber communications infrastructure is incremental construction execution on a known Guam program; cumulative value of $351M reflects program scale but today's action is routine continuation.,"[""sustainment"", ""option_exercise""]",2026-09-02 20:49:24,claude-haiku-4-5,c831af1deb793ff3cdaa1fc5dddae13e33d409e35b91750347e1a97175b7f953,sk-5d396ec5
f66afa449e298794,58,notable,"Private Stoke isn't investable, but an $11.4B cumulative ceiling raise on NSSL Phase 3 Lane 1 signals expanding on-ramp launch demand for listed Lane 1 holders RKLB and FFY.","[""ceiling_not_revenue"", ""read_through_to_prime"", ""new_program_of_record""]",2026-09-02 20:49:24,claude-opus-5,c9e1ca84e93ff3b9702ca3d8e35774eb1295e399023772cb4b3f98cad80a0012,sk-5d396ec5
f78407facd90116b,15,routine,Large IDIQ ceiling ($997M shared across 17 competitors) for routine military construction and maintenance work; no listed company involved.,"[""ceiling_not_revenue"", ""multi_award_pool""]",2026-09-02 20:49:24,claude-haiku-4-5,8d6a9336c34aadbe17a256666e30aae6264438c8b03c5b138ca9a20ad141426b,sk-5d396ec5
f789039a15085576,16,routine,Large IDIQ ceiling ($981M shared across 20 competitors) for space-test engineering support; no listed company involved.,"[""ceiling_not_revenue"", ""multi_award_pool""]",2026-09-02 20:49:24,claude-haiku-4-5,8d6a9336c34aadbe17a256666e30aae6264438c8b03c5b138ca9a20ad141426b,sk-5d396ec5
f812c749e31e4f67,14,routine,Nine-figure IDIQ ceiling ($920M shared across 66 competitors) for aerospace equipment modernization; no listed company and highly fragmented pool signal routine sustainment.,"[""ceiling_not_revenue"", ""multi_award_pool""]",2026-09-02 20:49:24,claude-haiku-4-5,8d6a9336c34aadbe17a256666e30aae6264438c8b03c5b138ca9a20ad141426b,sk-5d396ec5
f850293e33c3e507,24,routine,Small-business $350M IDIQ ceiling (shared across 9 competitors) for federal IT services; no read-through to a named listed prime evident in the competitive pool.,"[""ceiling_not_revenue"", ""multi_award_pool""]",2026-09-02 20:49:24,claude-haiku-4-5,8d6a9336c34aadbe17a256666e30aae6264438c8b03c5b138ca9a20ad141426b,sk-5d396ec5
f868adddeb62bec4,38,routine,"StandardAero (SARO) wins one of only 3 seats in a shared $343M IDIQ pool for T-56 engine overhaul, a known sustainment program on C-130 aircraft; selective competition but within existing platform.","[""ceiling_not_revenue"", ""multi_award_pool"", ""narrow_competition""]",2026-09-02 20:49:24,claude-haiku-4-5,8d6a9336c34aadbe17a256666e30aae6264438c8b03c5b138ca9a20ad141426b,sk-5d396ec5
f89172a723becc24,12,routine,Small $32.6M IDIQ ceiling for routine Pentagon heating plant maintenance; no listed company.,"[""ceiling_not_revenue""]",2026-09-02 20:49:24,claude-haiku-4-5,8d6a9336c34aadbe17a256666e30aae6264438c8b03c5b138ca9a20ad141426b,sk-5d396ec5
f8c6f7517fd0a292,42,notable,"Northrop Grumman (NOC) wins $60.4M firm cost-plus award to develop an enhanced sensor for LAIRCM system, signaling new capability on a known electronic warfare platform; one of 16 NOC awards in window.","[""new_sensor_capability"", ""incumbent_retained""]",2026-09-02 20:49:24,claude-haiku-4-5,8d6a9336c34aadbe17a256666e30aae6264438c8b03c5b138ca9a20ad141426b,sk-5d396ec5
f91a008f460ae9b7,22,routine,Large IDIQ ceiling ($278M shared across 50 competitors) for Navy operational exercises and systems engineering support; no listed company and heavily fragmented pool.,"[""ceiling_not_revenue"", ""multi_award_pool""]",2026-09-02 20:49:24,claude-haiku-4-5,8d6a9336c34aadbe17a256666e30aae6264438c8b03c5b138ca9a20ad141426b,sk-5d396ec5
f9324cd36d8fdb81,28,routine,University of Alaska Fairbanks sole-source $499M IDIQ for university-affiliated research center work on geophysical detection; non-tradeable entity and research focus limit investor relevance.,"[""sole_source"", ""research_center"", ""ceiling_not_revenue""]",2026-09-02 20:49:24,claude-haiku-4-5,8d6a9336c34aadbe17a256666e30aae6264438c8b03c5b138ca9a20ad141426b,sk-5d396ec5
f97f84d53958e574,30,routine,Conti Federal Services wins $49.9M construction contract (1 of 4 bidders) for environmental shelters at Ellsworth AFB; small award against cumulative $450M this contractor holds in the window.,"[""competitive"", ""construction"", ""sustainment""]",2026-09-02 20:49:24,claude-haiku-4-5,8d6a9336c34aadbe17a256666e30aae6264438c8b03c5b138ca9a20ad141426b,sk-5d396ec5
f9841957b730cb9f,35,routine,"Eaton Aerospace (ETN subsidiary) wins one of 28 seats in shared $471M IDIQ for KC-46 aircraft parts exchange/repair, a known sustainment program; ceiling shared widely dilutes any single position.","[""ceiling_not_revenue"", ""multi_award_pool"", ""sustainment""]",2026-09-02 20:49:24,claude-haiku-4-5,8d6a9336c34aadbe17a256666e30aae6264438c8b03c5b138ca9a20ad141426b,sk-5d396ec5
f996eeeadbb3d2ee,18,routine,Whiting-Turner small-business wins one of 15 seats in an $8.0B shared IDIQ for large Naval Facilities construction; no listed company and massive pool fragmentation make individual position immaterial.,"[""ceiling_not_revenue"", ""multi_award_pool""]",2026-09-02 20:49:24,claude-haiku-4-5,8d6a9336c34aadbe17a256666e30aae6264438c8b03c5b138ca9a20ad141426b,sk-5d396ec5
f998b5a971e876d8,41,notable,"Great Lakes Dredge & Dock (GLDD, direct listing) wins one of multiple seats in $95M shared pool for Corps of Engineers dredging contracts; competitive award (3+ competitors) extends platform footprint in domestic infrastructure work.","[""multi_award_pool"", ""infrastructure"", ""read_through_to_prime""]",2026-09-02 20:49:24,claude-haiku-4-5,8d6a9336c34aadbe17a256666e30aae6264438c8b03c5b138ca9a20ad141426b,sk-5d396ec5
f9d6c12a21b0e71f,16,routine,Raytheon (RTX) $25M sustainment modification on communications terminal represents routine depot-level repair against RTX's $1.98B in-window portfolio.,"[""sustainment"", ""modification""]",2026-09-02 20:49:24,claude-haiku-4-5,8d6a9336c34aadbe17a256666e30aae6264438c8b03c5b138ca9a20ad141426b,sk-5d396ec5
f9e8103f4e879ea6,13,routine,Boston Scientific Neuromodulation (BSX subsidiary) $14.4M small-dollar IDIQ for medical supplies to DLA; niche medical product with no program significance.,"[""ceiling_not_revenue"", ""medical_supplies""]",2026-09-02 20:49:24,claude-haiku-4-5,8d6a9336c34aadbe17a256666e30aae6264438c8b03c5b138ca9a20ad141426b,sk-5d396ec5
fa045829b5769da2,55,notable,Lockheed Martin Space (LMT) $211M modification to THAAD launcher production under UAE FMS case signals continued foreign military sales on an active program; modification adds real revenue to an incumbent position.,"[""modification"", ""fms"", ""incumbent_retained""]",2026-09-02 20:49:24,claude-haiku-4-5,8d6a9336c34aadbe17a256666e30aae6264438c8b03c5b138ca9a20ad141426b,sk-5d396ec5
fa32cea091e092f3,19,routine,McKenzie Construction small-business wins one of 25 seats in shared $193M IDIQ for Army base construction; no listed company and fragmented pool.,"[""ceiling_not_revenue"", ""multi_award_pool""]",2026-09-02 20:49:24,claude-haiku-4-5,8d6a9336c34aadbe17a256666e30aae6264438c8b03c5b138ca9a20ad141426b,sk-5d396ec5
fa6f327b3238ecaa,26,routine,"Sawasawa LLC small-business $763M IDIQ ceiling (5 bidders, 1 winner on select) for DLA physical fitness gear; no listed company and supply-chain commodity work.","[""ceiling_not_revenue""]",2026-09-02 20:49:24,claude-haiku-4-5,8d6a9336c34aadbe17a256666e30aae6264438c8b03c5b138ca9a20ad141426b,sk-5d396ec5
fa71fe1bcc4e86cd,14,routine,Boeing (BA) $22.3M sustainment modification on AH-64E Apache maintenance represents routine support work against Boeing's massive $136.4B in-window portfolio.,"[""sustainment"", ""modification""]",2026-09-02 20:49:24,claude-haiku-4-5,8d6a9336c34aadbe17a256666e30aae6264438c8b03c5b138ca9a20ad141426b,sk-5d396ec5
fa8dde017975e00c,32,routine,Federal Contracting (unlisted) wins $54.8M design-bid-build construction (1 of 3 bidders) for B-21 shelter construction; small award in competitive pool with no listed company.,"[""construction"", ""competitive""]",2026-09-02 20:49:24,claude-haiku-4-5,8d6a9336c34aadbe17a256666e30aae6264438c8b03c5b138ca9a20ad141426b,sk-5d396ec5
fb41bf517bd63c76,32,routine,"MTU-BB's share of a $370.2M multi-award IDIQ ceiling for marine engine depot overhaul is an option, not booked revenue, and offers no visibility into which contractors will receive meaningful orders.","[""ceiling_not_revenue"", ""multi_award_pool"", ""idiq""]",2026-09-02 20:49:24,claude-haiku-4-5,3291448f11a37414d2f1d785130e63e173fbdaf0eaadb35af8a3da988660a036,sk-5d396ec5
fbb1db17260a6b60,35,routine,"HII's slice of a $148.0M shared carrier support IDIQ with 6 competitors is a ceiling option, not committed work; aircraft carrier readiness sustainment is a known program vehicle.","[""ceiling_not_revenue"", ""multi_award_pool"", ""idiq"", ""sustainment""]",2026-09-02 20:49:24,claude-haiku-4-5,3291448f11a37414d2f1d785130e63e173fbdaf0eaadb35af8a3da988660a036,sk-5d396ec5
fbf0bd44bd5339c2,28,routine,Boeing's $131.2B F-15 Eagle ceiling is the largest announced figure in the window but remains an IDIQ option distributed over 11 years across multiple awardees—not new revenue; context shows Boeing already holds $136.4B in same-window awards.,"[""ceiling_not_revenue"", ""multi_award_pool"", ""idiq""]",2026-09-02 20:49:24,claude-haiku-4-5,3291448f11a37414d2f1d785130e63e173fbdaf0eaadb35af8a3da988660a036,sk-5d396ec5
fc380cde60afefab,22,routine,A $12.7M facility maintenance modification to a Navy base upgrade program is routine sustainment work small against NOC's $40B+ revenue.,"[""sustainment"", ""small_vs_revenue"", ""modification""]",2026-09-02 20:49:24,claude-haiku-4-5,3291448f11a37414d2f1d785130e63e173fbdaf0eaadb35af8a3da988660a036,sk-5d396ec5
fc4f238b62b13335,38,routine,"Boeing's $981.0M share of a multi-award space-test engineering pool with 20 competitors is an IDIQ ceiling, not booked revenue, adding routine engineering support to an already-heavy Boeing award window.","[""ceiling_not_revenue"", ""multi_award_pool"", ""idiq""]",2026-09-02 20:49:24,claude-haiku-4-5,3291448f11a37414d2f1d785130e63e173fbdaf0eaadb35af8a3da988660a036,sk-5d396ec5
fcb1de9b2375a43a,26,routine,Omega's $938.9M share of a multi-award Navy refueling training pool is an IDIQ ceiling distributed among competitors; an unlisted awardee with no read-through to a named listed prime.,"[""ceiling_not_revenue"", ""multi_award_pool"", ""idiq""]",2026-09-02 20:49:24,claude-haiku-4-5,3291448f11a37414d2f1d785130e63e173fbdaf0eaadb35af8a3da988660a036,sk-5d396ec5
fcd9f1b0504d52fa,31,routine,TAT Technologies' $471.0M share of a 28-competitor KC-46 spare parts IDIQ is a ceiling option; the Israeli supplier is unlisted with no visibility to material U.S. listed prime impact.,"[""ceiling_not_revenue"", ""multi_award_pool"", ""idiq""]",2026-09-02 20:49:24,claude-haiku-4-5,3291448f11a37414d2f1d785130e63e173fbdaf0eaadb35af8a3da988660a036,sk-5d396ec5
fcf7589274b4efc5,24,routine,HNTB's $95.0M share of a 16-company Army Corps A/E services pool is a ceiling option for civil works design—routine support vehicle work.,"[""ceiling_not_revenue"", ""multi_award_pool"", ""idiq""]",2026-09-02 20:49:24,claude-haiku-4-5,3291448f11a37414d2f1d785130e63e173fbdaf0eaadb35af8a3da988660a036,sk-5d396ec5
fd432590423fcc3a,28,routine,DIRICKX's $200.0M expeditionary barrier-systems ceiling share among 11 competitors is an IDIQ option; unlisted UK supplier with no clear read-through to a listed prime.,"[""ceiling_not_revenue"", ""multi_award_pool"", ""idiq""]",2026-09-02 20:49:24,claude-haiku-4-5,3291448f11a37414d2f1d785130e63e173fbdaf0eaadb35af8a3da988660a036,sk-5d396ec5
fda0ca3e3fa1d186,22,routine,Reams' $193.0M small-business construction ceiling share in a 25-company Army pool is an IDIQ option for routine cantonment work; unlisted awardee.,"[""ceiling_not_revenue"", ""multi_award_pool"", ""idiq"", ""small_business""]",2026-09-02 20:49:24,claude-haiku-4-5,3291448f11a37414d2f1d785130e63e173fbdaf0eaadb35af8a3da988660a036,sk-5d396ec5
fdbb8d7959f2c609,22,routine,Webb Construction's $193.0M small-business construction ceiling share in a 25-company pool is an IDIQ option; routine Army facility construction sustainment.,"[""ceiling_not_revenue"", ""multi_award_pool"", ""idiq"", ""small_business""]",2026-09-02 20:49:24,claude-haiku-4-5,3291448f11a37414d2f1d785130e63e173fbdaf0eaadb35af8a3da988660a036,sk-5d396ec5
fdfd60960611dda5,29,routine,Rockwell Collins' (RTX subsidiary) $38.9M CAAS 10.3 software support IDIQ is a sole-source ceiling option for a known Army avionics integration program; RTX already holds $121M in same-window awards.,"[""ceiling_not_revenue"", ""idiq"", ""sole_source""]",2026-09-02 20:49:24,claude-haiku-4-5,3291448f11a37414d2f1d785130e63e173fbdaf0eaadb35af8a3da988660a036,sk-5d396ec5
fdfe9b86d08b67dd,26,routine,Shared 13-bidder A-E services ceiling is immaterial to Jacobs (JCE) at its revenue scale.,"[""size_vs_revenue"", ""multi_award_shared"", ""ceiling_not_revenue""]",2026-09-02 20:49:24,claude-opus-5,c9e1ca84e93ff3b9702ca3d8e35774eb1295e399023772cb4b3f98cad80a0012,sk-5d396ec5
fe0c4ccb9e0a040a,24,routine,Affinis Freese & Nichols' $95.0M small-business A/E ceiling share in a 16-competitor Northwestern Division pool is a routine support vehicle; unlisted JV.,"[""ceiling_not_revenue"", ""multi_award_pool"", ""idiq"", ""small_business""]",2026-09-02 20:49:24,claude-haiku-4-5,3291448f11a37414d2f1d785130e63e173fbdaf0eaadb35af8a3da988660a036,sk-5d396ec5
fe962ef84a5e351b,52,notable,Boeing's $213.0M modification for P-8A reconfiguration non-recurring engineering on a Foreign Military Sale expands an existing program and signals production continuation; defines incremental work for BA at a material scale.,"[""modification"", ""fms"", ""size_vs_revenue"", ""program_continuation""]",2026-09-02 20:49:24,claude-haiku-4-5,3291448f11a37414d2f1d785130e63e173fbdaf0eaadb35af8a3da988660a036,sk-5d396ec5
fec8dcb328e2cd80,22,routine,GM Hill's $193.0M small-business construction ceiling share in a 25-company pool is an IDIQ option for routine Army facility construction.,"[""ceiling_not_revenue"", ""multi_award_pool"", ""idiq"", ""small_business""]",2026-09-02 20:49:24,claude-haiku-4-5,3291448f11a37414d2f1d785130e63e173fbdaf0eaadb35af8a3da988660a036,sk-5d396ec5
fed3ee29c67bd919,22,routine,"Low-margin IT value-added reseller pass-through for Riverbed network gear at SOCOM — World Wide Technology is private and ~$20B in revenue, and Riverbed is privately held, so there is no tradable read-through.","[""unlisted_awardee"", ""reseller_passthrough"", ""sustainment"", ""no_listed_readthrough""]",2026-09-02 20:49:24,claude-opus-5,4e22de91f5e97c72bb2157704a61bc25c55fb283da0d974c29cabd6a00478494,sk-5d396ec5
fee10ef27d2c4d72,27,routine,"Kraftia-Yabu's $1.0B share of a 14-competitor Navy Okinawa facilities IDIQ is a ceiling option for routine overseas base construction; unlisted JV, no read-through to listed prime.","[""ceiling_not_revenue"", ""multi_award_pool"", ""idiq""]",2026-09-02 20:49:24,claude-haiku-4-5,3291448f11a37414d2f1d785130e63e173fbdaf0eaadb35af8a3da988660a036,sk-5d396ec5
ff054f80992872bf,31,routine,"MCT Industries' $920.0M share of a 66-competitor Air Force aerospace equipment modernization IDIQ is a ceiling option with deep competition; unlisted awardee, no visibility to material prime impact.","[""ceiling_not_revenue"", ""multi_award_pool"", ""idiq""]",2026-09-02 20:49:24,claude-haiku-4-5,3291448f11a37414d2f1d785130e63e173fbdaf0eaadb35af8a3da988660a036,sk-5d396ec5
ff4f81eca2ecc170,44,notable,Kiewit's $700.0M share of a 13-competitor Navy pier and facilities construction IDIQ is a ceiling that preserves competitive position in naval infrastructure; KIE's 89th-percentile award maintains steady construction backlog against listed name.,"[""ceiling_not_revenue"", ""multi_award_pool"", ""program_continuation""]",2026-09-02 20:49:24,claude-haiku-4-5,3291448f11a37414d2f1d785130e63e173fbdaf0eaadb35af8a3da988660a036,sk-5d396ec5
ffa92fb4e38b7904,72,alert,"Modification adding $68.3M incremental revenue to a Navy VLS production program serving both domestic and Netherlands FMS, with high materiality if this signals accelerated procurement for next-gen destroyer programs.","[""modification_expands_program"", ""fms_content"", ""naval_production""]",2026-09-02 20:49:24,claude-haiku-4-5,d9071ecb6d508ed338c73a768f2411530d9816d53691c0c4273fbbc307b9f0ff,sk-5d396ec5
ffd8ed736a250771,28,routine,"NOC option exercise for $39.4M engineering support on SEWIP Block III, a modest increment (1.5% of contractor's window total) sustaining a known program under cost-plus pricing, immaterial to a $40B+ revenue company.","[""sustainment"", ""option_exercise"", ""small_vs_contractor""]",2026-09-02 20:49:24,claude-haiku-4-5,d9071ecb6d508ed338c73a768f2411530d9816d53691c0c4273fbbc307b9f0ff,sk-5d396ec5
fff56bcc49ee8987,15,routine,"Interior Alaska Roofing, an unlisted small business, wins one seat in a 40-bid $450M shared IDIQ ceiling for roofing services; ceiling value is not booked revenue, realistic share is ~$11M over five years, and no read-through to a listed prime is apparent.","[""ceiling_not_revenue"", ""multi_award_shared"", ""smes_capex""]",2026-09-02 20:49:24,claude-haiku-4-5,d9071ecb6d508ed338c73a768f2411530d9816d53691c0c4273fbbc307b9f0ff,sk-5d396ec5
